queue_id,date,calls_offered,calls_handled,handle_seconds,aht_seconds,event
Q-CB-CAP-01,2026-06-23,1381,1333,381439,286.1507876969242,
Q-CB-CAP-01,2026-06-24,1540,1492,451580,302.6675603217158,
Q-CB-CAP-01,2026-06-25,1689,1629,505973,310.6034376918355,
Q-CB-CAP-01,2026-06-26,1637,1575,510165,323.9142857142857,
Q-CB-CAP-01,2026-06-27,969,930,301373,324.05698924731183,
Q-CB-CAP-01,2026-06-28,896,864,264941,306.6446759259259,
Q-CB-CAP-01,2026-06-29,2148,2046,626017,305.9711632453568,
Q-CB-CAP-01,2026-06-30,2055,1973,638850,323.79624936644706,
Q-CB-CAP-01,2026-07-01,1604,1547,497384,321.5151906916613,
Q-CB-CAP-01,2026-07-02,1514,1457,450270,309.0391214824983,
Q-CB-CAP-01,2026-07-03,1645,1586,511843,322.72572509457757,
Q-CB-CAP-01,2026-07-04,727,699,207866,297.376251788269,Independence Day reduced demand
Q-CB-CAP-01,2026-07-05,785,760,262232,345.0421052631579,
Q-CB-CAP-01,2026-07-06,2575,2454,742107,302.40709046454765,Post-holiday catch-up
Q-CB-CAP-01,2026-07-07,1812,1744,500914,287.2213302752294,
Q-CB-CAP-01,2026-07-08,1690,1633,447964,274.319657072872,
Q-CB-CAP-01,2026-07-09,1785,1729,497989,288.0213996529786,
Q-CB-CAP-01,2026-07-10,1492,1435,436143,303.93240418118467,
Q-CB-CAP-01,2026-07-11,937,905,284817,314.7149171270718,
Q-CB-CAP-01,2026-07-12,808,775,217541,280.698064516129,
Q-CB-CAP-01,2026-07-13,1939,1857,558319,300.6564351103931,
Q-CB-CAP-01,2026-07-14,2003,1930,568943,294.78911917098446,
Q-CB-CAP-01,2026-07-15,1794,1719,480921,279.7678883071553,
Q-CB-CAP-01,2026-07-16,1743,1662,482939,290.57701564380267,
Q-CB-CAP-01,2026-07-17,1334,1280,370660,289.578125,
Q-CB-CAP-01,2026-07-18,941,916,257924,281.5764192139738,
Q-CB-CAP-01,2026-07-19,736,704,205055,291.2713068181818,
Q-CB-CAP-01,2026-07-20,1764,1697,481533,283.7554507955215,
Q-CB-CAP-01,2026-07-21,1472,1421,426450,300.10555946516536,
Q-CB-CAP-01,2026-07-22,1507,1446,446090,308.4993084370678,
Q-CB-CAP-01,2026-07-23,1331,1290,385370,298.73643410852713,
Q-CB-CAP-01,2026-07-24,1602,1545,457369,296.03171521035597,
Q-CB-CAP-01,2026-07-25,988,952,293462,308.25840336134456,
Q-CB-CAP-01,2026-07-26,808,771,232957,302.1491569390402,
Q-CB-CAP-01,2026-07-27,1926,1845,597275,323.72628726287263,
Q-CB-CAP-01,2026-07-28,1892,1821,551272,302.73036792970896,
Q-CB-CAP-01,2026-07-29,1857,1767,507176,287.0265987549519,
Q-CB-CAP-01,2026-07-30,1554,1497,484603,323.71609886439546,
Q-CB-CAP-01,2026-07-31,1594,1528,457015,299.0935863874345,
Q-CB-CAP-01,2026-08-01,1107,1065,336327,315.8,
Q-CB-CAP-01,2026-08-02,805,786,255563,325.1437659033079,
Q-CB-CAP-01,2026-08-03,1433,1382,434613,314.48118668596237,
Q-CB-CAP-01,2026-08-04,1763,1698,530485,312.4175500588928,
Q-CB-CAP-01,2026-08-05,1690,1627,536056,329.47510755992624,
Q-CB-CAP-01,2026-08-06,1586,1526,452395,296.4580602883355,
Q-CB-CAP-01,2026-08-07,1937,1859,575765,309.71759010220546,
Q-CB-CAP-01,2026-08-08,1093,1055,313372,297.0350710900474,
Q-CB-CAP-01,2026-08-09,681,661,193957,293.42965204236003,
Q-CB-CAP-01,2026-08-10,2022,1947,552667,283.8556753980483,
Q-CB-CAP-01,2026-08-11,1675,1613,449940,278.9460632362058,
Q-CB-CAP-01,2026-08-12,2331,2228,749736,336.5062836624776,Card notification campaign response
Q-CB-CAP-01,2026-08-13,2647,2497,808970,323.97677212655185,Card notification campaign response
Q-CB-CAP-01,2026-08-14,1669,1606,512313,318.99937733499377,
Q-CB-CAP-01,2026-08-15,905,877,246767,281.37628278221206,
Q-CB-CAP-01,2026-08-16,688,660,187525,284.1287878787879,
Q-CB-CAP-01,2026-08-17,1895,1809,528152,291.95798783858487,
Q-CB-CAP-01,2026-08-18,1521,1461,414619,283.7912388774812,
Q-CB-CAP-01,2026-08-19,1399,1352,406745,300.84689349112426,
Q-CB-CAP-01,2026-08-20,1924,1851,542280,292.96596434359805,
Q-CB-CAP-01,2026-08-21,1304,1250,391259,313.0072,
Q-CB-CAP-01,2026-08-22,979,943,291484,309.10286320254505,
Q-CB-CAP-01,2026-08-23,800,770,236977,307.76233766233764,
Q-CB-CAP-01,2026-08-24,1804,1727,512131,296.5437174290677,
Q-CB-CAP-01,2026-08-25,1977,1881,589376,313.331206804891,
Q-CB-CAP-01,2026-08-26,1842,1775,531865,299.64225352112675,
Q-CB-CAP-01,2026-08-27,1588,1544,506904,328.3056994818653,
Q-CB-CAP-01,2026-08-28,1498,1444,456676,316.25761772853184,
Q-CB-CAP-01,2026-08-29,848,814,252099,309.7039312039312,
Q-CB-CAP-01,2026-08-30,701,683,202180,296.01756954612006,
Q-CB-CAP-01,2026-08-31,1847,1783,538024,301.75210319685925,
Q-CB-CAP-01,2026-09-01,1623,1556,509156,327.2210796915167,
Q-CB-CAP-01,2026-09-02,1582,1527,471170,308.5592665356909,
Q-CB-CAP-01,2026-09-03,1887,1794,581734,324.2664437012263,
Q-CB-CAP-01,2026-09-04,1933,1860,514863,276.80806451612904,
Q-CB-CAP-01,2026-09-05,1005,968,288962,298.51446280991735,
Q-CB-CAP-01,2026-09-06,683,663,208782,314.90497737556564,
Q-CB-CAP-01,2026-09-07,983,948,285822,301.5,Labor Day reduced demand
Q-CB-CAP-01,2026-09-08,2274,2178,667017,306.25206611570246,Post-holiday catch-up
Q-CB-CAP-01,2026-09-09,1661,1605,451646,281.3993769470405,
Q-CB-CAP-01,2026-09-10,1599,1545,461481,298.69320388349513,
Q-CB-CAP-01,2026-09-11,1512,1455,430378,295.79243986254295,
Q-CB-CAP-01,2026-09-12,1078,1038,307837,296.5674373795761,
Q-CB-CAP-01,2026-09-13,905,876,272767,311.37785388127855,
Q-CB-CAP-01,2026-09-14,1845,1771,510125,288.04347826086956,
Q-CB-CAP-01,2026-09-15,2005,1917,538786,281.056859676578,
Q-CB-CAP-01,2026-09-16,1847,1769,513521,290.2888637648389,
Q-CB-CAP-01,2026-09-17,1477,1420,404955,285.17957746478874,
Q-CB-CAP-01,2026-09-18,1825,1749,514041,293.9056603773585,
Q-CB-CAP-01,2026-09-19,973,939,267752,285.1458998935037,
Q-CB-CAP-01,2026-09-20,988,952,261591,274.78046218487395,
Q-CB-CAP-01,2026-09-21,2171,2071,644439,311.17286335103813,
Q-CB-CAP-01,2026-09-22,2040,1965,604322,307.54300254452926,
Q-CB-CAP-02,2026-06-23,1004,977,394259,403.5404298874104,
Q-CB-CAP-02,2026-06-24,1075,1036,414470,400.06756756756755,
Q-CB-CAP-02,2026-06-25,1123,1078,421378,390.8886827458256,
Q-CB-CAP-02,2026-06-26,1288,1252,501113,400.25,
Q-CB-CAP-02,2026-06-27,588,570,239320,419.859649122807,
Q-CB-CAP-02,2026-06-28,444,430,170931,397.51395348837207,
Q-CB-CAP-02,2026-06-29,1233,1188,489606,412.12626262626264,
Q-CB-CAP-02,2026-06-30,1259,1209,523883,433.3192721257237,
Q-CB-CAP-02,2026-07-01,1143,1099,452200,411.4649681528662,
Q-CB-CAP-02,2026-07-02,1379,1329,552128,415.44620015048906,
Q-CB-CAP-02,2026-07-03,1167,1127,445263,395.0869565217391,
Q-CB-CAP-02,2026-07-04,304,296,116440,393.3783783783784,Independence Day reduced demand
Q-CB-CAP-02,2026-07-05,363,354,126501,357.3474576271187,
Q-CB-CAP-02,2026-07-06,1142,1098,440394,401.08743169398906,Post-holiday catch-up
Q-CB-CAP-02,2026-07-07,1061,1022,403523,394.83659491193737,
Q-CB-CAP-02,2026-07-08,1163,1124,473512,421.2740213523132,
Q-CB-CAP-02,2026-07-09,1171,1137,467652,411.30343007915565,
Q-CB-CAP-02,2026-07-10,896,874,353936,404.9610983981693,
Q-CB-CAP-02,2026-07-11,506,492,189488,385.1382113821138,
Q-CB-CAP-02,2026-07-12,517,499,193781,388.33867735470943,
Q-CB-CAP-02,2026-07-13,1128,1085,391004,360.3723502304147,
Q-CB-CAP-02,2026-07-14,976,933,364986,391.19614147909965,
Q-CB-CAP-02,2026-07-15,1209,1159,475154,409.96893874029337,
Q-CB-CAP-02,2026-07-16,1288,1237,469139,379.2554567502021,
Q-CB-CAP-02,2026-07-17,857,835,303947,364.0083832335329,
Q-CB-CAP-02,2026-07-18,680,656,268777,409.7210365853659,
Q-CB-CAP-02,2026-07-19,455,437,179310,410.3203661327231,
Q-CB-CAP-02,2026-07-20,1295,1231,467006,379.37124289195776,
Q-CB-CAP-02,2026-07-21,1099,1052,418399,397.717680608365,
Q-CB-CAP-02,2026-07-22,1097,1056,411105,389.30397727272725,
Q-CB-CAP-02,2026-07-23,931,894,350126,391.6398210290828,
Q-CB-CAP-02,2026-07-24,1021,993,384658,387.36958710976836,
Q-CB-CAP-02,2026-07-25,601,586,237567,405.40443686006824,
Q-CB-CAP-02,2026-07-26,535,514,188189,366.1264591439689,
Q-CB-CAP-02,2026-07-27,1131,1087,435937,401.0459981600736,
Q-CB-CAP-02,2026-07-28,1069,1030,409149,397.2320388349515,
Q-CB-CAP-02,2026-07-29,946,916,350701,382.8613537117904,
Q-CB-CAP-02,2026-07-30,769,743,298136,401.2597577388964,
Q-CB-CAP-02,2026-07-31,958,923,364908,395.34994582881905,
Q-CB-CAP-02,2026-08-01,586,567,231421,408.1499118165785,
Q-CB-CAP-02,2026-08-02,539,520,213055,409.72115384615387,
Q-CB-CAP-02,2026-08-03,1363,1308,570849,436.4288990825688,
Q-CB-CAP-02,2026-08-04,907,879,371480,422.61660978384526,
Q-CB-CAP-02,2026-08-05,809,783,321704,410.8607918263091,
Q-CB-CAP-02,2026-08-06,899,878,352400,401.3667425968109,
Q-CB-CAP-02,2026-08-07,1032,997,414483,415.7301905717151,
Q-CB-CAP-02,2026-08-08,633,614,238663,388.70195439739416,
Q-CB-CAP-02,2026-08-09,469,453,159247,351.53863134657837,
Q-CB-CAP-02,2026-08-10,1144,1094,434833,397.4707495429616,
Q-CB-CAP-02,2026-08-11,1013,980,373572,381.19591836734696,
Q-CB-CAP-02,2026-08-12,1179,1117,484359,433.62488809310656,Card notification campaign response
Q-CB-CAP-02,2026-08-13,1479,1409,596413,423.28814762242723,Card notification campaign response
Q-CB-CAP-02,2026-08-14,1072,1036,398995,385.13030888030886,
Q-CB-CAP-02,2026-08-15,722,699,247375,353.89842632331903,
Q-CB-CAP-02,2026-08-16,518,496,197242,397.6653225806452,
Q-CB-CAP-02,2026-08-17,1106,1067,432666,405.49765698219306,
Q-CB-CAP-02,2026-08-18,810,779,286901,368.29396662387677,
Q-CB-CAP-02,2026-08-19,813,779,311611,400.0141206675225,
Q-CB-CAP-02,2026-08-20,955,922,348360,377.8308026030369,
Q-CB-CAP-02,2026-08-21,832,798,303109,379.8358395989975,
Q-CB-CAP-02,2026-08-22,766,740,287047,387.90135135135137,
Q-CB-CAP-02,2026-08-23,572,559,223641,400.0733452593918,
Q-CB-CAP-02,2026-08-24,1278,1228,470667,383.2793159609121,
Q-CB-CAP-02,2026-08-25,1251,1201,445062,370.5761865112406,
Q-CB-CAP-02,2026-08-26,1151,1108,476801,430.3258122743682,
Q-CB-CAP-02,2026-08-27,777,752,311310,413.9760638297872,
Q-CB-CAP-02,2026-08-28,833,800,338156,422.695,
Q-CB-CAP-02,2026-08-29,599,580,232975,401.6810344827586,
Q-CB-CAP-02,2026-08-30,482,461,180353,391.22125813449026,
Q-CB-CAP-02,2026-08-31,1148,1110,440323,396.6873873873874,
Q-CB-CAP-02,2026-09-01,1426,1366,572754,419.2928257686676,
Q-CB-CAP-02,2026-09-02,1186,1149,440564,383.4325500435161,
Q-CB-CAP-02,2026-09-03,977,935,380789,407.2609625668449,
Q-CB-CAP-02,2026-09-04,1003,970,404292,416.79587628865977,
Q-CB-CAP-02,2026-09-05,631,604,246366,407.8907284768212,
Q-CB-CAP-02,2026-09-06,508,484,187981,388.3904958677686,
Q-CB-CAP-02,2026-09-07,782,755,293286,388.4582781456954,Labor Day reduced demand
Q-CB-CAP-02,2026-09-08,1348,1296,507730,391.766975308642,Post-holiday catch-up
Q-CB-CAP-02,2026-09-09,831,806,299966,372.16625310173697,
Q-CB-CAP-02,2026-09-10,1116,1075,413181,384.3544186046512,
Q-CB-CAP-02,2026-09-11,908,878,327279,372.755125284738,
Q-CB-CAP-02,2026-09-12,570,555,200590,361.4234234234234,
Q-CB-CAP-02,2026-09-13,483,469,176438,376.2004264392324,
Q-CB-CAP-02,2026-09-14,1372,1320,501641,380.0310606060606,
Q-CB-CAP-02,2026-09-15,1355,1301,473322,363.81398923904686,
Q-CB-CAP-02,2026-09-16,1213,1169,463344,396.35928143712573,
Q-CB-CAP-02,2026-09-17,771,737,287332,389.86702849389417,
Q-CB-CAP-02,2026-09-18,920,892,347957,390.08632286995515,
Q-CB-CAP-02,2026-09-19,549,537,206405,384.366852886406,
Q-CB-CAP-02,2026-09-20,473,457,174858,382.6214442013129,
Q-CB-CAP-02,2026-09-21,1360,1306,544969,417.281010719755,
Q-CB-CAP-02,2026-09-22,1410,1348,559901,415.356824925816,
Q-CB-CAP-03,2026-06-23,1056,1007,353711,351.2522343594836,
Q-CB-CAP-03,2026-06-24,964,932,326807,350.65128755364805,
Q-CB-CAP-03,2026-06-25,1081,1043,436259,418.2732502396932,
Q-CB-CAP-03,2026-06-26,969,938,370306,394.7825159914712,
Q-CB-CAP-03,2026-06-27,653,627,237557,378.8787878787879,
Q-CB-CAP-03,2026-06-28,424,407,147859,363.2899262899263,
Q-CB-CAP-03,2026-06-29,1083,1045,373962,357.8583732057416,
Q-CB-CAP-03,2026-06-30,1204,1162,445151,383.0903614457831,
Q-CB-CAP-03,2026-07-01,1033,994,373135,375.38732394366195,
Q-CB-CAP-03,2026-07-02,1030,980,395508,403.5795918367347,
Q-CB-CAP-03,2026-07-03,998,963,357832,371.5804776739356,
Q-CB-CAP-03,2026-07-04,377,367,128291,349.566757493188,Independence Day reduced demand
Q-CB-CAP-03,2026-07-05,481,464,171425,369.45043103448273,
Q-CB-CAP-03,2026-07-06,1758,1693,612428,361.7412876550502,Post-holiday catch-up
Q-CB-CAP-03,2026-07-07,1123,1077,386080,358.47725162488393,
Q-CB-CAP-03,2026-07-08,1250,1202,429821,357.5881863560732,
Q-CB-CAP-03,2026-07-09,1177,1145,398867,348.35545851528383,
Q-CB-CAP-03,2026-07-10,1002,962,343155,356.7099792099792,
Q-CB-CAP-03,2026-07-11,526,505,180111,356.6554455445545,
Q-CB-CAP-03,2026-07-12,451,433,155074,358.1385681293303,
Q-CB-CAP-03,2026-07-13,1094,1052,355569,337.99334600760454,
Q-CB-CAP-03,2026-07-14,1115,1090,389632,357.4605504587156,
Q-CB-CAP-03,2026-07-15,1125,1079,387722,359.3345690454124,
Q-CB-CAP-03,2026-07-16,1116,1076,377679,351.00278810408923,
Q-CB-CAP-03,2026-07-17,995,962,350867,364.7266112266112,
Q-CB-CAP-03,2026-07-18,569,542,182425,336.57749077490774,
Q-CB-CAP-03,2026-07-19,472,454,165808,365.215859030837,
Q-CB-CAP-03,2026-07-20,1240,1188,441380,371.53198653198655,
Q-CB-CAP-03,2026-07-21,1055,1015,341590,336.5418719211823,
Q-CB-CAP-03,2026-07-22,987,952,328440,345.0,
Q-CB-CAP-03,2026-07-23,951,919,330499,359.62894450489665,
Q-CB-CAP-03,2026-07-24,1224,1175,412768,351.29191489361705,
Q-CB-CAP-03,2026-07-25,705,685,254826,372.0087591240876,
Q-CB-CAP-03,2026-07-26,594,569,243923,428.6871704745167,
Q-CB-CAP-03,2026-07-27,1280,1230,441099,358.6170731707317,
Q-CB-CAP-03,2026-07-28,1144,1103,392351,355.7126019945603,
Q-CB-CAP-03,2026-07-29,1373,1316,496993,377.65425531914894,
Q-CB-CAP-03,2026-07-30,1310,1259,472006,374.9054805401112,
Q-CB-CAP-03,2026-07-31,1155,1104,396280,358.9492753623188,
Q-CB-CAP-03,2026-08-01,639,620,221963,358.0048387096774,
Q-CB-CAP-03,2026-08-02,481,465,177977,382.7462365591398,
Q-CB-CAP-03,2026-08-03,1310,1269,492506,388.10559495665876,
Q-CB-CAP-03,2026-08-04,1039,998,358352,359.07014028056113,
Q-CB-CAP-03,2026-08-05,1064,1018,382687,375.9204322200393,
Q-CB-CAP-03,2026-08-06,978,940,341999,363.8287234042553,
Q-CB-CAP-03,2026-08-07,993,961,324994,338.1831425598335,
Q-CB-CAP-03,2026-08-08,871,846,299231,353.70094562647756,
Q-CB-CAP-03,2026-08-09,497,484,177012,365.72727272727275,
Q-CB-CAP-03,2026-08-10,1393,1338,457213,341.7137518684604,
Q-CB-CAP-03,2026-08-11,1112,1073,373384,347.98136067101586,
Q-CB-CAP-03,2026-08-12,1475,1406,545087,387.68634423897583,Card notification campaign response
Q-CB-CAP-03,2026-08-13,1624,1530,557076,364.10196078431375,Card notification campaign response
Q-CB-CAP-03,2026-08-14,1238,1183,355758,300.72527472527474,
Q-CB-CAP-03,2026-08-15,650,624,212476,340.5064102564103,
Q-CB-CAP-03,2026-08-16,531,515,176538,342.79223300970875,
Q-CB-CAP-03,2026-08-17,1386,1313,465979,354.8964204112719,
Q-CB-CAP-03,2026-08-18,1366,1308,445618,340.68654434250766,
Q-CB-CAP-03,2026-08-19,1036,1007,345968,343.5630585898709,
Q-CB-CAP-03,2026-08-20,1080,1033,337187,326.41529525653436,
Q-CB-CAP-03,2026-08-21,1095,1049,369197,351.95138226882744,
Q-CB-CAP-03,2026-08-22,681,669,240228,359.085201793722,
Q-CB-CAP-03,2026-08-23,530,511,185319,362.6594911937378,
Q-CB-CAP-03,2026-08-24,1300,1250,449039,359.2312,
Q-CB-CAP-03,2026-08-25,1389,1332,481582,361.54804804804803,
Q-CB-CAP-03,2026-08-26,1131,1086,424881,391.2348066298343,
Q-CB-CAP-03,2026-08-27,863,840,302336,359.9238095238095,
Q-CB-CAP-03,2026-08-28,944,903,337468,373.718715393134,
Q-CB-CAP-03,2026-08-29,608,587,218000,371.3798977853492,
Q-CB-CAP-03,2026-08-30,543,521,197478,379.03646833013437,
Q-CB-CAP-03,2026-08-31,1182,1143,419967,367.4251968503937,
Q-CB-CAP-03,2026-09-01,1108,1066,424272,398.0037523452158,
Q-CB-CAP-03,2026-09-02,964,935,341075,364.7860962566845,
Q-CB-CAP-03,2026-09-03,1286,1245,434460,348.96385542168673,
Q-CB-CAP-03,2026-09-04,1129,1081,404877,374.53931544865867,
Q-CB-CAP-03,2026-09-05,723,698,265105,379.80659025787963,
Q-CB-CAP-03,2026-09-06,473,459,173435,377.8540305010893,
Q-CB-CAP-03,2026-09-07,886,863,304398,352.720741599073,Labor Day reduced demand
Q-CB-CAP-03,2026-09-08,1503,1434,533350,371.93165969316595,Post-holiday catch-up
Q-CB-CAP-03,2026-09-09,960,921,335588,364.37350705754614,
Q-CB-CAP-03,2026-09-10,1030,996,363529,364.98895582329317,
Q-CB-CAP-03,2026-09-11,926,904,302057,334.1338495575221,
Q-CB-CAP-03,2026-09-12,738,712,237766,333.94101123595505,
Q-CB-CAP-03,2026-09-13,590,565,191092,338.2159292035398,
Q-CB-CAP-03,2026-09-14,1501,1429,525635,367.8341497550735,
Q-CB-CAP-03,2026-09-15,1670,1580,519275,328.65506329113924,
Q-CB-CAP-03,2026-09-16,1398,1321,469115,355.1211203633611,
Q-CB-CAP-03,2026-09-17,1002,976,341290,349.68237704918033,
Q-CB-CAP-03,2026-09-18,1068,1024,357430,349.052734375,
Q-CB-CAP-03,2026-09-19,739,725,265204,365.7986206896552,
Q-CB-CAP-03,2026-09-20,574,557,176775,317.3698384201077,
Q-CB-CAP-03,2026-09-21,1168,1125,409981,364.42755555555556,
Q-CB-CAP-03,2026-09-22,1295,1248,479825,384.4751602564103,
Q-CB-CAP-04,2026-06-23,1249,1202,544738,453.1930116472546,
Q-CB-CAP-04,2026-06-24,1143,1099,466848,424.7934485896269,
Q-CB-CAP-04,2026-06-25,1240,1190,507537,426.5016806722689,
Q-CB-CAP-04,2026-06-26,1327,1280,537238,419.7171875,
Q-CB-CAP-04,2026-06-27,700,681,294137,431.9192364170338,
Q-CB-CAP-04,2026-06-28,495,478,207208,433.489539748954,
Q-CB-CAP-04,2026-06-29,1209,1176,515675,438.4991496598639,
Q-CB-CAP-04,2026-06-30,1293,1243,532405,428.3226065969429,
Q-CB-CAP-04,2026-07-01,1474,1404,587913,418.741452991453,
Q-CB-CAP-04,2026-07-02,1539,1487,627675,422.1082716879623,
Q-CB-CAP-04,2026-07-03,1247,1203,509701,423.69160432252704,
Q-CB-CAP-04,2026-07-04,458,433,176599,407.84988452655887,Independence Day reduced demand
Q-CB-CAP-04,2026-07-05,497,479,207581,433.3632567849687,
Q-CB-CAP-04,2026-07-06,1601,1519,636226,418.84529295589203,Post-holiday catch-up
Q-CB-CAP-04,2026-07-07,1381,1336,540948,404.9011976047904,
Q-CB-CAP-04,2026-07-08,1081,1036,438889,423.63803088803087,
Q-CB-CAP-04,2026-07-09,1119,1072,435385,406.14272388059703,
Q-CB-CAP-04,2026-07-10,1320,1265,518634,409.98735177865615,
Q-CB-CAP-04,2026-07-11,792,766,329845,430.6070496083551,
Q-CB-CAP-04,2026-07-12,609,584,242264,414.83561643835617,
Q-CB-CAP-04,2026-07-13,1951,1855,749368,403.97196765498654,
Q-CB-CAP-04,2026-07-14,1558,1484,598454,403.27088948787065,
Q-CB-CAP-04,2026-07-15,1556,1503,676474,450.08250166334,
Q-CB-CAP-04,2026-07-16,1522,1461,587430,402.07392197125256,
Q-CB-CAP-04,2026-07-17,1131,1089,450539,413.71808999081725,
Q-CB-CAP-04,2026-07-18,799,768,303275,394.8893229166667,
Q-CB-CAP-04,2026-07-19,666,645,256040,396.9612403100775,
Q-CB-CAP-04,2026-07-20,1246,1200,483927,403.2725,
Q-CB-CAP-04,2026-07-21,982,953,393684,413.099685204617,
Q-CB-CAP-04,2026-07-22,1063,1037,449660,433.6162005785921,
Q-CB-CAP-04,2026-07-23,1211,1177,487256,413.98130841121497,
Q-CB-CAP-04,2026-07-24,1447,1400,583664,416.90285714285716,
Q-CB-CAP-04,2026-07-25,689,671,278739,415.40834575260806,
Q-CB-CAP-04,2026-07-26,553,530,232627,438.9188679245283,
Q-CB-CAP-04,2026-07-27,1223,1178,489115,415.20797962648555,
Q-CB-CAP-04,2026-07-28,1178,1126,512495,455.14653641207815,
Q-CB-CAP-04,2026-07-29,1196,1159,499699,431.14667817083694,
Q-CB-CAP-04,2026-07-30,1097,1063,442111,415.9087488240828,
Q-CB-CAP-04,2026-07-31,987,957,425511,444.63009404388714,
Q-CB-CAP-04,2026-08-01,794,767,345672,450.6805736636245,
Q-CB-CAP-04,2026-08-02,620,600,263865,439.775,
Q-CB-CAP-04,2026-08-03,1435,1381,575665,416.8464880521361,
Q-CB-CAP-04,2026-08-04,1239,1199,529770,441.84320266889074,
Q-CB-CAP-04,2026-08-05,1070,1039,432732,416.4889316650626,
Q-CB-CAP-04,2026-08-06,965,926,392742,424.1274298056156,
Q-CB-CAP-04,2026-08-07,1135,1089,513094,471.1606978879706,
Q-CB-CAP-04,2026-08-08,673,646,255476,395.4736842105263,
Q-CB-CAP-04,2026-08-09,548,527,204164,387.4079696394687,
Q-CB-CAP-04,2026-08-10,1528,1466,578321,394.4890859481583,
Q-CB-CAP-04,2026-08-11,1456,1381,586209,424.4815351194786,
Q-CB-CAP-04,2026-08-12,1485,1435,676792,471.63205574912894,Card notification campaign response
Q-CB-CAP-04,2026-08-13,1576,1513,634501,419.3661599471249,Card notification campaign response
Q-CB-CAP-04,2026-08-14,1511,1429,664579,465.06578026592024,
Q-CB-CAP-04,2026-08-15,967,932,381512,409.3476394849785,
Q-CB-CAP-04,2026-08-16,612,588,225265,383.1037414965986,
Q-CB-CAP-04,2026-08-17,1443,1392,644665,463.12140804597703,
Q-CB-CAP-04,2026-08-18,1243,1199,511980,427.00583819849874,
Q-CB-CAP-04,2026-08-19,1111,1076,497328,462.2007434944238,
Q-CB-CAP-04,2026-08-20,1330,1272,506422,398.1305031446541,
Q-CB-CAP-04,2026-08-21,980,943,377356,400.16542948038176,
Q-CB-CAP-04,2026-08-22,749,730,314535,430.86986301369865,
Q-CB-CAP-04,2026-08-23,579,555,249924,450.3135135135135,
Q-CB-CAP-04,2026-08-24,1494,1433,595404,415.4947662247034,
Q-CB-CAP-04,2026-08-25,1353,1311,552258,421.24942791762015,
Q-CB-CAP-04,2026-08-26,1079,1052,476198,452.6596958174905,
Q-CB-CAP-04,2026-08-27,1097,1055,437473,414.6663507109005,
Q-CB-CAP-04,2026-08-28,980,951,409883,431.00210304942163,
Q-CB-CAP-04,2026-08-29,631,610,264912,434.28196721311474,
Q-CB-CAP-04,2026-08-30,447,433,185454,428.3002309468822,
Q-CB-CAP-04,2026-08-31,1296,1256,570948,454.57643312101914,
Q-CB-CAP-04,2026-09-01,1612,1538,644370,418.9661898569571,
Q-CB-CAP-04,2026-09-02,1330,1275,578370,453.6235294117647,
Q-CB-CAP-04,2026-09-03,1546,1498,642283,428.760347129506,
Q-CB-CAP-04,2026-09-04,1084,1056,437466,414.26704545454544,
Q-CB-CAP-04,2026-09-05,580,559,222636,398.27549194991053,
Q-CB-CAP-04,2026-09-06,534,514,218507,425.1108949416342,
Q-CB-CAP-04,2026-09-07,788,760,315945,415.7171052631579,Labor Day reduced demand
Q-CB-CAP-04,2026-09-08,1666,1600,667003,416.876875,Post-holiday catch-up
Q-CB-CAP-04,2026-09-09,1465,1417,604105,426.3267466478476,
Q-CB-CAP-04,2026-09-10,1250,1215,472228,388.66502057613167,
Q-CB-CAP-04,2026-09-11,1078,1039,411365,395.92396535129933,
Q-CB-CAP-04,2026-09-12,676,649,262373,404.27272727272725,
Q-CB-CAP-04,2026-09-13,486,469,176985,377.36673773987206,
Q-CB-CAP-04,2026-09-14,1234,1193,522321,437.82145850796314,
Q-CB-CAP-04,2026-09-15,1359,1308,525356,401.64831804281346,
Q-CB-CAP-04,2026-09-16,1543,1483,607722,409.7923128792987,
Q-CB-CAP-04,2026-09-17,1097,1059,467665,441.61000944287065,
Q-CB-CAP-04,2026-09-18,1066,1027,443700,432.03505355404087,
Q-CB-CAP-04,2026-09-19,668,648,258605,399.0817901234568,
Q-CB-CAP-04,2026-09-20,481,471,205047,435.343949044586,
Q-CB-CAP-04,2026-09-21,1411,1361,566046,415.9044819985305,
Q-CB-CAP-04,2026-09-22,951,931,392520,421.61117078410314,
Q-CB-CAP-05,2026-06-23,916,868,562789,648.3744239631336,
Q-CB-CAP-05,2026-06-24,915,877,530533,604.9407069555302,
Q-CB-CAP-05,2026-06-25,842,809,499586,617.5352286773795,
Q-CB-CAP-05,2026-06-26,931,900,574301,638.1122222222223,
Q-CB-CAP-05,2026-06-27,452,444,262967,592.268018018018,
Q-CB-CAP-05,2026-06-28,369,361,218026,603.9501385041551,
Q-CB-CAP-05,2026-06-29,997,952,599188,629.3991596638656,
Q-CB-CAP-05,2026-06-30,814,777,509598,655.8532818532818,
Q-CB-CAP-05,2026-07-01,915,880,567151,644.4897727272727,
Q-CB-CAP-05,2026-07-02,809,775,483826,624.2916129032258,
Q-CB-CAP-05,2026-07-03,813,783,486537,621.3754789272031,
Q-CB-CAP-05,2026-07-04,314,307,189722,617.9869706840391,Independence Day reduced demand
Q-CB-CAP-05,2026-07-05,323,311,185472,596.3729903536978,
Q-CB-CAP-05,2026-07-06,1107,1063,691771,650.7723424270931,Post-holiday catch-up
Q-CB-CAP-05,2026-07-07,849,826,515545,624.1464891041162,
Q-CB-CAP-05,2026-07-08,875,836,527713,631.2356459330143,
Q-CB-CAP-05,2026-07-09,871,836,459248,549.3397129186603,
Q-CB-CAP-05,2026-07-10,761,731,439807,601.6511627906976,
Q-CB-CAP-05,2026-07-11,421,405,249620,616.3456790123457,
Q-CB-CAP-05,2026-07-12,407,394,240061,609.2918781725888,
Q-CB-CAP-05,2026-07-13,905,873,540744,619.4089347079038,
Q-CB-CAP-05,2026-07-14,824,792,442682,558.9419191919192,
Q-CB-CAP-05,2026-07-15,915,885,492675,556.6949152542373,
Q-CB-CAP-05,2026-07-16,901,871,519508,596.4500574052813,
Q-CB-CAP-05,2026-07-17,771,745,454079,609.5020134228188,
Q-CB-CAP-05,2026-07-18,541,522,302654,579.7969348659004,
Q-CB-CAP-05,2026-07-19,378,367,212138,578.0326975476839,
Q-CB-CAP-05,2026-07-20,962,928,540524,582.4612068965517,
Q-CB-CAP-05,2026-07-21,841,814,508595,624.8095823095823,
Q-CB-CAP-05,2026-07-22,828,801,463242,578.3295880149813,
Q-CB-CAP-05,2026-07-23,816,796,489921,615.4786432160804,
Q-CB-CAP-05,2026-07-24,1047,1008,640491,635.4077380952381,
Q-CB-CAP-05,2026-07-25,670,633,371020,586.129541864139,
Q-CB-CAP-05,2026-07-26,443,418,244329,584.5191387559809,
Q-CB-CAP-05,2026-07-27,1091,1054,622066,590.1954459203037,
Q-CB-CAP-05,2026-07-28,943,906,575966,635.7240618101546,
Q-CB-CAP-05,2026-07-29,869,835,540971,647.8694610778443,
Q-CB-CAP-05,2026-07-30,714,690,437212,633.640579710145,
Q-CB-CAP-05,2026-07-31,915,893,577184,646.3426651735722,
Q-CB-CAP-05,2026-08-01,543,526,366622,697.0,
Q-CB-CAP-05,2026-08-02,346,333,211872,636.2522522522522,
Q-CB-CAP-05,2026-08-03,1073,1038,641479,617.995183044316,
Q-CB-CAP-05,2026-08-04,899,853,470947,552.1066822977725,
Q-CB-CAP-05,2026-08-05,794,769,476107,619.1248374512354,
Q-CB-CAP-05,2026-08-06,823,797,489091,613.6649937264742,
Q-CB-CAP-05,2026-08-07,883,847,497850,587.780401416765,
Q-CB-CAP-05,2026-08-08,599,578,345082,597.0276816608997,
Q-CB-CAP-05,2026-08-09,425,416,263709,633.9158653846154,
Q-CB-CAP-05,2026-08-10,780,753,432816,574.7888446215139,
Q-CB-CAP-05,2026-08-11,764,741,433063,584.4304993252362,
Q-CB-CAP-05,2026-08-12,1022,983,634501,645.4740590030519,Card notification campaign response
Q-CB-CAP-05,2026-08-13,1497,1420,874082,615.5507042253521,Card notification campaign response
Q-CB-CAP-05,2026-08-14,917,893,481204,538.8622620380739,
Q-CB-CAP-05,2026-08-15,530,517,306127,592.1218568665378,
Q-CB-CAP-05,2026-08-16,348,337,209364,621.2581602373888,
Q-CB-CAP-05,2026-08-17,1187,1148,700971,610.6019163763066,
Q-CB-CAP-05,2026-08-18,1071,1022,625486,612.0215264187867,
Q-CB-CAP-05,2026-08-19,961,931,553816,594.8614393125671,
Q-CB-CAP-05,2026-08-20,1153,1113,617359,554.6801437556154,
Q-CB-CAP-05,2026-08-21,881,848,507104,598.0,
Q-CB-CAP-05,2026-08-22,616,596,349178,585.8691275167786,
Q-CB-CAP-05,2026-08-23,481,467,282962,605.9143468950749,
Q-CB-CAP-05,2026-08-24,1191,1129,700922,620.8343666961913,
Q-CB-CAP-05,2026-08-25,1112,1073,644475,600.6290773532153,
Q-CB-CAP-05,2026-08-26,1025,970,620530,639.7216494845361,
Q-CB-CAP-05,2026-08-27,863,828,509797,615.6968599033817,
Q-CB-CAP-05,2026-08-28,954,925,569004,615.1394594594594,
Q-CB-CAP-05,2026-08-29,645,621,380707,613.0547504025765,
Q-CB-CAP-05,2026-08-30,464,447,291290,651.65548098434,
Q-CB-CAP-05,2026-08-31,1138,1084,697150,643.1273062730627,
Q-CB-CAP-05,2026-09-01,873,845,535167,633.3337278106509,
Q-CB-CAP-05,2026-09-02,805,762,467848,613.9737532808399,
Q-CB-CAP-05,2026-09-03,914,884,533309,603.2907239819004,
Q-CB-CAP-05,2026-09-04,707,682,427671,627.08357771261,
Q-CB-CAP-05,2026-09-05,418,407,256651,630.5921375921376,
Q-CB-CAP-05,2026-09-06,370,352,215175,611.2926136363636,
Q-CB-CAP-05,2026-09-07,639,612,356424,582.3921568627451,Labor Day reduced demand
Q-CB-CAP-05,2026-09-08,1144,1086,621386,572.1786372007366,Post-holiday catch-up
Q-CB-CAP-05,2026-09-09,833,805,490463,609.2708074534162,
Q-CB-CAP-05,2026-09-10,1107,1069,675751,632.133769878391,
Q-CB-CAP-05,2026-09-11,1132,1087,661454,608.5133394664214,
Q-CB-CAP-05,2026-09-12,599,587,353670,602.5042589437819,
Q-CB-CAP-05,2026-09-13,459,449,274586,611.5501113585746,
Q-CB-CAP-05,2026-09-14,1217,1151,642995,558.6403127715031,
Q-CB-CAP-05,2026-09-15,917,888,493971,556.2736486486486,
Q-CB-CAP-05,2026-09-16,1037,993,596958,601.1661631419939,
Q-CB-CAP-05,2026-09-17,849,813,510684,628.1476014760148,
Q-CB-CAP-05,2026-09-18,1044,996,546195,548.3885542168674,
Q-CB-CAP-05,2026-09-19,519,497,303254,610.169014084507,
Q-CB-CAP-05,2026-09-20,401,386,241259,625.0233160621761,
Q-CB-CAP-05,2026-09-21,1025,990,577649,583.4838383838384,
Q-CB-CAP-05,2026-09-22,1137,1092,636637,583.0009157509157,
Q-CB-DAS-01,2026-06-23,1107,1079,363313,336.7126969416126,
Q-CB-DAS-01,2026-06-24,1116,1087,371638,341.89328426862926,
Q-CB-DAS-01,2026-06-25,1197,1147,373984,326.05405405405406,
Q-CB-DAS-01,2026-06-26,1200,1154,388660,336.7937608318891,
Q-CB-DAS-01,2026-06-27,618,597,198884,333.1390284757119,
Q-CB-DAS-01,2026-06-28,501,483,177185,366.84265010351965,
Q-CB-DAS-01,2026-06-29,1470,1417,464700,327.94636556104444,
Q-CB-DAS-01,2026-06-30,1367,1306,428598,328.1761102603369,
Q-CB-DAS-01,2026-07-01,1471,1415,503863,356.086925795053,
Q-CB-DAS-01,2026-07-02,1254,1200,417816,348.18,
Q-CB-DAS-01,2026-07-03,1254,1214,416846,343.3657331136738,
Q-CB-DAS-01,2026-07-04,384,369,123714,335.2682926829268,Independence Day reduced demand
Q-CB-DAS-01,2026-07-05,429,416,140583,337.93990384615387,
Q-CB-DAS-01,2026-07-06,1441,1391,467834,336.3292595255212,Post-holiday catch-up
Q-CB-DAS-01,2026-07-07,1136,1104,370339,335.4519927536232,
Q-CB-DAS-01,2026-07-08,1282,1216,431039,354.47286184210526,
Q-CB-DAS-01,2026-07-09,1102,1061,349219,329.14137606032045,
Q-CB-DAS-01,2026-07-10,1147,1090,360402,330.6440366972477,
Q-CB-DAS-01,2026-07-11,559,543,174611,321.56721915285453,
Q-CB-DAS-01,2026-07-12,434,425,136137,320.32235294117646,
Q-CB-DAS-01,2026-07-13,1191,1137,372856,327.92963940193493,
Q-CB-DAS-01,2026-07-14,1496,1437,471447,328.07724425887267,
Q-CB-DAS-01,2026-07-15,1318,1262,394278,312.4231378763867,
Q-CB-DAS-01,2026-07-16,1429,1377,442623,321.44008714596947,
Q-CB-DAS-01,2026-07-17,1306,1243,376550,302.9364440868866,
Q-CB-DAS-01,2026-07-18,821,786,246031,313.0165394402036,
Q-CB-DAS-01,2026-07-19,552,527,158879,301.47817836812146,
Q-CB-DAS-01,2026-07-20,1414,1354,440183,325.0982274741507,
Q-CB-DAS-01,2026-07-21,1324,1274,408468,320.61852433281007,
Q-CB-DAS-01,2026-07-22,1113,1076,368883,342.82806691449815,
Q-CB-DAS-01,2026-07-23,1068,1042,348005,333.97792706333973,
Q-CB-DAS-01,2026-07-24,1167,1122,365496,325.75401069518716,
Q-CB-DAS-01,2026-07-25,772,750,268928,358.5706666666667,
Q-CB-DAS-01,2026-07-26,744,720,245274,340.65833333333336,
Q-CB-DAS-01,2026-07-27,1342,1302,445144,341.89247311827955,
Q-CB-DAS-01,2026-07-28,1337,1276,435508,341.30721003134795,
Q-CB-DAS-01,2026-07-29,1380,1335,476995,357.2996254681648,
Q-CB-DAS-01,2026-07-30,1253,1200,404617,337.18083333333334,
Q-CB-DAS-01,2026-07-31,1199,1151,403373,350.4543874891399,
Q-CB-DAS-01,2026-08-01,860,824,269482,327.04126213592235,
Q-CB-DAS-01,2026-08-02,577,553,196657,355.61844484629296,
Q-CB-DAS-01,2026-08-03,1571,1509,549894,364.4095427435388,
Q-CB-DAS-01,2026-08-04,1583,1510,484584,320.91655629139075,
Q-CB-DAS-01,2026-08-05,1252,1217,389691,320.2062448644207,
Q-CB-DAS-01,2026-08-06,1178,1136,392720,345.7042253521127,
Q-CB-DAS-01,2026-08-07,1216,1172,407937,348.0691126279863,
Q-CB-DAS-01,2026-08-08,735,712,242337,340.36095505617976,
Q-CB-DAS-01,2026-08-09,516,506,157477,311.2193675889328,
Q-CB-DAS-01,2026-08-10,1200,1155,370107,320.43896103896105,
Q-CB-DAS-01,2026-08-11,1046,1010,329991,326.72376237623763,
Q-CB-DAS-01,2026-08-12,1094,1050,331765,315.96666666666664,
Q-CB-DAS-01,2026-08-13,1340,1284,418110,325.63084112149534,
Q-CB-DAS-01,2026-08-14,1439,1379,483291,350.464829586657,
Q-CB-DAS-01,2026-08-15,1077,1039,322614,310.5043310875842,
Q-CB-DAS-01,2026-08-16,666,646,209876,324.8854489164087,
Q-CB-DAS-01,2026-08-17,1364,1310,427199,326.106106870229,
Q-CB-DAS-01,2026-08-18,967,930,293329,315.40752688172046,
Q-CB-DAS-01,2026-08-19,1125,1098,356985,325.12295081967216,
Q-CB-DAS-01,2026-08-20,1052,1013,349519,345.0335636722606,
Q-CB-DAS-01,2026-08-21,1075,1031,354193,343.5431619786615,
Q-CB-DAS-01,2026-08-22,601,579,188581,325.70120898100174,
Q-CB-DAS-01,2026-08-23,629,600,190425,317.375,
Q-CB-DAS-01,2026-08-24,1397,1344,428509,318.8311011904762,
Q-CB-DAS-01,2026-08-25,1420,1358,473218,348.4668630338733,
Q-CB-DAS-01,2026-08-26,1383,1332,465043,349.1313813813814,
Q-CB-DAS-01,2026-08-27,1042,991,327990,330.96871846619575,
Q-CB-DAS-01,2026-08-28,1420,1376,501188,364.23546511627904,
Q-CB-DAS-01,2026-08-29,679,658,237072,360.2917933130699,
Q-CB-DAS-01,2026-08-30,561,543,178090,327.9742173112339,
Q-CB-DAS-01,2026-08-31,1481,1410,471111,334.1212765957447,
Q-CB-DAS-01,2026-09-01,1541,1476,511405,346.48035230352303,
Q-CB-DAS-01,2026-09-02,1455,1397,485400,347.4588403722262,
Q-CB-DAS-01,2026-09-03,1441,1386,469518,338.75757575757575,
Q-CB-DAS-01,2026-09-04,1275,1226,411939,336.00244698205546,
Q-CB-DAS-01,2026-09-05,762,741,240414,324.44534412955466,
Q-CB-DAS-01,2026-09-06,560,541,189088,349.51571164510165,
Q-CB-DAS-01,2026-09-07,1026,992,326430,329.0625,Labor Day reduced demand
Q-CB-DAS-01,2026-09-08,1428,1375,445841,324.248,Post-holiday catch-up
Q-CB-DAS-01,2026-09-09,1240,1186,378621,319.24198988195616,
Q-CB-DAS-01,2026-09-10,1111,1066,364265,341.7120075046904,
Q-CB-DAS-01,2026-09-11,1043,1009,321657,318.78790882061446,
Q-CB-DAS-01,2026-09-12,705,680,218914,321.9323529411765,
Q-CB-DAS-01,2026-09-13,556,539,163287,302.9443413729128,
Q-CB-DAS-01,2026-09-14,1400,1353,455815,336.8920916481892,
Q-CB-DAS-01,2026-09-15,1340,1293,410043,317.12529002320184,
Q-CB-DAS-01,2026-09-16,1488,1429,465901,326.0328901329601,
Q-CB-DAS-01,2026-09-17,1143,1100,346851,315.3190909090909,
Q-CB-DAS-01,2026-09-18,1229,1187,385842,325.0564448188711,
Q-CB-DAS-01,2026-09-19,802,781,264294,338.40460947503203,
Q-CB-DAS-01,2026-09-20,552,532,172496,324.2406015037594,
Q-CB-DAS-01,2026-09-21,1385,1327,427506,322.15975885455913,
Q-CB-DAS-01,2026-09-22,1313,1268,401190,316.3958990536278,
Q-CB-DAS-02,2026-06-23,938,910,311424,342.2241758241758,
Q-CB-DAS-02,2026-06-24,965,931,335942,360.83995703544576,
Q-CB-DAS-02,2026-06-25,1000,964,355057,368.3163900414938,
Q-CB-DAS-02,2026-06-26,973,920,349761,380.175,
Q-CB-DAS-02,2026-06-27,573,551,205190,372.3956442831216,
Q-CB-DAS-02,2026-06-28,497,483,189463,392.26293995859214,
Q-CB-DAS-02,2026-06-29,1125,1076,404371,375.8094795539034,
Q-CB-DAS-02,2026-06-30,1300,1240,475421,383.4040322580645,
Q-CB-DAS-02,2026-07-01,978,939,356962,380.15122470713527,
Q-CB-DAS-02,2026-07-02,1103,1066,379432,355.93996247654786,
Q-CB-DAS-02,2026-07-03,834,807,301043,373.03965303593554,
Q-CB-DAS-02,2026-07-04,315,304,111977,368.3453947368421,Independence Day reduced demand
Q-CB-DAS-02,2026-07-05,364,351,132506,377.50997150997154,
Q-CB-DAS-02,2026-07-06,1274,1219,456988,374.8876127973749,Post-holiday catch-up
Q-CB-DAS-02,2026-07-07,955,914,335282,366.8293216630197,
Q-CB-DAS-02,2026-07-08,890,863,310420,359.6987253765933,
Q-CB-DAS-02,2026-07-09,888,854,288909,338.3009367681499,
Q-CB-DAS-02,2026-07-10,1036,988,381926,386.56477732793525,
Q-CB-DAS-02,2026-07-11,617,600,194514,324.19,
Q-CB-DAS-02,2026-07-12,442,432,145546,336.912037037037,
Q-CB-DAS-02,2026-07-13,923,898,312654,348.1670378619154,
Q-CB-DAS-02,2026-07-14,856,821,287350,350.0,
Q-CB-DAS-02,2026-07-15,1007,979,353843,361.43309499489277,
Q-CB-DAS-02,2026-07-16,967,929,346192,372.6501614639397,
Q-CB-DAS-02,2026-07-17,902,874,312887,357.99427917620136,
Q-CB-DAS-02,2026-07-18,547,528,187437,354.9943181818182,
Q-CB-DAS-02,2026-07-19,493,471,165940,352.31422505307853,
Q-CB-DAS-02,2026-07-20,989,949,332367,350.2286617492097,
Q-CB-DAS-02,2026-07-21,874,843,290710,344.8517200474496,
Q-CB-DAS-02,2026-07-22,1045,1010,342441,339.05049504950495,
Q-CB-DAS-02,2026-07-23,1044,1001,361516,361.15484515484513,
Q-CB-DAS-02,2026-07-24,889,857,319402,372.6977829638273,
Q-CB-DAS-02,2026-07-25,611,580,224778,387.548275862069,
Q-CB-DAS-02,2026-07-26,459,447,153004,342.29082774049215,
Q-CB-DAS-02,2026-07-27,1180,1139,414580,363.9859525899912,
Q-CB-DAS-02,2026-07-28,1119,1073,410822,382.8723205964585,
Q-CB-DAS-02,2026-07-29,1081,1032,412460,399.67054263565893,
Q-CB-DAS-02,2026-07-30,976,940,371580,395.29787234042556,
Q-CB-DAS-02,2026-07-31,1023,986,349444,354.40567951318457,
Q-CB-DAS-02,2026-08-01,558,539,192915,357.91280148423004,
Q-CB-DAS-02,2026-08-02,506,491,191132,389.2708757637474,
Q-CB-DAS-02,2026-08-03,1187,1150,445141,387.0791304347826,
Q-CB-DAS-02,2026-08-04,1314,1257,465964,370.6953062848051,
Q-CB-DAS-02,2026-08-05,1135,1094,425025,388.5054844606947,
Q-CB-DAS-02,2026-08-06,997,954,348303,365.0974842767296,
Q-CB-DAS-02,2026-08-07,977,943,335956,356.26299045599154,
Q-CB-DAS-02,2026-08-08,536,511,181714,355.60469667318984,
Q-CB-DAS-02,2026-08-09,358,345,127799,370.431884057971,
Q-CB-DAS-02,2026-08-10,1024,988,359048,363.4089068825911,
Q-CB-DAS-02,2026-08-11,854,822,297654,362.1094890510949,
Q-CB-DAS-02,2026-08-12,933,895,319378,356.8469273743017,
Q-CB-DAS-02,2026-08-13,1164,1120,400470,357.5625,
Q-CB-DAS-02,2026-08-14,1166,1112,375105,337.3246402877698,
Q-CB-DAS-02,2026-08-15,716,703,249648,355.1180654338549,
Q-CB-DAS-02,2026-08-16,539,510,173486,340.1686274509804,
Q-CB-DAS-02,2026-08-17,1404,1346,459679,341.5148588410104,
Q-CB-DAS-02,2026-08-18,1020,981,325490,331.7940876656473,
Q-CB-DAS-02,2026-08-19,835,806,285190,353.83374689826303,
Q-CB-DAS-02,2026-08-20,816,792,268283,338.7411616161616,
Q-CB-DAS-02,2026-08-21,922,885,313740,354.50847457627117,
Q-CB-DAS-02,2026-08-22,567,547,192970,352.7787934186472,
Q-CB-DAS-02,2026-08-23,433,420,148139,352.71190476190475,
Q-CB-DAS-02,2026-08-24,1121,1064,394952,371.1954887218045,
Q-CB-DAS-02,2026-08-25,1041,999,382173,382.55555555555554,
Q-CB-DAS-02,2026-08-26,913,876,335560,383.0593607305936,
Q-CB-DAS-02,2026-08-27,804,776,285427,367.81829896907215,
Q-CB-DAS-02,2026-08-28,1170,1129,411191,364.20814880425155,
Q-CB-DAS-02,2026-08-29,756,727,284850,391.81568088033015,
Q-CB-DAS-02,2026-08-30,554,538,202864,377.07063197026025,
Q-CB-DAS-02,2026-08-31,1278,1223,507177,414.699100572363,
Q-CB-DAS-02,2026-09-01,1070,1038,403554,388.78034682080926,
Q-CB-DAS-02,2026-09-02,804,774,290936,375.88630490956075,
Q-CB-DAS-02,2026-09-03,859,832,316283,380.14783653846155,
Q-CB-DAS-02,2026-09-04,859,823,322065,391.33049817739976,
Q-CB-DAS-02,2026-09-05,569,544,186778,343.34191176470586,
Q-CB-DAS-02,2026-09-06,514,496,187914,378.85887096774195,
Q-CB-DAS-02,2026-09-07,647,624,222981,357.34134615384613,Labor Day reduced demand
Q-CB-DAS-02,2026-09-08,1220,1159,435359,375.63330457290766,Post-holiday catch-up
Q-CB-DAS-02,2026-09-09,896,874,304043,347.87528604118995,
Q-CB-DAS-02,2026-09-10,782,756,267425,353.7367724867725,
Q-CB-DAS-02,2026-09-11,929,890,326810,367.2022471910112,
Q-CB-DAS-02,2026-09-12,547,526,180757,343.6444866920152,
Q-CB-DAS-02,2026-09-13,391,375,123924,330.464,
Q-CB-DAS-02,2026-09-14,1105,1065,378013,354.9417840375587,
Q-CB-DAS-02,2026-09-15,1031,993,348872,351.3313192346425,
Q-CB-DAS-02,2026-09-16,1040,1001,343194,342.8511488511489,
Q-CB-DAS-02,2026-09-17,1031,996,355898,357.32730923694777,
Q-CB-DAS-02,2026-09-18,909,874,315989,361.54347826086956,
Q-CB-DAS-02,2026-09-19,556,543,199657,367.69244935543276,
Q-CB-DAS-02,2026-09-20,452,436,154772,354.9816513761468,
Q-CB-DAS-02,2026-09-21,1108,1061,390832,368.36192271442036,
Q-CB-DAS-02,2026-09-22,1143,1092,400089,366.38186813186815,
Q-CB-DAS-03,2026-06-23,833,805,300218,372.9416149068323,
Q-CB-DAS-03,2026-06-24,1025,973,401041,412.169578622816,
Q-CB-DAS-03,2026-06-25,923,881,356255,404.3757094211124,
Q-CB-DAS-03,2026-06-26,990,958,383558,400.37369519832987,
Q-CB-DAS-03,2026-06-27,594,575,226148,393.3008695652174,
Q-CB-DAS-03,2026-06-28,464,453,191161,421.9889624724062,
Q-CB-DAS-03,2026-06-29,1248,1196,524616,438.6421404682274,
Q-CB-DAS-03,2026-06-30,1103,1051,401143,381.67745004757376,
Q-CB-DAS-03,2026-07-01,885,841,343920,408.94173602853743,
Q-CB-DAS-03,2026-07-02,970,938,380748,405.9147121535181,
Q-CB-DAS-03,2026-07-03,974,943,374710,397.3594909862142,
Q-CB-DAS-03,2026-07-04,396,386,155017,401.5984455958549,Independence Day reduced demand
Q-CB-DAS-03,2026-07-05,453,428,164910,385.303738317757,
Q-CB-DAS-03,2026-07-06,1450,1393,574127,412.151471643934,Post-holiday catch-up
Q-CB-DAS-03,2026-07-07,988,952,370315,388.9863445378151,
Q-CB-DAS-03,2026-07-08,905,879,337031,383.4254835039818,
Q-CB-DAS-03,2026-07-09,919,889,328852,369.9122609673791,
Q-CB-DAS-03,2026-07-10,978,946,362551,383.2463002114165,
Q-CB-DAS-03,2026-07-11,741,712,263722,370.39606741573033,
Q-CB-DAS-03,2026-07-12,545,522,203293,389.4501915708812,
Q-CB-DAS-03,2026-07-13,1268,1222,456908,373.90180032733224,
Q-CB-DAS-03,2026-07-14,1220,1171,440466,376.1451750640478,
Q-CB-DAS-03,2026-07-15,983,949,361723,381.1622760800843,
Q-CB-DAS-03,2026-07-16,882,854,309819,362.7857142857143,
Q-CB-DAS-03,2026-07-17,809,784,314941,401.7104591836735,
Q-CB-DAS-03,2026-07-18,570,545,214414,393.42018348623856,
Q-CB-DAS-03,2026-07-19,480,462,184060,398.3982683982684,
Q-CB-DAS-03,2026-07-20,1047,999,368010,368.3783783783784,
Q-CB-DAS-03,2026-07-21,1038,1003,385043,383.8913260219342,
Q-CB-DAS-03,2026-07-22,896,865,345165,399.0346820809249,
Q-CB-DAS-03,2026-07-23,1021,983,371213,377.6327568667345,
Q-CB-DAS-03,2026-07-24,963,934,373151,399.51927194860815,
Q-CB-DAS-03,2026-07-25,593,573,230845,402.87085514834206,
Q-CB-DAS-03,2026-07-26,415,400,156920,392.3,
Q-CB-DAS-03,2026-07-27,1013,964,377595,391.6960580912863,
Q-CB-DAS-03,2026-07-28,1104,1059,427403,403.5911237016053,
Q-CB-DAS-03,2026-07-29,1108,1059,425202,401.5127478753541,
Q-CB-DAS-03,2026-07-30,983,945,396300,419.36507936507934,
Q-CB-DAS-03,2026-07-31,1304,1261,487916,386.92783505154637,
Q-CB-DAS-03,2026-08-01,752,724,291195,402.20303867403317,
Q-CB-DAS-03,2026-08-02,537,517,217373,420.45067698259186,
Q-CB-DAS-03,2026-08-03,1132,1083,412745,381.112650046168,
Q-CB-DAS-03,2026-08-04,1039,1003,382790,381.6450648055833,
Q-CB-DAS-03,2026-08-05,961,926,374882,404.8401727861771,
Q-CB-DAS-03,2026-08-06,976,951,389343,409.403785488959,
Q-CB-DAS-03,2026-08-07,987,945,368272,389.7058201058201,
Q-CB-DAS-03,2026-08-08,613,597,250201,419.0971524288107,
Q-CB-DAS-03,2026-08-09,404,389,145949,375.19023136246784,
Q-CB-DAS-03,2026-08-10,1049,1003,394832,393.65104685942174,
Q-CB-DAS-03,2026-08-11,1163,1107,418707,378.2357723577236,
Q-CB-DAS-03,2026-08-12,986,954,387531,406.2169811320755,
Q-CB-DAS-03,2026-08-13,1187,1140,452014,396.50350877192983,
Q-CB-DAS-03,2026-08-14,894,864,320042,370.41898148148147,
Q-CB-DAS-03,2026-08-15,667,641,237592,370.65834633385333,
Q-CB-DAS-03,2026-08-16,485,466,182566,391.7725321888412,
Q-CB-DAS-03,2026-08-17,1214,1162,421506,362.7418244406196,
Q-CB-DAS-03,2026-08-18,920,890,313195,351.90449438202245,
Q-CB-DAS-03,2026-08-19,727,701,260277,371.2938659058488,
Q-CB-DAS-03,2026-08-20,945,920,329541,358.19673913043476,
Q-CB-DAS-03,2026-08-21,965,932,352774,378.5128755364807,
Q-CB-DAS-03,2026-08-22,528,514,204641,398.1342412451362,
Q-CB-DAS-03,2026-08-23,533,504,191324,379.6111111111111,
Q-CB-DAS-03,2026-08-24,1127,1082,456587,421.98428835489835,
Q-CB-DAS-03,2026-08-25,1069,1036,446682,431.16023166023166,
Q-CB-DAS-03,2026-08-26,1089,1049,420080,400.45757864632986,
Q-CB-DAS-03,2026-08-27,799,766,311977,407.2806788511749,
Q-CB-DAS-03,2026-08-28,1035,1005,403062,401.0567164179104,
Q-CB-DAS-03,2026-08-29,656,631,249765,395.824088748019,
Q-CB-DAS-03,2026-08-30,537,528,207835,393.62689393939394,
Q-CB-DAS-03,2026-08-31,1174,1123,430559,383.4007123775601,
Q-CB-DAS-03,2026-09-01,907,871,352166,404.3237657864523,
Q-CB-DAS-03,2026-09-02,726,699,284594,407.1444921316166,
Q-CB-DAS-03,2026-09-03,1030,995,379340,381.2462311557789,
Q-CB-DAS-03,2026-09-04,899,868,324691,374.06797235023043,
Q-CB-DAS-03,2026-09-05,560,538,195408,363.2118959107807,
Q-CB-DAS-03,2026-09-06,483,472,177275,375.58262711864404,
Q-CB-DAS-03,2026-09-07,618,599,231566,386.58764607679467,Labor Day reduced demand
Q-CB-DAS-03,2026-09-08,1124,1082,409948,378.87985212569316,Post-holiday catch-up
Q-CB-DAS-03,2026-09-09,866,829,315981,381.15922798552475,
Q-CB-DAS-03,2026-09-10,948,906,336826,371.77262693156734,
Q-CB-DAS-03,2026-09-11,858,843,306290,363.3333333333333,
Q-CB-DAS-03,2026-09-12,487,474,169759,358.1413502109705,
Q-CB-DAS-03,2026-09-13,376,361,134190,371.7174515235457,
Q-CB-DAS-03,2026-09-14,1026,982,370070,376.8533604887984,
Q-CB-DAS-03,2026-09-15,1258,1210,472993,390.90330578512396,
Q-CB-DAS-03,2026-09-16,1068,1019,389162,381.90578999018646,
Q-CB-DAS-03,2026-09-17,771,744,264495,355.5040322580645,
Q-CB-DAS-03,2026-09-18,832,804,303781,377.83706467661693,
Q-CB-DAS-03,2026-09-19,570,554,202745,365.9657039711191,
Q-CB-DAS-03,2026-09-20,478,457,168278,368.2231947483589,
Q-CB-DAS-03,2026-09-21,1267,1204,462557,384.18355481727576,
Q-CB-DAS-03,2026-09-22,1086,1051,432852,411.8477640342531,
Q-CB-DAS-04,2026-06-23,771,741,386496,521.5870445344129,
Q-CB-DAS-04,2026-06-24,761,728,353155,485.10302197802196,
Q-CB-DAS-04,2026-06-25,802,764,404630,529.6204188481676,
Q-CB-DAS-04,2026-06-26,857,825,424651,514.7284848484849,
Q-CB-DAS-04,2026-06-27,542,525,298558,568.6819047619048,
Q-CB-DAS-04,2026-06-28,372,360,176669,490.7472222222222,
Q-CB-DAS-04,2026-06-29,1065,1007,536067,532.3406156901689,
Q-CB-DAS-04,2026-06-30,1011,961,501221,521.5619146722164,
Q-CB-DAS-04,2026-07-01,664,631,353177,559.7099841521394,
Q-CB-DAS-04,2026-07-02,803,782,416329,532.3900255754476,
Q-CB-DAS-04,2026-07-03,708,681,361700,531.1306901615271,
Q-CB-DAS-04,2026-07-04,258,250,136173,544.692,Independence Day reduced demand
Q-CB-DAS-04,2026-07-05,379,369,183990,498.6178861788618,
Q-CB-DAS-04,2026-07-06,1254,1197,644793,538.6741854636591,Post-holiday catch-up
Q-CB-DAS-04,2026-07-07,935,893,493506,552.6382978723404,
Q-CB-DAS-04,2026-07-08,801,770,432237,561.3467532467532,
Q-CB-DAS-04,2026-07-09,844,806,382283,474.2965260545906,
Q-CB-DAS-04,2026-07-10,714,680,362222,532.6794117647058,
Q-CB-DAS-04,2026-07-11,420,404,194765,482.09158415841586,
Q-CB-DAS-04,2026-07-12,317,310,159166,513.4387096774194,
Q-CB-DAS-04,2026-07-13,623,599,294275,491.2771285475793,
Q-CB-DAS-04,2026-07-14,733,710,357162,503.0450704225352,
Q-CB-DAS-04,2026-07-15,678,652,303528,465.53374233128835,
Q-CB-DAS-04,2026-07-16,636,612,291762,476.7352941176471,
Q-CB-DAS-04,2026-07-17,726,703,349825,497.61735419630156,
Q-CB-DAS-04,2026-07-18,437,424,214327,505.4882075471698,
Q-CB-DAS-04,2026-07-19,360,348,171591,493.07758620689657,
Q-CB-DAS-04,2026-07-20,924,883,463450,524.8584371460929,
Q-CB-DAS-04,2026-07-21,737,709,355608,501.56276445698165,
Q-CB-DAS-04,2026-07-22,920,885,444033,501.7322033898305,
Q-CB-DAS-04,2026-07-23,677,654,330314,505.06727828746176,
Q-CB-DAS-04,2026-07-24,691,660,338347,512.6469696969697,
Q-CB-DAS-04,2026-07-25,464,452,225853,499.67477876106193,
Q-CB-DAS-04,2026-07-26,447,426,207543,487.1901408450704,
Q-CB-DAS-04,2026-07-27,831,796,434967,546.4409547738693,
Q-CB-DAS-04,2026-07-28,931,895,444039,496.1329608938548,
Q-CB-DAS-04,2026-07-29,1112,1065,575107,540.0065727699531,
Q-CB-DAS-04,2026-07-30,770,737,392429,532.4681139755767,
Q-CB-DAS-04,2026-07-31,705,682,366480,537.3607038123167,
Q-CB-DAS-04,2026-08-01,456,439,234405,533.9521640091116,
Q-CB-DAS-04,2026-08-02,353,342,182423,533.4005847953216,
Q-CB-DAS-04,2026-08-03,863,832,422323,507.59975961538464,
Q-CB-DAS-04,2026-08-04,917,871,468765,538.1917336394948,
Q-CB-DAS-04,2026-08-05,854,823,461238,560.4349939246658,
Q-CB-DAS-04,2026-08-06,708,683,308012,450.9692532942899,
Q-CB-DAS-04,2026-08-07,845,803,392069,488.25529265255295,
Q-CB-DAS-04,2026-08-08,500,484,251965,520.5888429752066,
Q-CB-DAS-04,2026-08-09,375,360,178654,496.2611111111111,
Q-CB-DAS-04,2026-08-10,867,837,427497,510.7491039426523,
Q-CB-DAS-04,2026-08-11,715,693,347781,501.8484848484849,
Q-CB-DAS-04,2026-08-12,658,643,358737,557.9113530326595,
Q-CB-DAS-04,2026-08-13,724,702,311800,444.15954415954417,
Q-CB-DAS-04,2026-08-14,702,679,345502,508.839469808542,
Q-CB-DAS-04,2026-08-15,491,472,259404,549.5847457627119,
Q-CB-DAS-04,2026-08-16,360,349,171042,490.0916905444126,
Q-CB-DAS-04,2026-08-17,870,832,424792,510.5673076923077,
Q-CB-DAS-04,2026-08-18,861,829,423489,510.8431845597105,
Q-CB-DAS-04,2026-08-19,703,681,349301,512.9236417033774,
Q-CB-DAS-04,2026-08-20,711,686,391778,571.1049562682216,
Q-CB-DAS-04,2026-08-21,606,583,310930,533.327615780446,
Q-CB-DAS-04,2026-08-22,453,436,224477,514.855504587156,
Q-CB-DAS-04,2026-08-23,337,328,165264,503.8536585365854,
Q-CB-DAS-04,2026-08-24,950,915,487268,532.5333333333333,
Q-CB-DAS-04,2026-08-25,816,784,437002,557.4005102040817,
Q-CB-DAS-04,2026-08-26,731,703,395546,562.6543385490754,
Q-CB-DAS-04,2026-08-27,641,616,325936,529.1168831168832,
Q-CB-DAS-04,2026-08-28,762,730,363746,498.2821917808219,
Q-CB-DAS-04,2026-08-29,451,440,232531,528.4795454545455,
Q-CB-DAS-04,2026-08-30,423,408,218517,535.5808823529412,
Q-CB-DAS-04,2026-08-31,1144,1096,582731,531.6888686131387,
Q-CB-DAS-04,2026-09-01,835,801,473636,591.3058676654182,
Q-CB-DAS-04,2026-09-02,657,635,327380,515.5590551181102,
Q-CB-DAS-04,2026-09-03,650,633,343703,542.9747235387046,
Q-CB-DAS-04,2026-09-04,708,689,386452,560.88824383164,
Q-CB-DAS-04,2026-09-05,437,422,213911,506.8981042654028,
Q-CB-DAS-04,2026-09-06,339,330,180400,546.6666666666666,
Q-CB-DAS-04,2026-09-07,449,432,220914,511.375,Labor Day reduced demand
Q-CB-DAS-04,2026-09-08,787,752,346541,460.82579787234044,Post-holiday catch-up
Q-CB-DAS-04,2026-09-09,774,737,359756,488.1356852103121,
Q-CB-DAS-04,2026-09-10,824,802,386854,482.3615960099751,
Q-CB-DAS-04,2026-09-11,786,753,377057,500.73970783532536,
Q-CB-DAS-04,2026-09-12,441,428,212075,495.50233644859816,
Q-CB-DAS-04,2026-09-13,387,371,178038,479.8867924528302,
Q-CB-DAS-04,2026-09-14,952,920,474597,515.866304347826,
Q-CB-DAS-04,2026-09-15,829,784,395993,505.09311224489795,
Q-CB-DAS-04,2026-09-16,751,728,348130,478.20054945054943,
Q-CB-DAS-04,2026-09-17,625,598,293070,490.0836120401338,
Q-CB-DAS-04,2026-09-18,643,616,287273,466.35227272727275,
Q-CB-DAS-04,2026-09-19,372,355,180122,507.38591549295774,
Q-CB-DAS-04,2026-09-20,265,254,127386,501.5196850393701,
Q-CB-DAS-04,2026-09-21,847,813,428631,527.2214022140222,
Q-CB-DAS-04,2026-09-22,774,747,367560,492.04819277108436,
Q-CB-DAS-05,2026-06-23,958,917,409682,446.76335877862596,
Q-CB-DAS-05,2026-06-24,916,888,402273,453.01013513513516,
Q-CB-DAS-05,2026-06-25,842,811,355021,437.7570900123305,
Q-CB-DAS-05,2026-06-26,1045,1006,431312,428.73956262425446,
Q-CB-DAS-05,2026-06-27,669,648,260679,402.2824074074074,
Q-CB-DAS-05,2026-06-28,494,480,208736,434.8666666666667,
Q-CB-DAS-05,2026-06-29,1243,1192,506331,424.7743288590604,
Q-CB-DAS-05,2026-06-30,1159,1114,451226,405.05026929982046,
Q-CB-DAS-05,2026-07-01,1095,1062,457243,430.54896421845575,
Q-CB-DAS-05,2026-07-02,1085,1048,478928,456.99236641221376,
Q-CB-DAS-05,2026-07-03,994,964,411138,426.49170124481327,
Q-CB-DAS-05,2026-07-04,344,333,146405,439.6546546546547,Independence Day reduced demand
Q-CB-DAS-05,2026-07-05,487,471,204680,434.5647558386412,
Q-CB-DAS-05,2026-07-06,1413,1354,594994,439.4342688330872,Post-holiday catch-up
Q-CB-DAS-05,2026-07-07,1051,1010,442920,438.53465346534654,
Q-CB-DAS-05,2026-07-08,991,950,441206,464.4273684210526,
Q-CB-DAS-05,2026-07-09,1097,1048,472160,450.53435114503816,
Q-CB-DAS-05,2026-07-10,1202,1152,491019,426.2317708333333,
Q-CB-DAS-05,2026-07-11,682,660,255282,386.7909090909091,
Q-CB-DAS-05,2026-07-12,519,508,218182,429.49212598425197,
Q-CB-DAS-05,2026-07-13,1277,1214,554041,456.37644151565075,
Q-CB-DAS-05,2026-07-14,1140,1096,419309,382.58120437956205,
Q-CB-DAS-05,2026-07-15,884,861,334937,389.00929152148666,
Q-CB-DAS-05,2026-07-16,913,882,353941,401.2936507936508,
Q-CB-DAS-05,2026-07-17,966,921,364923,396.2247557003257,
Q-CB-DAS-05,2026-07-18,618,591,252808,427.7631133671743,
Q-CB-DAS-05,2026-07-19,538,516,212843,412.48643410852713,
Q-CB-DAS-05,2026-07-20,1308,1244,503523,404.7612540192926,
Q-CB-DAS-05,2026-07-21,1125,1080,417365,386.4490740740741,
Q-CB-DAS-05,2026-07-22,1107,1062,437917,412.35122410546137,
Q-CB-DAS-05,2026-07-23,1014,979,443222,452.729315628192,
Q-CB-DAS-05,2026-07-24,1164,1105,451763,408.83529411764704,
Q-CB-DAS-05,2026-07-25,623,605,261849,432.8082644628099,
Q-CB-DAS-05,2026-07-26,526,504,235434,467.1309523809524,
Q-CB-DAS-05,2026-07-27,1102,1061,458514,432.1526861451461,
Q-CB-DAS-05,2026-07-28,1272,1215,514088,423.11769547325105,
Q-CB-DAS-05,2026-07-29,1099,1058,490454,463.5671077504726,
Q-CB-DAS-05,2026-07-30,1050,1023,437900,428.05474095796677,
Q-CB-DAS-05,2026-07-31,1538,1457,680224,466.86616334934797,
Q-CB-DAS-05,2026-08-01,562,543,244650,450.5524861878453,
Q-CB-DAS-05,2026-08-02,496,482,207178,429.8298755186722,
Q-CB-DAS-05,2026-08-03,1369,1303,549818,421.9631619339985,
Q-CB-DAS-05,2026-08-04,1196,1143,471539,412.5450568678915,
Q-CB-DAS-05,2026-08-05,954,926,432916,467.51187904967605,
Q-CB-DAS-05,2026-08-06,989,947,377902,399.051742344245,
Q-CB-DAS-05,2026-08-07,875,831,345387,415.6281588447653,
Q-CB-DAS-05,2026-08-08,658,639,253331,396.4491392801252,
Q-CB-DAS-05,2026-08-09,446,431,188769,437.97911832946636,
Q-CB-DAS-05,2026-08-10,1247,1196,542317,453.4423076923077,
Q-CB-DAS-05,2026-08-11,1062,1027,478616,466.03310613437196,
Q-CB-DAS-05,2026-08-12,963,921,391584,425.1726384364821,
Q-CB-DAS-05,2026-08-13,1129,1088,414423,380.90349264705884,
Q-CB-DAS-05,2026-08-14,941,910,361603,397.3659340659341,
Q-CB-DAS-05,2026-08-15,698,673,271072,402.7815750371471,
Q-CB-DAS-05,2026-08-16,455,438,175339,400.3173515981735,
Q-CB-DAS-05,2026-08-17,1366,1304,534769,410.0989263803681,
Q-CB-DAS-05,2026-08-18,1086,1050,441404,420.3847619047619,
Q-CB-DAS-05,2026-08-19,969,942,403890,428.7579617834395,
Q-CB-DAS-05,2026-08-20,926,888,377750,425.39414414414415,
Q-CB-DAS-05,2026-08-21,814,789,337150,427.3130544993663,
Q-CB-DAS-05,2026-08-22,578,559,245255,438.73881932021465,
Q-CB-DAS-05,2026-08-23,507,488,210232,430.8032786885246,
Q-CB-DAS-05,2026-08-24,1219,1170,516678,441.6051282051282,
Q-CB-DAS-05,2026-08-25,1191,1140,503932,442.04561403508774,
Q-CB-DAS-05,2026-08-26,971,946,408016,431.30655391120507,
Q-CB-DAS-05,2026-08-27,910,878,363457,413.9601366742597,
Q-CB-DAS-05,2026-08-28,1056,1031,459459,445.64403491755576,
Q-CB-DAS-05,2026-08-29,603,581,252566,434.7091222030981,
Q-CB-DAS-05,2026-08-30,471,453,194301,428.9205298013245,
Q-CB-DAS-05,2026-08-31,1373,1298,534287,411.6232665639445,
Q-CB-DAS-05,2026-09-01,1189,1138,482057,423.60017574692444,
Q-CB-DAS-05,2026-09-02,974,945,434237,459.51005291005293,
Q-CB-DAS-05,2026-09-03,1055,1020,437196,428.6235294117647,
Q-CB-DAS-05,2026-09-04,1097,1065,476886,447.78028169014084,
Q-CB-DAS-05,2026-09-05,594,571,250894,439.3940455341506,
Q-CB-DAS-05,2026-09-06,432,419,178017,424.8615751789976,
Q-CB-DAS-05,2026-09-07,725,697,291896,418.7890961262554,Labor Day reduced demand
Q-CB-DAS-05,2026-09-08,1500,1414,578763,409.3090523338048,Post-holiday catch-up
Q-CB-DAS-05,2026-09-09,1295,1234,500335,405.4578606158833,
Q-CB-DAS-05,2026-09-10,1294,1252,519070,414.5926517571885,
Q-CB-DAS-05,2026-09-11,1135,1094,470364,429.94881170018283,
Q-CB-DAS-05,2026-09-12,759,726,295200,406.6115702479339,
Q-CB-DAS-05,2026-09-13,517,500,197347,394.694,
Q-CB-DAS-05,2026-09-14,1246,1197,514103,429.49289891395154,
Q-CB-DAS-05,2026-09-15,1063,1025,395862,386.20682926829267,
Q-CB-DAS-05,2026-09-16,947,909,371920,409.15291529152915,
Q-CB-DAS-05,2026-09-17,968,938,397852,424.14925373134326,
Q-CB-DAS-05,2026-09-18,1044,1003,394516,393.3359920239282,
Q-CB-DAS-05,2026-09-19,648,628,263256,419.19745222929936,
Q-CB-DAS-05,2026-09-20,493,474,205160,432.8270042194093,
Q-CB-DAS-05,2026-09-21,1423,1367,580599,424.72494513533286,
Q-CB-DAS-05,2026-09-22,1381,1337,564959,422.5572176514585,
Q-CB-DFS-01,2026-06-23,811,785,271466,345.81656050955417,
Q-CB-DFS-01,2026-06-24,1053,1027,382111,372.06523855890947,
Q-CB-DFS-01,2026-06-25,1038,995,375521,377.408040201005,
Q-CB-DFS-01,2026-06-26,1065,1017,386701,380.23697148475907,
Q-CB-DFS-01,2026-06-27,524,502,194529,387.50796812749,
Q-CB-DFS-01,2026-06-28,328,319,123948,388.55172413793105,
Q-CB-DFS-01,2026-06-29,1023,983,375015,381.500508646999,
Q-CB-DFS-01,2026-06-30,1015,978,340562,348.22290388548055,
Q-CB-DFS-01,2026-07-01,894,862,320243,371.51160092807424,
Q-CB-DFS-01,2026-07-02,900,871,325417,373.6130884041332,
Q-CB-DFS-01,2026-07-03,867,832,316897,380.8858173076923,
Q-CB-DFS-01,2026-07-04,299,289,110659,382.9031141868512,Independence Day reduced demand
Q-CB-DFS-01,2026-07-05,414,399,148465,372.09273182957395,
Q-CB-DFS-01,2026-07-06,1322,1258,466114,370.51987281399045,Post-holiday catch-up
Q-CB-DFS-01,2026-07-07,957,922,320213,347.30260303687635,
Q-CB-DFS-01,2026-07-08,898,869,292502,336.59608745684693,
Q-CB-DFS-01,2026-07-09,879,850,323555,380.65294117647056,
Q-CB-DFS-01,2026-07-10,759,739,259899,351.69012178619755,
Q-CB-DFS-01,2026-07-11,529,506,183675,362.99407114624506,
Q-CB-DFS-01,2026-07-12,399,388,138859,357.8840206185567,
Q-CB-DFS-01,2026-07-13,1083,1047,383492,366.2769818529131,
Q-CB-DFS-01,2026-07-14,984,948,310496,327.52742616033754,
Q-CB-DFS-01,2026-07-15,793,772,265222,343.5518134715026,
Q-CB-DFS-01,2026-07-16,855,819,275520,336.4102564102564,
Q-CB-DFS-01,2026-07-17,886,854,266211,311.7224824355972,
Q-CB-DFS-01,2026-07-18,509,493,157036,318.5314401622718,
Q-CB-DFS-01,2026-07-19,445,432,153690,355.7638888888889,
Q-CB-DFS-01,2026-07-20,1104,1056,359477,340.41382575757575,
Q-CB-DFS-01,2026-07-21,1375,1298,545453,420.2257318952234,Digital access incident
Q-CB-DFS-01,2026-07-22,901,877,351109,400.3523375142531,
Q-CB-DFS-01,2026-07-23,854,824,298652,362.44174757281553,
Q-CB-DFS-01,2026-07-24,915,883,319016,361.28652321630807,
Q-CB-DFS-01,2026-07-25,503,495,187766,379.32525252525255,
Q-CB-DFS-01,2026-07-26,442,433,147437,340.5011547344111,
Q-CB-DFS-01,2026-07-27,937,904,346251,383.021017699115,
Q-CB-DFS-01,2026-07-28,876,840,311852,371.252380952381,
Q-CB-DFS-01,2026-07-29,780,754,301872,400.3607427055703,
Q-CB-DFS-01,2026-07-30,747,713,265584,372.4880785413745,
Q-CB-DFS-01,2026-07-31,786,767,291696,380.3076923076923,
Q-CB-DFS-01,2026-08-01,563,542,201432,371.6457564575646,
Q-CB-DFS-01,2026-08-02,408,394,153286,389.0507614213198,
Q-CB-DFS-01,2026-08-03,940,907,328469,362.148842337376,
Q-CB-DFS-01,2026-08-04,1061,1025,403293,393.45658536585364,
Q-CB-DFS-01,2026-08-05,811,779,258005,331.2002567394095,
Q-CB-DFS-01,2026-08-06,781,751,275621,367.0053262316911,
Q-CB-DFS-01,2026-08-07,846,821,288668,351.60535931790497,
Q-CB-DFS-01,2026-08-08,650,630,210781,334.5730158730159,
Q-CB-DFS-01,2026-08-09,411,401,150534,375.3965087281795,
Q-CB-DFS-01,2026-08-10,1172,1118,390871,349.6162790697674,
Q-CB-DFS-01,2026-08-11,829,799,293780,367.6846057571965,
Q-CB-DFS-01,2026-08-12,737,712,243668,342.2303370786517,
Q-CB-DFS-01,2026-08-13,896,862,319413,370.5487238979118,
Q-CB-DFS-01,2026-08-14,928,897,312474,348.3545150501672,
Q-CB-DFS-01,2026-08-15,506,495,169824,343.07878787878786,
Q-CB-DFS-01,2026-08-16,468,452,154086,340.89823008849555,
Q-CB-DFS-01,2026-08-17,1290,1246,443701,356.1003210272873,
Q-CB-DFS-01,2026-08-18,940,903,317704,351.8316722037652,
Q-CB-DFS-01,2026-08-19,949,916,318294,347.4825327510917,
Q-CB-DFS-01,2026-08-20,1047,1006,329887,327.9194831013917,
Q-CB-DFS-01,2026-08-21,750,730,269507,369.1876712328767,
Q-CB-DFS-01,2026-08-22,462,447,150555,336.81208053691273,
Q-CB-DFS-01,2026-08-23,371,357,117741,329.8067226890756,
Q-CB-DFS-01,2026-08-24,1162,1110,401525,361.73423423423424,
Q-CB-DFS-01,2026-08-25,1033,1000,371934,371.934,
Q-CB-DFS-01,2026-08-26,1073,1032,353069,342.12112403100775,
Q-CB-DFS-01,2026-08-27,949,918,336362,366.4074074074074,
Q-CB-DFS-01,2026-08-28,778,752,278120,369.8404255319149,
Q-CB-DFS-01,2026-08-29,517,500,184967,369.934,
Q-CB-DFS-01,2026-08-30,399,386,140604,364.25906735751295,
Q-CB-DFS-01,2026-08-31,1083,1040,401525,386.0817307692308,
Q-CB-DFS-01,2026-09-01,1003,961,361121,375.77627471383977,
Q-CB-DFS-01,2026-09-02,718,690,285847,414.27101449275364,
Q-CB-DFS-01,2026-09-03,893,863,320577,371.468134414832,
Q-CB-DFS-01,2026-09-04,918,882,336564,381.59183673469386,
Q-CB-DFS-01,2026-09-05,447,433,157847,364.54272517321016,
Q-CB-DFS-01,2026-09-06,448,432,153508,355.3425925925926,
Q-CB-DFS-01,2026-09-07,601,577,217239,376.49740034662045,Labor Day reduced demand
Q-CB-DFS-01,2026-09-08,1162,1109,418802,377.63931469792607,Post-holiday catch-up
Q-CB-DFS-01,2026-09-09,833,804,287231,357.25248756218906,
Q-CB-DFS-01,2026-09-10,858,832,285097,342.66466346153845,
Q-CB-DFS-01,2026-09-11,748,730,259991,356.15205479452055,
Q-CB-DFS-01,2026-09-12,475,458,154787,337.96288209606985,
Q-CB-DFS-01,2026-09-13,451,436,143776,329.76146788990826,
Q-CB-DFS-01,2026-09-14,1023,988,341603,345.752024291498,
Q-CB-DFS-01,2026-09-15,1082,1042,349450,335.3646833013436,
Q-CB-DFS-01,2026-09-16,773,741,250151,337.58569500674764,
Q-CB-DFS-01,2026-09-17,768,743,253858,341.6662180349933,
Q-CB-DFS-01,2026-09-18,709,689,241314,350.2380261248186,
Q-CB-DFS-01,2026-09-19,496,477,162159,339.9559748427673,
Q-CB-DFS-01,2026-09-20,350,341,121353,355.87390029325513,
Q-CB-DFS-01,2026-09-21,920,889,310758,349.5590551181102,
Q-CB-DFS-01,2026-09-22,825,795,299698,376.97861635220124,
Q-CB-DFS-02,2026-06-23,691,659,263716,400.17602427921094,
Q-CB-DFS-02,2026-06-24,647,625,276257,442.0112,
Q-CB-DFS-02,2026-06-25,725,706,295832,419.0254957507082,
Q-CB-DFS-02,2026-06-26,912,878,351884,400.77904328018224,
Q-CB-DFS-02,2026-06-27,485,463,191229,413.02159827213825,
Q-CB-DFS-02,2026-06-28,335,321,126518,394.13707165109037,
Q-CB-DFS-02,2026-06-29,769,739,307271,415.7929634641407,
Q-CB-DFS-02,2026-06-30,705,680,294784,433.50588235294117,
Q-CB-DFS-02,2026-07-01,766,746,330236,442.6756032171582,
Q-CB-DFS-02,2026-07-02,871,832,366257,440.21274038461536,
Q-CB-DFS-02,2026-07-03,635,619,265402,428.7592891760905,
Q-CB-DFS-02,2026-07-04,250,239,112782,471.89121338912133,Independence Day reduced demand
Q-CB-DFS-02,2026-07-05,327,315,139304,442.2349206349206,
Q-CB-DFS-02,2026-07-06,1074,1032,446479,432.6346899224806,Post-holiday catch-up
Q-CB-DFS-02,2026-07-07,757,728,295277,405.60027472527474,
Q-CB-DFS-02,2026-07-08,654,628,250067,398.1958598726115,
Q-CB-DFS-02,2026-07-09,667,651,287855,442.173579109063,
Q-CB-DFS-02,2026-07-10,642,624,267382,428.49679487179486,
Q-CB-DFS-02,2026-07-11,384,365,141336,387.2219178082192,
Q-CB-DFS-02,2026-07-12,317,308,127298,413.3051948051948,
Q-CB-DFS-02,2026-07-13,769,739,311297,421.2408660351827,
Q-CB-DFS-02,2026-07-14,733,706,304484,431.2804532577904,
Q-CB-DFS-02,2026-07-15,783,746,328118,439.83646112600536,
Q-CB-DFS-02,2026-07-16,756,735,284450,387.00680272108843,
Q-CB-DFS-02,2026-07-17,737,719,287137,399.356050069541,
Q-CB-DFS-02,2026-07-18,417,404,172716,427.51485148514854,
Q-CB-DFS-02,2026-07-19,355,339,144392,425.93510324483776,
Q-CB-DFS-02,2026-07-20,912,884,377100,426.58371040723983,
Q-CB-DFS-02,2026-07-21,1231,1157,570019,492.6698357821953,Digital access incident
Q-CB-DFS-02,2026-07-22,758,738,309469,419.33468834688347,
Q-CB-DFS-02,2026-07-23,701,678,292831,431.9041297935103,
Q-CB-DFS-02,2026-07-24,746,714,306415,429.1526610644258,
Q-CB-DFS-02,2026-07-25,549,528,224204,424.6287878787879,
Q-CB-DFS-02,2026-07-26,418,404,186071,460.5717821782178,
Q-CB-DFS-02,2026-07-27,923,884,379439,429.2296380090498,
Q-CB-DFS-02,2026-07-28,868,830,363096,437.46506024096385,
Q-CB-DFS-02,2026-07-29,822,783,342503,437.4240102171137,
Q-CB-DFS-02,2026-07-30,571,554,232884,420.3682310469314,
Q-CB-DFS-02,2026-07-31,755,727,314946,433.21320495185694,
Q-CB-DFS-02,2026-08-01,491,475,223353,470.21684210526314,
Q-CB-DFS-02,2026-08-02,385,375,167005,445.3466666666667,
Q-CB-DFS-02,2026-08-03,911,878,384710,438.16628701594533,
Q-CB-DFS-02,2026-08-04,788,759,316521,417.02371541501975,
Q-CB-DFS-02,2026-08-05,619,603,261367,433.44444444444446,
Q-CB-DFS-02,2026-08-06,705,677,285329,421.46085672082717,
Q-CB-DFS-02,2026-08-07,794,775,350811,452.6593548387097,
Q-CB-DFS-02,2026-08-08,494,474,193070,407.32067510548524,
Q-CB-DFS-02,2026-08-09,338,326,139857,429.0092024539877,
Q-CB-DFS-02,2026-08-10,925,898,386995,430.9521158129176,
Q-CB-DFS-02,2026-08-11,761,732,306099,418.16803278688525,
Q-CB-DFS-02,2026-08-12,692,666,274038,411.4684684684685,
Q-CB-DFS-02,2026-08-13,867,831,343037,412.8002406738869,
Q-CB-DFS-02,2026-08-14,763,735,306033,416.37142857142857,
Q-CB-DFS-02,2026-08-15,551,529,205892,389.20982986767484,
Q-CB-DFS-02,2026-08-16,359,346,145657,420.97398843930637,
Q-CB-DFS-02,2026-08-17,920,891,357438,401.16498316498314,
Q-CB-DFS-02,2026-08-18,704,676,279062,412.81360946745565,
Q-CB-DFS-02,2026-08-19,869,831,326876,393.352587244284,
Q-CB-DFS-02,2026-08-20,816,793,337719,425.87515762925597,
Q-CB-DFS-02,2026-08-21,810,780,313782,402.2846153846154,
Q-CB-DFS-02,2026-08-22,479,464,204277,440.2521551724138,
Q-CB-DFS-02,2026-08-23,298,287,125853,438.5121951219512,
Q-CB-DFS-02,2026-08-24,1130,1090,491229,450.66880733944953,
Q-CB-DFS-02,2026-08-25,1077,1029,455590,442.75024295432456,
Q-CB-DFS-02,2026-08-26,922,879,383445,436.22866894197955,
Q-CB-DFS-02,2026-08-27,723,697,300686,431.4002869440459,
Q-CB-DFS-02,2026-08-28,690,665,309888,465.996992481203,
Q-CB-DFS-02,2026-08-29,514,492,217304,441.6747967479675,
Q-CB-DFS-02,2026-08-30,340,327,133343,407.77675840978594,
Q-CB-DFS-02,2026-08-31,910,876,387675,442.5513698630137,
Q-CB-DFS-02,2026-09-01,869,846,348299,411.70094562647756,
Q-CB-DFS-02,2026-09-02,694,663,293843,443.2021116138763,
Q-CB-DFS-02,2026-09-03,871,834,371600,445.56354916067147,
Q-CB-DFS-02,2026-09-04,754,729,307387,421.6556927297668,
Q-CB-DFS-02,2026-09-05,484,467,188281,403.1713062098501,
Q-CB-DFS-02,2026-09-06,318,310,140408,452.9290322580645,
Q-CB-DFS-02,2026-09-07,527,504,210512,417.6825396825397,Labor Day reduced demand
Q-CB-DFS-02,2026-09-08,1001,966,395112,409.01863354037266,Post-holiday catch-up
Q-CB-DFS-02,2026-09-09,731,706,287520,407.25212464589237,
Q-CB-DFS-02,2026-09-10,815,787,327038,415.55019059720456,
Q-CB-DFS-02,2026-09-11,593,569,221306,388.9384885764499,
Q-CB-DFS-02,2026-09-12,443,436,182311,418.14449541284404,
Q-CB-DFS-02,2026-09-13,329,320,121941,381.065625,
Q-CB-DFS-02,2026-09-14,954,910,353256,388.1934065934066,
Q-CB-DFS-02,2026-09-15,774,747,263471,352.7054886211513,
Q-CB-DFS-02,2026-09-16,893,855,353494,413.44327485380114,
Q-CB-DFS-02,2026-09-17,650,629,257979,410.14149443561206,
Q-CB-DFS-02,2026-09-18,564,546,228150,417.85714285714283,
Q-CB-DFS-02,2026-09-19,383,371,152186,410.20485175202157,
Q-CB-DFS-02,2026-09-20,340,335,140723,420.06865671641793,
Q-CB-DFS-02,2026-09-21,892,855,351824,411.49005847953214,
Q-CB-DFS-02,2026-09-22,758,730,326199,446.84794520547945,
Q-CB-DFS-03,2026-06-23,692,669,390664,583.9521674140508,
Q-CB-DFS-03,2026-06-24,594,568,342561,603.1003521126761,
Q-CB-DFS-03,2026-06-25,647,627,342388,546.0733652312599,
Q-CB-DFS-03,2026-06-26,750,726,470116,647.5426997245179,
Q-CB-DFS-03,2026-06-27,426,411,260139,632.9416058394161,
Q-CB-DFS-03,2026-06-28,250,239,145332,608.0836820083682,
Q-CB-DFS-03,2026-06-29,713,679,441679,650.4845360824743,
Q-CB-DFS-03,2026-06-30,630,611,365316,597.89852700491,
Q-CB-DFS-03,2026-07-01,596,578,342813,593.1020761245675,
Q-CB-DFS-03,2026-07-02,516,504,307141,609.406746031746,
Q-CB-DFS-03,2026-07-03,580,561,347948,620.2281639928699,
Q-CB-DFS-03,2026-07-04,279,266,164146,617.0902255639098,Independence Day reduced demand
Q-CB-DFS-03,2026-07-05,273,265,159450,601.6981132075472,
Q-CB-DFS-03,2026-07-06,931,886,539358,608.7562076749435,Post-holiday catch-up
Q-CB-DFS-03,2026-07-07,596,576,360380,625.6597222222222,
Q-CB-DFS-03,2026-07-08,801,769,478708,622.5071521456437,
Q-CB-DFS-03,2026-07-09,687,664,399346,601.4246987951807,
Q-CB-DFS-03,2026-07-10,580,567,366841,646.9858906525574,
Q-CB-DFS-03,2026-07-11,427,412,234092,568.1844660194175,
Q-CB-DFS-03,2026-07-12,324,311,177649,571.2186495176849,
Q-CB-DFS-03,2026-07-13,680,655,392153,598.7068702290077,
Q-CB-DFS-03,2026-07-14,584,565,336369,595.3433628318584,
Q-CB-DFS-03,2026-07-15,597,571,346707,607.1926444833625,
Q-CB-DFS-03,2026-07-16,682,658,376047,571.5,
Q-CB-DFS-03,2026-07-17,604,579,333486,575.9689119170985,
Q-CB-DFS-03,2026-07-18,371,357,225898,632.7675070028012,
Q-CB-DFS-03,2026-07-19,210,201,133788,665.6119402985074,
Q-CB-DFS-03,2026-07-20,725,695,401565,577.7913669064748,
Q-CB-DFS-03,2026-07-21,985,926,596417,644.0788336933045,Digital access incident
Q-CB-DFS-03,2026-07-22,550,531,325221,612.4689265536723,
Q-CB-DFS-03,2026-07-23,534,519,316726,610.26204238921,
Q-CB-DFS-03,2026-07-24,668,642,401367,625.1822429906542,
Q-CB-DFS-03,2026-07-25,509,496,296371,597.5221774193549,
Q-CB-DFS-03,2026-07-26,326,318,199999,628.9276729559748,
Q-CB-DFS-03,2026-07-27,727,689,407379,591.2612481857765,
Q-CB-DFS-03,2026-07-28,726,698,462934,663.2292263610315,
Q-CB-DFS-03,2026-07-29,761,733,418149,570.462482946794,
Q-CB-DFS-03,2026-07-30,714,685,390487,570.0540145985401,
Q-CB-DFS-03,2026-07-31,672,642,377289,587.6775700934579,
Q-CB-DFS-03,2026-08-01,362,350,209459,598.4542857142857,
Q-CB-DFS-03,2026-08-02,254,240,150651,627.7125,
Q-CB-DFS-03,2026-08-03,806,780,470222,602.848717948718,
Q-CB-DFS-03,2026-08-04,742,716,429212,599.4581005586592,
Q-CB-DFS-03,2026-08-05,592,575,380210,661.2347826086957,
Q-CB-DFS-03,2026-08-06,535,518,309379,597.2567567567568,
Q-CB-DFS-03,2026-08-07,588,573,317212,553.5986038394416,
Q-CB-DFS-03,2026-08-08,339,324,202808,625.9506172839506,
Q-CB-DFS-03,2026-08-09,253,243,142302,585.604938271605,
Q-CB-DFS-03,2026-08-10,584,564,357101,633.1578014184397,
Q-CB-DFS-03,2026-08-11,588,570,352071,617.6684210526316,
Q-CB-DFS-03,2026-08-12,662,641,347668,542.383775351014,
Q-CB-DFS-03,2026-08-13,655,631,372844,590.8779714738511,
Q-CB-DFS-03,2026-08-14,632,616,367110,595.9577922077922,
Q-CB-DFS-03,2026-08-15,424,406,220480,543.0541871921182,
Q-CB-DFS-03,2026-08-16,263,254,150907,594.1220472440945,
Q-CB-DFS-03,2026-08-17,798,775,437484,564.4954838709677,
Q-CB-DFS-03,2026-08-18,524,498,304538,611.5220883534137,
Q-CB-DFS-03,2026-08-19,627,612,357856,584.7320261437909,
Q-CB-DFS-03,2026-08-20,641,627,346628,552.835725677831,
Q-CB-DFS-03,2026-08-21,587,561,309484,551.6648841354723,
Q-CB-DFS-03,2026-08-22,407,390,226099,579.7410256410257,
Q-CB-DFS-03,2026-08-23,307,295,183753,622.8915254237288,
Q-CB-DFS-03,2026-08-24,651,633,386127,609.9952606635071,
Q-CB-DFS-03,2026-08-25,707,668,441160,660.4191616766467,
Q-CB-DFS-03,2026-08-26,618,595,362522,609.2806722689076,
Q-CB-DFS-03,2026-08-27,543,520,318602,612.6961538461538,
Q-CB-DFS-03,2026-08-28,490,473,303126,640.8583509513742,
Q-CB-DFS-03,2026-08-29,382,369,235414,637.9783197831978,
Q-CB-DFS-03,2026-08-30,247,239,146863,614.489539748954,
Q-CB-DFS-03,2026-08-31,599,578,360829,624.2716262975779,
Q-CB-DFS-03,2026-09-01,584,569,353787,621.7697715289983,
Q-CB-DFS-03,2026-09-02,497,481,316190,657.3596673596674,
Q-CB-DFS-03,2026-09-03,532,518,322549,622.6814671814672,
Q-CB-DFS-03,2026-09-04,568,551,339278,615.7495462794918,
Q-CB-DFS-03,2026-09-05,364,354,201476,569.1412429378531,
Q-CB-DFS-03,2026-09-06,273,267,165522,619.9325842696629,
Q-CB-DFS-03,2026-09-07,563,546,308116,564.3150183150183,Labor Day reduced demand
Q-CB-DFS-03,2026-09-08,789,759,452342,595.9710144927536,Post-holiday catch-up
Q-CB-DFS-03,2026-09-09,553,544,338675,622.5643382352941,
Q-CB-DFS-03,2026-09-10,734,700,418743,598.2042857142857,
Q-CB-DFS-03,2026-09-11,568,551,349998,635.2050816696915,
Q-CB-DFS-03,2026-09-12,356,349,195732,560.836676217765,
Q-CB-DFS-03,2026-09-13,261,249,133576,536.4497991967871,
Q-CB-DFS-03,2026-09-14,720,690,429501,622.4652173913043,
Q-CB-DFS-03,2026-09-15,688,671,386714,576.3248882265276,
Q-CB-DFS-03,2026-09-16,534,516,302112,585.4883720930233,
Q-CB-DFS-03,2026-09-17,488,478,272627,570.3493723849373,
Q-CB-DFS-03,2026-09-18,618,596,343931,577.0654362416108,
Q-CB-DFS-03,2026-09-19,399,388,248149,639.5592783505155,
Q-CB-DFS-03,2026-09-20,290,284,167317,589.1443661971831,
Q-CB-DFS-03,2026-09-21,743,710,462716,651.7126760563381,
Q-CB-DFS-03,2026-09-22,659,636,376104,591.3584905660377,
Q-CB-DFS-04,2026-06-23,626,604,465616,770.8874172185431,
Q-CB-DFS-04,2026-06-24,660,630,473814,752.0857142857143,
Q-CB-DFS-04,2026-06-25,565,553,414195,748.996383363472,
Q-CB-DFS-04,2026-06-26,557,541,405826,750.1404805914972,
Q-CB-DFS-04,2026-06-27,337,323,226311,700.6532507739938,
Q-CB-DFS-04,2026-06-28,225,219,172624,788.2374429223744,
Q-CB-DFS-04,2026-06-29,601,581,443216,762.8502581755594,
Q-CB-DFS-04,2026-06-30,482,460,336769,732.1065217391305,
Q-CB-DFS-04,2026-07-01,512,500,388318,776.636,
Q-CB-DFS-04,2026-07-02,440,429,349274,814.1585081585082,
Q-CB-DFS-04,2026-07-03,452,436,327442,751.0137614678899,
Q-CB-DFS-04,2026-07-04,175,168,122099,726.7797619047619,Independence Day reduced demand
Q-CB-DFS-04,2026-07-05,231,224,159271,711.03125,
Q-CB-DFS-04,2026-07-06,765,738,535053,725.0040650406504,Post-holiday catch-up
Q-CB-DFS-04,2026-07-07,585,563,404969,719.3055062166962,
Q-CB-DFS-04,2026-07-08,504,484,342680,708.0165289256198,
Q-CB-DFS-04,2026-07-09,553,533,356275,668.4333958724203,
Q-CB-DFS-04,2026-07-10,513,497,307250,618.2092555331992,
Q-CB-DFS-04,2026-07-11,297,286,204227,714.0804195804196,
Q-CB-DFS-04,2026-07-12,214,209,151362,724.2200956937799,
Q-CB-DFS-04,2026-07-13,560,543,408775,752.8084714548803,
Q-CB-DFS-04,2026-07-14,597,580,387679,668.4120689655173,
Q-CB-DFS-04,2026-07-15,496,475,341873,719.7326315789473,
Q-CB-DFS-04,2026-07-16,588,573,403715,704.56369982548,
Q-CB-DFS-04,2026-07-17,552,529,356931,674.7277882797731,
Q-CB-DFS-04,2026-07-18,358,345,249020,721.7971014492754,
Q-CB-DFS-04,2026-07-19,265,253,186960,738.9723320158103,
Q-CB-DFS-04,2026-07-20,621,591,401284,678.9915397631133,
Q-CB-DFS-04,2026-07-21,795,764,677771,887.1348167539267,Digital access incident
Q-CB-DFS-04,2026-07-22,536,524,385168,735.0534351145038,
Q-CB-DFS-04,2026-07-23,496,479,346020,722.3799582463465,
Q-CB-DFS-04,2026-07-24,530,509,380302,747.1552062868369,
Q-CB-DFS-04,2026-07-25,415,408,304254,745.7205882352941,
Q-CB-DFS-04,2026-07-26,316,305,230452,755.5803278688525,
Q-CB-DFS-04,2026-07-27,613,592,444698,751.1790540540541,
Q-CB-DFS-04,2026-07-28,630,609,454702,746.6371100164204,
Q-CB-DFS-04,2026-07-29,494,477,335180,702.6834381551363,
Q-CB-DFS-04,2026-07-30,481,458,353923,772.7576419213974,
Q-CB-DFS-04,2026-07-31,406,392,292249,745.5331632653061,
Q-CB-DFS-04,2026-08-01,336,329,244163,742.1367781155016,
Q-CB-DFS-04,2026-08-02,221,214,155936,728.6728971962617,
Q-CB-DFS-04,2026-08-03,587,565,442963,784.0053097345133,
Q-CB-DFS-04,2026-08-04,586,560,450277,804.0660714285714,
Q-CB-DFS-04,2026-08-05,497,480,378345,788.21875,
Q-CB-DFS-04,2026-08-06,455,438,336455,768.162100456621,
Q-CB-DFS-04,2026-08-07,570,553,403194,729.1030741410489,
Q-CB-DFS-04,2026-08-08,375,359,262029,729.8857938718663,
Q-CB-DFS-04,2026-08-09,310,302,203367,673.4006622516556,
Q-CB-DFS-04,2026-08-10,757,731,513712,702.7523939808482,
Q-CB-DFS-04,2026-08-11,639,613,392909,640.9608482871125,
Q-CB-DFS-04,2026-08-12,595,565,365887,647.587610619469,
Q-CB-DFS-04,2026-08-13,610,585,405554,693.2547008547009,
Q-CB-DFS-04,2026-08-14,632,612,417265,681.8055555555555,
Q-CB-DFS-04,2026-08-15,346,337,237252,704.0118694362018,
Q-CB-DFS-04,2026-08-16,252,242,173569,717.2272727272727,
Q-CB-DFS-04,2026-08-17,504,486,343849,707.5082304526749,
Q-CB-DFS-04,2026-08-18,635,610,452089,741.1295081967213,
Q-CB-DFS-04,2026-08-19,604,584,435055,744.957191780822,
Q-CB-DFS-04,2026-08-20,573,553,384247,694.8408679927667,
Q-CB-DFS-04,2026-08-21,547,515,386432,750.3533980582524,
Q-CB-DFS-04,2026-08-22,365,348,264933,761.301724137931,
Q-CB-DFS-04,2026-08-23,282,274,210279,767.4416058394161,
Q-CB-DFS-04,2026-08-24,652,624,437099,700.4791666666666,
Q-CB-DFS-04,2026-08-25,640,610,464118,760.8491803278689,
Q-CB-DFS-04,2026-08-26,670,649,490184,755.291217257319,
Q-CB-DFS-04,2026-08-27,557,536,399012,744.4253731343283,
Q-CB-DFS-04,2026-08-28,520,507,380770,751.025641025641,
Q-CB-DFS-04,2026-08-29,373,360,283424,787.2888888888889,
Q-CB-DFS-04,2026-08-30,257,247,187220,757.9757085020243,
Q-CB-DFS-04,2026-08-31,664,638,448370,702.7742946708464,
Q-CB-DFS-04,2026-09-01,630,606,426892,704.4422442244224,
Q-CB-DFS-04,2026-09-02,517,495,371292,750.0848484848485,
Q-CB-DFS-04,2026-09-03,550,531,393313,740.7024482109227,
Q-CB-DFS-04,2026-09-04,518,503,374884,745.2962226640159,
Q-CB-DFS-04,2026-09-05,387,373,278745,747.3056300268097,
Q-CB-DFS-04,2026-09-06,252,241,176990,734.3983402489627,
Q-CB-DFS-04,2026-09-07,451,434,303727,699.831797235023,Labor Day reduced demand
Q-CB-DFS-04,2026-09-08,750,718,546609,761.2938718662953,Post-holiday catch-up
Q-CB-DFS-04,2026-09-09,511,493,328375,666.0750507099391,
Q-CB-DFS-04,2026-09-10,699,668,453244,678.5089820359282,
Q-CB-DFS-04,2026-09-11,655,625,466655,746.648,
Q-CB-DFS-04,2026-09-12,379,375,257884,687.6906666666666,
Q-CB-DFS-04,2026-09-13,255,249,188347,756.4136546184739,
Q-CB-DFS-04,2026-09-14,687,652,459403,704.6058282208589,
Q-CB-DFS-04,2026-09-15,662,637,442890,695.2747252747253,
Q-CB-DFS-04,2026-09-16,622,602,444101,737.7093023255813,
Q-CB-DFS-04,2026-09-17,536,515,358369,695.8621359223301,
Q-CB-DFS-04,2026-09-18,595,566,379827,671.0724381625441,
Q-CB-DFS-04,2026-09-19,343,327,237929,727.611620795107,
Q-CB-DFS-04,2026-09-20,296,281,227221,808.6156583629893,
Q-CB-DFS-04,2026-09-21,665,635,484729,763.3527559055118,
Q-CB-DFS-04,2026-09-22,714,680,457899,673.3808823529412,
Q-CB-DFS-05,2026-06-23,408,396,295249,745.5782828282828,
Q-CB-DFS-05,2026-06-24,443,426,262605,616.443661971831,
Q-CB-DFS-05,2026-06-25,403,393,266488,678.0865139949109,
Q-CB-DFS-05,2026-06-26,400,395,272869,690.8075949367088,
Q-CB-DFS-05,2026-06-27,259,251,167171,666.0199203187251,
Q-CB-DFS-05,2026-06-28,188,185,126624,684.454054054054,
Q-CB-DFS-05,2026-06-29,460,439,313416,713.9316628701595,
Q-CB-DFS-05,2026-06-30,395,385,252856,656.7688311688312,
Q-CB-DFS-05,2026-07-01,371,355,238051,670.5661971830986,
Q-CB-DFS-05,2026-07-02,425,409,287940,704.0097799511002,
Q-CB-DFS-05,2026-07-03,455,442,296590,671.0180995475113,
Q-CB-DFS-05,2026-07-04,134,128,93397,729.6640625,Independence Day reduced demand
Q-CB-DFS-05,2026-07-05,189,183,132538,724.2513661202186,
Q-CB-DFS-05,2026-07-06,538,518,358309,691.7162162162163,Post-holiday catch-up
Q-CB-DFS-05,2026-07-07,458,433,270485,624.676674364896,
Q-CB-DFS-05,2026-07-08,501,476,345432,725.6974789915967,
Q-CB-DFS-05,2026-07-09,409,396,263930,666.489898989899,
Q-CB-DFS-05,2026-07-10,335,326,208106,638.361963190184,
Q-CB-DFS-05,2026-07-11,189,182,130683,718.0384615384615,
Q-CB-DFS-05,2026-07-12,166,157,92759,590.8216560509554,
Q-CB-DFS-05,2026-07-13,536,513,328958,641.2436647173489,
Q-CB-DFS-05,2026-07-14,413,398,265508,667.105527638191,
Q-CB-DFS-05,2026-07-15,360,345,228819,663.2434782608696,
Q-CB-DFS-05,2026-07-16,388,374,222662,595.3529411764706,
Q-CB-DFS-05,2026-07-17,372,361,224564,622.0609418282548,
Q-CB-DFS-05,2026-07-18,238,232,160722,692.7672413793103,
Q-CB-DFS-05,2026-07-19,175,170,119263,701.5470588235294,
Q-CB-DFS-05,2026-07-20,450,433,295402,682.2217090069284,
Q-CB-DFS-05,2026-07-21,578,545,406201,745.3229357798165,Digital access incident
Q-CB-DFS-05,2026-07-22,431,413,277675,672.3365617433413,
Q-CB-DFS-05,2026-07-23,369,356,260598,732.0168539325842,
Q-CB-DFS-05,2026-07-24,411,396,256678,648.1767676767677,
Q-CB-DFS-05,2026-07-25,259,251,172682,687.9760956175298,
Q-CB-DFS-05,2026-07-26,218,214,135661,633.9299065420561,
Q-CB-DFS-05,2026-07-27,399,383,251961,657.8616187989556,
Q-CB-DFS-05,2026-07-28,411,395,282094,714.1620253164557,
Q-CB-DFS-05,2026-07-29,375,358,260021,726.3156424581006,
Q-CB-DFS-05,2026-07-30,363,345,227677,659.9333333333333,
Q-CB-DFS-05,2026-07-31,360,347,245425,707.2766570605187,
Q-CB-DFS-05,2026-08-01,184,180,129961,722.0055555555556,
Q-CB-DFS-05,2026-08-02,135,132,89786,680.1969696969697,
Q-CB-DFS-05,2026-08-03,379,370,254581,688.0567567567567,
Q-CB-DFS-05,2026-08-04,426,409,280330,685.4034229828851,
Q-CB-DFS-05,2026-08-05,464,448,296202,661.1651785714286,
Q-CB-DFS-05,2026-08-06,372,355,242419,682.8704225352112,
Q-CB-DFS-05,2026-08-07,438,426,268137,629.4295774647887,
Q-CB-DFS-05,2026-08-08,268,257,164548,640.2645914396887,
Q-CB-DFS-05,2026-08-09,153,149,86276,579.0335570469799,
Q-CB-DFS-05,2026-08-10,439,415,250147,602.7638554216868,
Q-CB-DFS-05,2026-08-11,460,443,276426,623.9864559819413,
Q-CB-DFS-05,2026-08-12,428,408,275763,675.8897058823529,
Q-CB-DFS-05,2026-08-13,450,432,259420,600.5092592592592,
Q-CB-DFS-05,2026-08-14,439,426,254867,598.2793427230047,
Q-CB-DFS-05,2026-08-15,288,274,169422,618.3284671532847,
Q-CB-DFS-05,2026-08-16,146,142,95827,674.8380281690141,
Q-CB-DFS-05,2026-08-17,513,486,340224,700.0493827160494,
Q-CB-DFS-05,2026-08-18,406,390,265716,681.3230769230769,
Q-CB-DFS-05,2026-08-19,403,385,233626,606.8207792207792,
Q-CB-DFS-05,2026-08-20,451,438,259372,592.1735159817351,
Q-CB-DFS-05,2026-08-21,454,436,272176,624.256880733945,
Q-CB-DFS-05,2026-08-22,251,244,185289,759.3811475409836,
Q-CB-DFS-05,2026-08-23,164,157,99213,631.9299363057324,
Q-CB-DFS-05,2026-08-24,403,387,252178,651.6227390180878,
Q-CB-DFS-05,2026-08-25,399,379,262439,692.4511873350923,
Q-CB-DFS-05,2026-08-26,445,432,294698,682.1712962962963,
Q-CB-DFS-05,2026-08-27,373,361,248216,687.578947368421,
Q-CB-DFS-05,2026-08-28,335,327,207600,634.8623853211009,
Q-CB-DFS-05,2026-08-29,208,201,134464,668.9751243781094,
Q-CB-DFS-05,2026-08-30,209,205,140600,685.8536585365854,
Q-CB-DFS-05,2026-08-31,536,508,353485,695.8366141732283,
Q-CB-DFS-05,2026-09-01,385,366,254790,696.1475409836065,
Q-CB-DFS-05,2026-09-02,375,368,252302,685.6032608695652,
Q-CB-DFS-05,2026-09-03,376,365,246797,676.1561643835616,
Q-CB-DFS-05,2026-09-04,422,412,280290,680.3155339805825,
Q-CB-DFS-05,2026-09-05,306,295,206580,700.271186440678,
Q-CB-DFS-05,2026-09-06,241,230,146445,636.7173913043479,
Q-CB-DFS-05,2026-09-07,382,364,247842,680.8846153846154,Labor Day reduced demand
Q-CB-DFS-05,2026-09-08,526,497,367600,739.6378269617707,Post-holiday catch-up
Q-CB-DFS-05,2026-09-09,465,448,264164,589.6517857142857,
Q-CB-DFS-05,2026-09-10,419,401,244958,610.8678304239402,
Q-CB-DFS-05,2026-09-11,340,326,201435,617.898773006135,
Q-CB-DFS-05,2026-09-12,214,207,130269,629.3188405797101,
Q-CB-DFS-05,2026-09-13,170,162,100677,621.4629629629629,
Q-CB-DFS-05,2026-09-14,539,514,322366,627.171206225681,
Q-CB-DFS-05,2026-09-15,422,411,287797,700.2360097323601,
Q-CB-DFS-05,2026-09-16,441,421,305683,726.0878859857482,
Q-CB-DFS-05,2026-09-17,387,371,238153,641.9218328840971,
Q-CB-DFS-05,2026-09-18,489,480,311589,649.14375,
Q-CB-DFS-05,2026-09-19,249,241,159104,660.1825726141079,
Q-CB-DFS-05,2026-09-20,179,173,115955,670.2601156069364,
Q-CB-DFS-05,2026-09-21,478,463,324786,701.4816414686825,
Q-CB-DFS-05,2026-09-22,444,431,274695,637.3433874709976,
Q-CL-ALS-01,2026-06-23,714,685,331556,484.0233576642336,
Q-CL-ALS-01,2026-06-24,871,846,412652,487.7683215130024,
Q-CL-ALS-01,2026-06-25,795,767,371327,484.12907431551497,
Q-CL-ALS-01,2026-06-26,887,854,396353,464.1135831381733,
Q-CL-ALS-01,2026-06-27,429,413,205058,496.50847457627117,
Q-CL-ALS-01,2026-06-28,267,261,132006,505.7701149425287,
Q-CL-ALS-01,2026-06-29,972,939,481513,512.793397231097,
Q-CL-ALS-01,2026-06-30,857,835,397323,475.8359281437126,
Q-CL-ALS-01,2026-07-01,1038,997,467229,468.6349047141424,
Q-CL-ALS-01,2026-07-02,885,859,404981,471.45634458672873,
Q-CL-ALS-01,2026-07-03,933,901,449262,498.62597114317424,
Q-CL-ALS-01,2026-07-04,249,238,124557,523.3487394957983,Independence Day reduced demand
Q-CL-ALS-01,2026-07-05,269,258,130227,504.75581395348837,
Q-CL-ALS-01,2026-07-06,1415,1347,683125,507.14550853749074,Post-holiday catch-up
Q-CL-ALS-01,2026-07-07,891,861,399798,464.3414634146341,
Q-CL-ALS-01,2026-07-08,848,814,430820,529.2628992628993,
Q-CL-ALS-01,2026-07-09,848,814,368945,453.24938574938574,
Q-CL-ALS-01,2026-07-10,809,775,386390,498.56774193548387,
Q-CL-ALS-01,2026-07-11,376,365,165986,454.75616438356167,
Q-CL-ALS-01,2026-07-12,321,311,152479,490.2861736334405,
Q-CL-ALS-01,2026-07-13,1153,1097,532677,485.5761166818596,
Q-CL-ALS-01,2026-07-14,1056,1007,453707,450.55312810327706,
Q-CL-ALS-01,2026-07-15,946,913,421890,462.092004381161,
Q-CL-ALS-01,2026-07-16,1053,1004,429164,427.45418326693226,
Q-CL-ALS-01,2026-07-17,923,883,402086,455.3635334088335,
Q-CL-ALS-01,2026-07-18,417,400,185310,463.275,
Q-CL-ALS-01,2026-07-19,253,246,123845,503.4349593495935,
Q-CL-ALS-01,2026-07-20,1054,1012,458177,452.74407114624506,
Q-CL-ALS-01,2026-07-21,774,750,342258,456.344,
Q-CL-ALS-01,2026-07-22,767,747,348467,466.48862115127173,
Q-CL-ALS-01,2026-07-23,696,674,317945,471.7284866468843,
Q-CL-ALS-01,2026-07-24,819,789,389687,493.8998732572877,
Q-CL-ALS-01,2026-07-25,396,383,189147,493.8563968668407,
Q-CL-ALS-01,2026-07-26,262,256,127499,498.04296875,
Q-CL-ALS-01,2026-07-27,1029,985,510104,517.8720812182742,
Q-CL-ALS-01,2026-07-28,872,838,417316,497.99045346062053,
Q-CL-ALS-01,2026-07-29,905,874,431194,493.35697940503434,
Q-CL-ALS-01,2026-07-30,742,714,367185,514.2647058823529,
Q-CL-ALS-01,2026-07-31,779,751,364501,485.3541944074567,
Q-CL-ALS-01,2026-08-01,390,376,195617,520.2579787234042,
Q-CL-ALS-01,2026-08-02,260,250,125895,503.58,
Q-CL-ALS-01,2026-08-03,1055,1008,479289,475.48511904761904,
Q-CL-ALS-01,2026-08-04,994,942,475160,504.416135881104,
Q-CL-ALS-01,2026-08-05,890,860,434648,505.4046511627907,
Q-CL-ALS-01,2026-08-06,762,731,363887,497.7934336525308,
Q-CL-ALS-01,2026-08-07,1040,1004,504542,502.5318725099602,
Q-CL-ALS-01,2026-08-08,426,411,186210,453.06569343065695,
Q-CL-ALS-01,2026-08-09,313,296,143462,484.6689189189189,
Q-CL-ALS-01,2026-08-10,1102,1040,499813,480.5894230769231,
Q-CL-ALS-01,2026-08-11,876,846,388648,459.39479905437355,
Q-CL-ALS-01,2026-08-12,787,765,384677,502.84575163398694,
Q-CL-ALS-01,2026-08-13,1080,1043,501566,480.88782358581017,
Q-CL-ALS-01,2026-08-14,898,860,393821,457.9313953488372,
Q-CL-ALS-01,2026-08-15,465,449,206183,459.20489977728283,
Q-CL-ALS-01,2026-08-16,269,261,113948,436.5823754789272,
Q-CL-ALS-01,2026-08-17,1035,1001,460424,459.964035964036,
Q-CL-ALS-01,2026-08-18,961,929,450579,485.01506996770723,
Q-CL-ALS-01,2026-08-19,785,746,348257,466.8324396782842,
Q-CL-ALS-01,2026-08-20,705,683,327328,479.2503660322108,
Q-CL-ALS-01,2026-08-21,753,728,359870,494.3269230769231,
Q-CL-ALS-01,2026-08-22,406,389,181076,465.4910025706941,
Q-CL-ALS-01,2026-08-23,302,292,147424,504.8767123287671,
Q-CL-ALS-01,2026-08-24,1205,1155,584887,506.39567099567097,
Q-CL-ALS-01,2026-08-25,1096,1055,559169,530.018009478673,
Q-CL-ALS-01,2026-08-26,934,897,457903,510.48272017837235,
Q-CL-ALS-01,2026-08-27,788,752,369305,491.0970744680851,
Q-CL-ALS-01,2026-08-28,820,784,373324,476.17857142857144,
Q-CL-ALS-01,2026-08-29,427,413,198314,480.17917675544794,
Q-CL-ALS-01,2026-08-30,341,329,171039,519.8753799392098,
Q-CL-ALS-01,2026-08-31,972,939,484677,516.1629392971246,
Q-CL-ALS-01,2026-09-01,905,868,430684,496.17972350230417,
Q-CL-ALS-01,2026-09-02,844,817,418791,512.5960832313342,
Q-CL-ALS-01,2026-09-03,775,748,377894,505.20588235294116,
Q-CL-ALS-01,2026-09-04,803,771,361505,468.8780804150454,
Q-CL-ALS-01,2026-09-05,397,386,198492,514.2279792746114,
Q-CL-ALS-01,2026-09-06,260,249,113977,457.73895582329317,
Q-CL-ALS-01,2026-09-07,725,707,353285,499.6958981612447,Labor Day reduced demand
Q-CL-ALS-01,2026-09-08,1134,1085,530276,488.7336405529954,Post-holiday catch-up
Q-CL-ALS-01,2026-09-09,808,779,366938,471.0372272143774,
Q-CL-ALS-01,2026-09-10,840,804,385163,479.05845771144277,
Q-CL-ALS-01,2026-09-11,818,797,363334,455.87703889585947,
Q-CL-ALS-01,2026-09-12,351,332,153786,463.21084337349396,
Q-CL-ALS-01,2026-09-13,256,239,116108,485.8075313807531,
Q-CL-ALS-01,2026-09-14,1134,1081,550264,509.03237742830714,
Q-CL-ALS-01,2026-09-15,1004,960,452620,471.4791666666667,
Q-CL-ALS-01,2026-09-16,986,943,456693,484.29798515376456,
Q-CL-ALS-01,2026-09-17,682,662,303794,458.9033232628399,
Q-CL-ALS-01,2026-09-18,876,846,385845,456.08156028368796,
Q-CL-ALS-01,2026-09-19,449,429,199495,465.02331002331005,
Q-CL-ALS-01,2026-09-20,345,332,173456,522.4578313253012,
Q-CL-ALS-01,2026-09-21,1221,1162,596317,513.1815834767642,
Q-CL-ALS-01,2026-09-22,1032,982,495614,504.69857433808556,
Q-CL-ALS-02,2026-06-23,991,958,391672,408.84342379958247,
Q-CL-ALS-02,2026-06-24,1162,1136,457541,402.7649647887324,
Q-CL-ALS-02,2026-06-25,1155,1113,460891,414.09793351302784,
Q-CL-ALS-02,2026-06-26,1266,1212,533920,440.52805280528054,
Q-CL-ALS-02,2026-06-27,577,562,241968,430.5480427046263,
Q-CL-ALS-02,2026-06-28,439,425,189650,446.2352941176471,
Q-CL-ALS-02,2026-06-29,1438,1387,608443,438.6755587599135,
Q-CL-ALS-02,2026-06-30,1420,1356,611363,450.85766961651916,
Q-CL-ALS-02,2026-07-01,1634,1551,676056,435.88394584139263,
Q-CL-ALS-02,2026-07-02,1686,1610,668381,415.1434782608696,
Q-CL-ALS-02,2026-07-03,1379,1309,590569,451.16042780748666,
Q-CL-ALS-02,2026-07-04,410,397,180373,454.34005037783373,Independence Day reduced demand
Q-CL-ALS-02,2026-07-05,381,370,155811,421.1108108108108,
Q-CL-ALS-02,2026-07-06,1640,1551,659202,425.0174081237911,Post-holiday catch-up
Q-CL-ALS-02,2026-07-07,1272,1222,509660,417.07037643207855,
Q-CL-ALS-02,2026-07-08,1032,993,438375,441.4652567975831,
Q-CL-ALS-02,2026-07-09,1281,1228,524951,427.4845276872964,
Q-CL-ALS-02,2026-07-10,1243,1200,516149,430.12416666666667,
Q-CL-ALS-02,2026-07-11,599,571,232029,406.3555166374781,
Q-CL-ALS-02,2026-07-12,468,452,187528,414.88495575221236,
Q-CL-ALS-02,2026-07-13,1428,1356,525028,387.188790560472,
Q-CL-ALS-02,2026-07-14,1391,1336,531901,398.1294910179641,
Q-CL-ALS-02,2026-07-15,1479,1416,536604,378.95762711864404,
Q-CL-ALS-02,2026-07-16,1242,1187,486457,409.8205560235889,
Q-CL-ALS-02,2026-07-17,1110,1068,467699,437.92041198501875,
Q-CL-ALS-02,2026-07-18,559,539,229765,426.2801484230056,
Q-CL-ALS-02,2026-07-19,366,354,148909,420.64689265536725,
Q-CL-ALS-02,2026-07-20,1336,1279,511029,399.55355746677094,
Q-CL-ALS-02,2026-07-21,1081,1045,439019,420.1138755980861,
Q-CL-ALS-02,2026-07-22,1155,1114,501185,449.8967684021544,
Q-CL-ALS-02,2026-07-23,1026,997,420346,421.6108324974925,
Q-CL-ALS-02,2026-07-24,1103,1069,473883,443.2956033676333,
Q-CL-ALS-02,2026-07-25,599,577,245688,425.80242634315425,
Q-CL-ALS-02,2026-07-26,345,337,152992,453.98219584569733,
Q-CL-ALS-02,2026-07-27,1111,1071,439379,410.2511671335201,
Q-CL-ALS-02,2026-07-28,1148,1094,447344,408.90676416819014,
Q-CL-ALS-02,2026-07-29,1198,1149,542624,472.25761531766756,
Q-CL-ALS-02,2026-07-30,1133,1088,477392,438.77941176470586,
Q-CL-ALS-02,2026-07-31,1218,1158,505950,436.91709844559585,
Q-CL-ALS-02,2026-08-01,643,621,298258,480.28663446054753,
Q-CL-ALS-02,2026-08-02,430,416,205594,494.21634615384613,
Q-CL-ALS-02,2026-08-03,1608,1540,690789,448.5642857142857,
Q-CL-ALS-02,2026-08-04,1013,977,432096,442.26816786079837,
Q-CL-ALS-02,2026-08-05,1143,1107,453905,410.0316169828365,
Q-CL-ALS-02,2026-08-06,1028,992,421397,424.7953629032258,
Q-CL-ALS-02,2026-08-07,1398,1347,548630,407.29769858945804,
Q-CL-ALS-02,2026-08-08,644,622,271107,435.863344051447,
Q-CL-ALS-02,2026-08-09,354,337,134301,398.5192878338279,
Q-CL-ALS-02,2026-08-10,1287,1234,544982,441.6385737439222,
Q-CL-ALS-02,2026-08-11,1220,1166,477482,409.5042881646655,
Q-CL-ALS-02,2026-08-12,1239,1195,543384,454.7146443514644,
Q-CL-ALS-02,2026-08-13,1236,1200,501696,418.08,
Q-CL-ALS-02,2026-08-14,1189,1144,477080,417.02797202797206,
Q-CL-ALS-02,2026-08-15,568,553,213584,386.2278481012658,
Q-CL-ALS-02,2026-08-16,423,406,176827,435.5344827586207,
Q-CL-ALS-02,2026-08-17,1420,1375,522538,380.02763636363636,
Q-CL-ALS-02,2026-08-18,1423,1361,558231,410.16238060249816,
Q-CL-ALS-02,2026-08-19,1101,1065,466157,437.706103286385,
Q-CL-ALS-02,2026-08-20,1344,1301,549078,422.04304381245197,
Q-CL-ALS-02,2026-08-21,1081,1043,431380,413.5953978906999,
Q-CL-ALS-02,2026-08-22,548,532,222317,417.8890977443609,
Q-CL-ALS-02,2026-08-23,447,435,184027,423.05057471264365,
Q-CL-ALS-02,2026-08-24,1625,1544,710852,460.39637305699483,
Q-CL-ALS-02,2026-08-25,1363,1322,571846,432.56127080181545,
Q-CL-ALS-02,2026-08-26,1236,1183,499725,422.4218089602705,
Q-CL-ALS-02,2026-08-27,1002,969,418809,432.20743034055727,
Q-CL-ALS-02,2026-08-28,1148,1115,483586,433.70941704035874,
Q-CL-ALS-02,2026-08-29,551,532,229601,431.5808270676692,
Q-CL-ALS-02,2026-08-30,372,360,153751,427.0861111111111,
Q-CL-ALS-02,2026-08-31,1621,1553,671787,432.57372826786866,
Q-CL-ALS-02,2026-09-01,1419,1351,570778,422.48556624722426,
Q-CL-ALS-02,2026-09-02,1281,1235,491176,397.71336032388666,
Q-CL-ALS-02,2026-09-03,1403,1340,580950,433.54477611940297,
Q-CL-ALS-02,2026-09-04,1122,1079,449020,416.144578313253,
Q-CL-ALS-02,2026-09-05,537,521,221177,424.5239923224568,
Q-CL-ALS-02,2026-09-06,426,414,178256,430.57004830917873,
Q-CL-ALS-02,2026-09-07,944,912,388118,425.5679824561403,Labor Day reduced demand
Q-CL-ALS-02,2026-09-08,1517,1444,661152,457.8614958448753,Post-holiday catch-up
Q-CL-ALS-02,2026-09-09,1120,1074,455979,424.56145251396646,
Q-CL-ALS-02,2026-09-10,1086,1050,452715,431.15714285714284,
Q-CL-ALS-02,2026-09-11,1075,1040,412558,396.69038461538463,
Q-CL-ALS-02,2026-09-12,521,508,216642,426.46062992125985,
Q-CL-ALS-02,2026-09-13,326,315,133120,422.6031746031746,
Q-CL-ALS-02,2026-09-14,1524,1443,607320,420.8731808731809,
Q-CL-ALS-02,2026-09-15,1561,1495,636800,425.95317725752506,
Q-CL-ALS-02,2026-09-16,1526,1456,586937,403.11607142857144,
Q-CL-ALS-02,2026-09-17,1113,1065,452821,425.1840375586854,
Q-CL-ALS-02,2026-09-18,1061,1024,410060,400.44921875,
Q-CL-ALS-02,2026-09-19,602,580,241404,416.21379310344827,
Q-CL-ALS-02,2026-09-20,397,381,170225,446.78477690288713,
Q-CL-ALS-02,2026-09-21,1490,1428,634324,444.2044817927171,
Q-CL-ALS-02,2026-09-22,1197,1149,461511,401.6631853785901,
Q-CL-ALS-03,2026-06-23,793,759,303883,400.37285902503294,
Q-CL-ALS-03,2026-06-24,970,930,391187,420.6311827956989,
Q-CL-ALS-03,2026-06-25,875,836,342904,410.17224880382776,
Q-CL-ALS-03,2026-06-26,852,815,367524,450.94969325153374,
Q-CL-ALS-03,2026-06-27,417,408,168230,412.328431372549,
Q-CL-ALS-03,2026-06-28,281,273,112657,412.6630036630037,
Q-CL-ALS-03,2026-06-29,1065,1025,448476,437.5375609756098,
Q-CL-ALS-03,2026-06-30,946,916,400556,437.2882096069869,
Q-CL-ALS-03,2026-07-01,737,704,290663,412.87357954545456,
Q-CL-ALS-03,2026-07-02,773,745,334325,448.758389261745,
Q-CL-ALS-03,2026-07-03,747,722,316643,438.56371191135736,
Q-CL-ALS-03,2026-07-04,202,197,87311,443.20304568527916,Independence Day reduced demand
Q-CL-ALS-03,2026-07-05,253,245,105664,431.28163265306125,
Q-CL-ALS-03,2026-07-06,1184,1134,471212,415.5308641975309,Post-holiday catch-up
Q-CL-ALS-03,2026-07-07,807,777,328452,422.7181467181467,
Q-CL-ALS-03,2026-07-08,882,856,355473,415.27219626168227,
Q-CL-ALS-03,2026-07-09,821,790,346548,438.66835443037974,
Q-CL-ALS-03,2026-07-10,751,717,300137,418.60111576011155,
Q-CL-ALS-03,2026-07-11,336,314,128863,410.39171974522293,
Q-CL-ALS-03,2026-07-12,279,272,115119,423.23161764705884,
Q-CL-ALS-03,2026-07-13,909,868,353104,406.8018433179723,
Q-CL-ALS-03,2026-07-14,884,850,327486,385.2776470588235,
Q-CL-ALS-03,2026-07-15,961,922,379217,411.2982646420824,
Q-CL-ALS-03,2026-07-16,1004,962,412346,428.6340956340956,
Q-CL-ALS-03,2026-07-17,868,840,326622,388.8357142857143,
Q-CL-ALS-03,2026-07-18,414,404,151273,374.43811881188117,
Q-CL-ALS-03,2026-07-19,304,295,114139,386.91186440677967,
Q-CL-ALS-03,2026-07-20,1096,1049,428838,408.80648236415635,
Q-CL-ALS-03,2026-07-21,836,797,349787,438.8795483061481,
Q-CL-ALS-03,2026-07-22,826,792,335946,424.17424242424244,
Q-CL-ALS-03,2026-07-23,774,736,341569,464.0883152173913,
Q-CL-ALS-03,2026-07-24,824,790,338682,428.7113924050633,
Q-CL-ALS-03,2026-07-25,381,372,159735,429.39516129032256,
Q-CL-ALS-03,2026-07-26,263,257,97938,381.0817120622568,
Q-CL-ALS-03,2026-07-27,1004,959,423238,441.33263816475494,
Q-CL-ALS-03,2026-07-28,838,805,351254,436.3403726708074,
Q-CL-ALS-03,2026-07-29,777,747,337247,451.46854082998664,
Q-CL-ALS-03,2026-07-30,629,601,275105,457.74542429284526,
Q-CL-ALS-03,2026-07-31,798,766,327084,427.00261096605743,
Q-CL-ALS-03,2026-08-01,392,375,171278,456.74133333333333,
Q-CL-ALS-03,2026-08-02,250,235,103462,440.26382978723404,
Q-CL-ALS-03,2026-08-03,964,927,426122,459.6785329018339,
Q-CL-ALS-03,2026-08-04,927,889,389926,438.6119235095613,
Q-CL-ALS-03,2026-08-05,771,737,326072,442.4314789687924,
Q-CL-ALS-03,2026-08-06,763,723,297802,411.89764868603044,
Q-CL-ALS-03,2026-08-07,769,738,293364,397.5121951219512,
Q-CL-ALS-03,2026-08-08,323,311,145859,469.0,
Q-CL-ALS-03,2026-08-09,287,277,116679,421.2238267148014,
Q-CL-ALS-03,2026-08-10,805,766,329736,430.46475195822455,
Q-CL-ALS-03,2026-08-11,844,809,330343,408.33498145859085,
Q-CL-ALS-03,2026-08-12,763,734,297671,405.54632152588556,
Q-CL-ALS-03,2026-08-13,881,854,327307,383.26346604215456,
Q-CL-ALS-03,2026-08-14,782,769,303939,395.23927178153446,
Q-CL-ALS-03,2026-08-15,410,399,153691,385.1904761904762,
Q-CL-ALS-03,2026-08-16,326,313,127640,407.7955271565495,
Q-CL-ALS-03,2026-08-17,1057,1011,432126,427.42433234421367,
Q-CL-ALS-03,2026-08-18,887,865,355766,411.29017341040463,
Q-CL-ALS-03,2026-08-19,809,772,336079,435.3354922279793,
Q-CL-ALS-03,2026-08-20,817,794,341781,430.45465994962217,
Q-CL-ALS-03,2026-08-21,723,699,282118,403.6022889842632,
Q-CL-ALS-03,2026-08-22,303,298,140693,472.1241610738255,
Q-CL-ALS-03,2026-08-23,273,265,111834,422.01509433962264,
Q-CL-ALS-03,2026-08-24,1026,970,443166,456.8721649484536,
Q-CL-ALS-03,2026-08-25,898,867,391334,451.36562860438295,
Q-CL-ALS-03,2026-08-26,950,922,426995,463.1182212581345,
Q-CL-ALS-03,2026-08-27,634,611,257250,421.03109656301143,
Q-CL-ALS-03,2026-08-28,752,724,308342,425.8867403314917,
Q-CL-ALS-03,2026-08-29,367,348,149491,429.57183908045977,
Q-CL-ALS-03,2026-08-30,308,294,131497,447.2687074829932,
Q-CL-ALS-03,2026-08-31,909,865,367046,424.3306358381503,
Q-CL-ALS-03,2026-09-01,897,868,364555,419.9942396313364,
Q-CL-ALS-03,2026-09-02,756,720,315617,438.3569444444444,
Q-CL-ALS-03,2026-09-03,826,797,340481,427.20326223337514,
Q-CL-ALS-03,2026-09-04,762,739,328068,443.93504736129904,
Q-CL-ALS-03,2026-09-05,393,380,173679,457.05,
Q-CL-ALS-03,2026-09-06,261,253,107101,423.32411067193675,
Q-CL-ALS-03,2026-09-07,632,605,258596,427.43140495867766,Labor Day reduced demand
Q-CL-ALS-03,2026-09-08,1133,1084,470158,433.7250922509225,Post-holiday catch-up
Q-CL-ALS-03,2026-09-09,913,881,360122,408.7650397275823,
Q-CL-ALS-03,2026-09-10,826,798,331886,415.89724310776944,
Q-CL-ALS-03,2026-09-11,790,761,316521,415.9277266754271,
Q-CL-ALS-03,2026-09-12,450,436,178871,410.2545871559633,
Q-CL-ALS-03,2026-09-13,291,280,110737,395.4892857142857,
Q-CL-ALS-03,2026-09-14,1122,1069,420600,393.4518241347053,
Q-CL-ALS-03,2026-09-15,1189,1141,455130,398.88694127957933,
Q-CL-ALS-03,2026-09-16,883,851,352428,414.13396004700354,
Q-CL-ALS-03,2026-09-17,730,706,279241,395.5254957507082,
Q-CL-ALS-03,2026-09-18,797,768,327205,426.0481770833333,
Q-CL-ALS-03,2026-09-19,360,354,142290,401.9491525423729,
Q-CL-ALS-03,2026-09-20,262,255,103917,407.5176470588235,
Q-CL-ALS-03,2026-09-21,1004,963,418848,434.94080996884736,
Q-CL-ALS-03,2026-09-22,884,846,338473,400.08628841607566,
Q-CL-ALS-04,2026-06-23,515,501,239429,477.90219560878245,
Q-CL-ALS-04,2026-06-24,579,563,286064,508.10657193605687,
Q-CL-ALS-04,2026-06-25,582,559,275463,492.778175313059,
Q-CL-ALS-04,2026-06-26,692,668,344636,515.9221556886228,
Q-CL-ALS-04,2026-06-27,275,266,137940,518.5714285714286,
Q-CL-ALS-04,2026-06-28,165,157,81075,516.4012738853503,
Q-CL-ALS-04,2026-06-29,601,582,308712,530.4329896907217,
Q-CL-ALS-04,2026-06-30,563,541,263271,486.637707948244,
Q-CL-ALS-04,2026-07-01,649,631,306563,485.83676703645006,
Q-CL-ALS-04,2026-07-02,582,562,287610,511.7615658362989,
Q-CL-ALS-04,2026-07-03,502,486,258544,531.9835390946502,
Q-CL-ALS-04,2026-07-04,149,147,71085,483.57142857142856,Independence Day reduced demand
Q-CL-ALS-04,2026-07-05,134,128,60095,469.4921875,
Q-CL-ALS-04,2026-07-06,818,784,395553,504.53188775510205,Post-holiday catch-up
Q-CL-ALS-04,2026-07-07,645,615,300080,487.9349593495935,
Q-CL-ALS-04,2026-07-08,708,677,316181,467.0324963072378,
Q-CL-ALS-04,2026-07-09,662,638,294890,462.2100313479624,
Q-CL-ALS-04,2026-07-10,517,490,224964,459.1102040816327,
Q-CL-ALS-04,2026-07-11,274,267,127809,478.685393258427,
Q-CL-ALS-04,2026-07-12,215,210,87581,417.05238095238093,
Q-CL-ALS-04,2026-07-13,843,794,361328,455.07304785894206,
Q-CL-ALS-04,2026-07-14,583,562,241287,429.33629893238435,
Q-CL-ALS-04,2026-07-15,509,490,218406,445.7265306122449,
Q-CL-ALS-04,2026-07-16,452,436,190003,435.7866972477064,
Q-CL-ALS-04,2026-07-17,537,520,249997,480.7634615384615,
Q-CL-ALS-04,2026-07-18,248,240,115659,481.9125,
Q-CL-ALS-04,2026-07-19,187,182,82683,454.3021978021978,
Q-CL-ALS-04,2026-07-20,738,704,318047,451.7713068181818,
Q-CL-ALS-04,2026-07-21,638,608,286409,471.0674342105263,
Q-CL-ALS-04,2026-07-22,597,579,275739,476.23316062176167,
Q-CL-ALS-04,2026-07-23,532,514,246798,480.15175097276267,
Q-CL-ALS-04,2026-07-24,542,524,247290,471.92748091603056,
Q-CL-ALS-04,2026-07-25,327,314,150396,478.96815286624206,
Q-CL-ALS-04,2026-07-26,198,186,82833,445.33870967741933,
Q-CL-ALS-04,2026-07-27,687,655,322373,492.17251908396946,
Q-CL-ALS-04,2026-07-28,564,551,255885,464.4010889292196,
Q-CL-ALS-04,2026-07-29,531,513,248151,483.72514619883043,
Q-CL-ALS-04,2026-07-30,488,469,237866,507.1769722814499,
Q-CL-ALS-04,2026-07-31,587,571,280425,491.1120840630473,
Q-CL-ALS-04,2026-08-01,319,306,156527,511.5261437908497,
Q-CL-ALS-04,2026-08-02,172,168,78408,466.7142857142857,
Q-CL-ALS-04,2026-08-03,627,601,296397,493.17304492512477,
Q-CL-ALS-04,2026-08-04,586,561,290805,518.3689839572193,
Q-CL-ALS-04,2026-08-05,506,490,232841,475.1857142857143,
Q-CL-ALS-04,2026-08-06,520,503,250033,497.0834990059642,
Q-CL-ALS-04,2026-08-07,500,483,225839,467.57556935817803,
Q-CL-ALS-04,2026-08-08,284,274,129218,471.5985401459854,
Q-CL-ALS-04,2026-08-09,183,176,79480,451.59090909090907,
Q-CL-ALS-04,2026-08-10,657,637,282633,443.6938775510204,
Q-CL-ALS-04,2026-08-11,659,627,298910,476.7304625199362,
Q-CL-ALS-04,2026-08-12,663,637,299396,470.0094191522763,
Q-CL-ALS-04,2026-08-13,597,577,271015,469.6967071057192,
Q-CL-ALS-04,2026-08-14,665,639,293264,458.9420970266041,
Q-CL-ALS-04,2026-08-15,280,273,116159,425.4908424908425,
Q-CL-ALS-04,2026-08-16,202,189,98534,521.3439153439153,
Q-CL-ALS-04,2026-08-17,792,762,352078,462.04461942257217,
Q-CL-ALS-04,2026-08-18,653,625,289166,462.6656,
Q-CL-ALS-04,2026-08-19,597,577,263393,456.48700173310226,
Q-CL-ALS-04,2026-08-20,608,583,283515,486.30360205831903,
Q-CL-ALS-04,2026-08-21,566,546,267375,489.6978021978022,
Q-CL-ALS-04,2026-08-22,325,309,149510,483.85113268608416,
Q-CL-ALS-04,2026-08-23,243,236,114865,486.71610169491527,
Q-CL-ALS-04,2026-08-24,811,781,386786,495.24455825864277,
Q-CL-ALS-04,2026-08-25,819,789,386334,489.65019011406844,
Q-CL-ALS-04,2026-08-26,727,698,335767,481.04154727793696,
Q-CL-ALS-04,2026-08-27,533,518,257230,496.58301158301157,
Q-CL-ALS-04,2026-08-28,591,576,307636,534.0902777777778,
Q-CL-ALS-04,2026-08-29,273,266,141676,532.6165413533835,
Q-CL-ALS-04,2026-08-30,221,214,100864,471.32710280373834,
Q-CL-ALS-04,2026-08-31,680,648,336145,518.7422839506173,
Q-CL-ALS-04,2026-09-01,612,594,282830,476.1447811447811,
Q-CL-ALS-04,2026-09-02,589,567,297924,525.4391534391534,
Q-CL-ALS-04,2026-09-03,526,505,235769,466.8693069306931,
Q-CL-ALS-04,2026-09-04,500,482,229954,477.08298755186723,
Q-CL-ALS-04,2026-09-05,289,280,127993,457.11785714285713,
Q-CL-ALS-04,2026-09-06,206,199,94425,474.49748743718595,
Q-CL-ALS-04,2026-09-07,423,406,206935,509.692118226601,Labor Day reduced demand
Q-CL-ALS-04,2026-09-08,836,803,353746,440.5305105853051,Post-holiday catch-up
Q-CL-ALS-04,2026-09-09,656,626,312053,498.48722044728436,
Q-CL-ALS-04,2026-09-10,620,599,263735,440.29215358931555,
Q-CL-ALS-04,2026-09-11,594,573,276560,482.65270506108203,
Q-CL-ALS-04,2026-09-12,317,303,148173,489.019801980198,
Q-CL-ALS-04,2026-09-13,191,186,87276,469.2258064516129,
Q-CL-ALS-04,2026-09-14,803,764,338926,443.62041884816756,
Q-CL-ALS-04,2026-09-15,675,640,297017,464.0890625,
Q-CL-ALS-04,2026-09-16,641,621,295802,476.3317230273752,
Q-CL-ALS-04,2026-09-17,596,577,265826,460.7036395147314,
Q-CL-ALS-04,2026-09-18,460,444,232488,523.6216216216217,
Q-CL-ALS-04,2026-09-19,292,285,123893,434.71228070175437,
Q-CL-ALS-04,2026-09-20,199,189,90459,478.6190476190476,
Q-CL-ALS-04,2026-09-21,663,635,286386,451.0015748031496,
Q-CL-ALS-04,2026-09-22,745,707,340666,481.84724186704386,
Q-CL-ALS-05,2026-06-23,746,711,272545,383.3263009845288,
Q-CL-ALS-05,2026-06-24,783,750,291354,388.472,
Q-CL-ALS-05,2026-06-25,801,775,308352,397.8735483870968,
Q-CL-ALS-05,2026-06-26,868,828,342240,413.3333333333333,
Q-CL-ALS-05,2026-06-27,484,465,169843,365.2537634408602,
Q-CL-ALS-05,2026-06-28,265,257,103573,403.0077821011673,
Q-CL-ALS-05,2026-06-29,833,811,352101,434.1565967940814,
Q-CL-ALS-05,2026-06-30,771,733,301070,410.73669849931787,
Q-CL-ALS-05,2026-07-01,797,756,294794,389.9391534391534,
Q-CL-ALS-05,2026-07-02,950,906,375757,414.742825607064,
Q-CL-ALS-05,2026-07-03,867,825,312990,379.3818181818182,
Q-CL-ALS-05,2026-07-04,247,238,100761,423.3655462184874,Independence Day reduced demand
Q-CL-ALS-05,2026-07-05,242,234,97296,415.79487179487177,
Q-CL-ALS-05,2026-07-06,1027,978,402100,411.14519427402865,Post-holiday catch-up
Q-CL-ALS-05,2026-07-07,723,686,273944,399.33527696793004,
Q-CL-ALS-05,2026-07-08,625,606,245029,404.3382838283828,
Q-CL-ALS-05,2026-07-09,831,805,311887,387.43726708074536,
Q-CL-ALS-05,2026-07-10,757,731,273275,373.83720930232556,
Q-CL-ALS-05,2026-07-11,343,334,125649,376.1946107784431,
Q-CL-ALS-05,2026-07-12,286,276,116138,420.78985507246375,
Q-CL-ALS-05,2026-07-13,934,880,334136,379.7,
Q-CL-ALS-05,2026-07-14,731,704,257222,365.37215909090907,
Q-CL-ALS-05,2026-07-15,846,820,324129,395.2792682926829,
Q-CL-ALS-05,2026-07-16,784,755,295880,391.89403973509934,
Q-CL-ALS-05,2026-07-17,707,681,255530,375.2276064610866,
Q-CL-ALS-05,2026-07-18,351,341,126551,371.11730205278593,
Q-CL-ALS-05,2026-07-19,295,290,115294,397.5655172413793,
Q-CL-ALS-05,2026-07-20,865,829,311052,375.2135102533172,
Q-CL-ALS-05,2026-07-21,616,595,237316,398.8504201680672,
Q-CL-ALS-05,2026-07-22,747,713,269820,378.4291725105189,
Q-CL-ALS-05,2026-07-23,735,705,268744,381.1971631205674,
Q-CL-ALS-05,2026-07-24,781,753,301615,400.5511288180611,
Q-CL-ALS-05,2026-07-25,394,383,141926,370.5639686684073,
Q-CL-ALS-05,2026-07-26,277,273,105576,386.72527472527474,
Q-CL-ALS-05,2026-07-27,819,787,337594,428.96315120711563,
Q-CL-ALS-05,2026-07-28,643,622,251926,405.0257234726688,
Q-CL-ALS-05,2026-07-29,783,747,304710,407.9116465863454,
Q-CL-ALS-05,2026-07-30,654,620,251358,405.4161290322581,
Q-CL-ALS-05,2026-07-31,735,715,296215,414.2867132867133,
Q-CL-ALS-05,2026-08-01,453,430,178823,415.86744186046514,
Q-CL-ALS-05,2026-08-02,299,290,117746,406.0206896551724,
Q-CL-ALS-05,2026-08-03,1027,976,411080,421.1885245901639,
Q-CL-ALS-05,2026-08-04,706,676,275651,407.7677514792899,
Q-CL-ALS-05,2026-08-05,633,621,248278,399.80354267310787,
Q-CL-ALS-05,2026-08-06,566,543,219364,403.9852670349908,
Q-CL-ALS-05,2026-08-07,816,783,285253,364.30779054916985,
Q-CL-ALS-05,2026-08-08,385,372,143365,385.38978494623655,
Q-CL-ALS-05,2026-08-09,163,163,65262,400.3803680981595,
Q-CL-ALS-05,2026-08-10,818,781,302807,387.7170294494238,
Q-CL-ALS-05,2026-08-11,831,792,304720,384.74747474747477,
Q-CL-ALS-05,2026-08-12,577,555,219962,396.32792792792793,
Q-CL-ALS-05,2026-08-13,769,748,271157,362.50935828877004,
Q-CL-ALS-05,2026-08-14,850,812,320246,394.39162561576353,
Q-CL-ALS-05,2026-08-15,351,340,132453,389.5676470588235,
Q-CL-ALS-05,2026-08-16,249,241,93708,388.8298755186722,
Q-CL-ALS-05,2026-08-17,880,851,308214,362.1786133960047,
Q-CL-ALS-05,2026-08-18,649,628,237280,377.8343949044586,
Q-CL-ALS-05,2026-08-19,715,686,275062,400.96501457725947,
Q-CL-ALS-05,2026-08-20,751,732,305739,417.67622950819674,
Q-CL-ALS-05,2026-08-21,641,608,238824,392.80263157894734,
Q-CL-ALS-05,2026-08-22,389,381,149932,393.5223097112861,
Q-CL-ALS-05,2026-08-23,214,208,85719,412.1105769230769,
Q-CL-ALS-05,2026-08-24,801,769,304488,395.95318595578675,
Q-CL-ALS-05,2026-08-25,893,857,349541,407.86581096849477,
Q-CL-ALS-05,2026-08-26,758,729,294564,404.06584362139915,
Q-CL-ALS-05,2026-08-27,606,582,213278,366.45704467353954,
Q-CL-ALS-05,2026-08-28,815,785,307999,392.35541401273883,
Q-CL-ALS-05,2026-08-29,432,413,162619,393.7506053268765,
Q-CL-ALS-05,2026-08-30,256,242,95503,394.6404958677686,
Q-CL-ALS-05,2026-08-31,977,947,369425,390.10031678986275,
Q-CL-ALS-05,2026-09-01,1090,1042,413396,396.7332053742802,
Q-CL-ALS-05,2026-09-02,893,864,354827,410.67939814814815,
Q-CL-ALS-05,2026-09-03,862,831,320048,385.13598074608905,
Q-CL-ALS-05,2026-09-04,775,745,289303,388.3261744966443,
Q-CL-ALS-05,2026-09-05,398,386,154504,400.26943005181346,
Q-CL-ALS-05,2026-09-06,264,253,88033,347.95652173913044,
Q-CL-ALS-05,2026-09-07,706,674,255010,378.35311572700294,Labor Day reduced demand
Q-CL-ALS-05,2026-09-08,1011,959,391234,407.9603753910323,Post-holiday catch-up
Q-CL-ALS-05,2026-09-09,745,716,289951,404.95949720670393,
Q-CL-ALS-05,2026-09-10,807,785,288166,367.0904458598726,
Q-CL-ALS-05,2026-09-11,685,663,257938,389.0467571644042,
Q-CL-ALS-05,2026-09-12,362,351,143040,407.5213675213675,
Q-CL-ALS-05,2026-09-13,218,204,73711,361.328431372549,
Q-CL-ALS-05,2026-09-14,953,917,337945,368.5332606324973,
Q-CL-ALS-05,2026-09-15,869,834,316918,379.99760191846525,
Q-CL-ALS-05,2026-09-16,994,965,370363,383.7958549222798,
Q-CL-ALS-05,2026-09-17,643,618,218832,354.09708737864077,
Q-CL-ALS-05,2026-09-18,640,625,239886,383.8176,
Q-CL-ALS-05,2026-09-19,287,278,104744,376.7769784172662,
Q-CL-ALS-05,2026-09-20,231,225,84292,374.6311111111111,
Q-CL-ALS-05,2026-09-21,772,741,279345,376.9838056680162,
Q-CL-ALS-05,2026-09-22,801,765,307156,401.5111111111111,
Q-CL-MCS-01,2026-06-23,796,761,525927,691.0998685939553,
Q-CL-MCS-01,2026-06-24,908,883,613722,695.0419026047565,
Q-CL-MCS-01,2026-06-25,788,755,501156,663.7827814569537,
Q-CL-MCS-01,2026-06-26,759,734,540823,736.8160762942779,
Q-CL-MCS-01,2026-06-27,338,327,225172,688.5993883792049,
Q-CL-MCS-01,2026-06-28,228,218,150028,688.2018348623853,
Q-CL-MCS-01,2026-06-29,919,889,593948,668.1079865016873,
Q-CL-MCS-01,2026-06-30,1089,1038,703953,678.1820809248555,
Q-CL-MCS-01,2026-07-01,730,705,481237,682.6056737588652,
Q-CL-MCS-01,2026-07-02,775,753,490371,651.2231075697212,
Q-CL-MCS-01,2026-07-03,732,705,484982,687.9177304964539,
Q-CL-MCS-01,2026-07-04,230,226,157660,697.6106194690266,Independence Day reduced demand
Q-CL-MCS-01,2026-07-05,250,237,161768,682.5654008438819,
Q-CL-MCS-01,2026-07-06,1166,1111,752115,676.971197119712,Post-holiday catch-up
Q-CL-MCS-01,2026-07-07,866,835,568683,681.0574850299402,
Q-CL-MCS-01,2026-07-08,697,663,425632,641.9788838612368,
Q-CL-MCS-01,2026-07-09,715,685,474762,693.0832116788321,
Q-CL-MCS-01,2026-07-10,767,743,483745,651.0699865410498,
Q-CL-MCS-01,2026-07-11,361,343,217599,634.399416909621,
Q-CL-MCS-01,2026-07-12,280,273,173250,634.6153846153846,
Q-CL-MCS-01,2026-07-13,866,824,515675,625.8191747572815,
Q-CL-MCS-01,2026-07-14,765,731,455048,622.500683994528,
Q-CL-MCS-01,2026-07-15,694,670,443123,661.3776119402985,
Q-CL-MCS-01,2026-07-16,862,834,560564,672.1390887290167,
Q-CL-MCS-01,2026-07-17,752,723,437343,604.9004149377594,
Q-CL-MCS-01,2026-07-18,318,311,207826,668.250803858521,
Q-CL-MCS-01,2026-07-19,316,304,182391,599.9703947368421,
Q-CL-MCS-01,2026-07-20,966,914,596747,652.8960612691466,
Q-CL-MCS-01,2026-07-21,1036,995,673737,677.1226130653266,
Q-CL-MCS-01,2026-07-22,916,885,559349,632.0327683615819,
Q-CL-MCS-01,2026-07-23,821,792,536376,677.2424242424242,
Q-CL-MCS-01,2026-07-24,816,791,507204,641.2187104930467,
Q-CL-MCS-01,2026-07-25,401,382,285959,748.5837696335078,
Q-CL-MCS-01,2026-07-26,289,280,190664,680.9428571428572,
Q-CL-MCS-01,2026-07-27,788,761,519437,682.5716162943495,
Q-CL-MCS-01,2026-07-28,998,952,695753,730.8329831932773,
Q-CL-MCS-01,2026-07-29,891,855,650783,761.1497076023392,
Q-CL-MCS-01,2026-07-30,894,866,611212,705.7875288683603,
Q-CL-MCS-01,2026-07-31,808,784,553395,705.8609693877551,
Q-CL-MCS-01,2026-08-01,346,335,232019,692.5940298507463,
Q-CL-MCS-01,2026-08-02,286,281,191810,682.5978647686833,
Q-CL-MCS-01,2026-08-03,986,948,693764,731.8185654008439,
Q-CL-MCS-01,2026-08-04,891,856,603606,705.1471962616822,
Q-CL-MCS-01,2026-08-05,834,809,566746,700.5512978986403,
Q-CL-MCS-01,2026-08-06,931,892,562398,630.4910313901345,
Q-CL-MCS-01,2026-08-07,722,689,448170,650.4644412191582,
Q-CL-MCS-01,2026-08-08,365,346,220839,638.2630057803468,
Q-CL-MCS-01,2026-08-09,278,263,175108,665.8098859315589,
Q-CL-MCS-01,2026-08-10,1304,1254,850115,677.9226475279107,
Q-CL-MCS-01,2026-08-11,1033,989,608009,614.7714863498484,
Q-CL-MCS-01,2026-08-12,830,807,517726,641.543990086741,
Q-CL-MCS-01,2026-08-13,1076,1035,625054,603.9169082125604,
Q-CL-MCS-01,2026-08-14,800,773,502620,650.2199223803364,
Q-CL-MCS-01,2026-08-15,410,397,279781,704.7380352644836,
Q-CL-MCS-01,2026-08-16,313,300,183728,612.4266666666666,
Q-CL-MCS-01,2026-08-17,1027,973,628126,645.5560123329908,
Q-CL-MCS-01,2026-08-18,802,774,474357,612.8643410852713,
Q-CL-MCS-01,2026-08-19,735,705,461900,655.177304964539,
Q-CL-MCS-01,2026-08-20,876,846,570753,674.6489361702128,
Q-CL-MCS-01,2026-08-21,779,753,467242,620.5073041168658,
Q-CL-MCS-01,2026-08-22,323,312,206163,660.7788461538462,
Q-CL-MCS-01,2026-08-23,253,245,157452,642.6612244897959,
Q-CL-MCS-01,2026-08-24,1245,1180,883154,748.435593220339,Escrow statement questions
Q-CL-MCS-01,2026-08-25,1220,1162,864455,743.9371772805508,Escrow statement questions
Q-CL-MCS-01,2026-08-26,894,858,603828,703.7622377622378,
Q-CL-MCS-01,2026-08-27,765,732,530104,724.1857923497267,
Q-CL-MCS-01,2026-08-28,877,841,570771,678.6813317479191,
Q-CL-MCS-01,2026-08-29,397,372,232271,624.3844086021505,
Q-CL-MCS-01,2026-08-30,293,285,198416,696.1964912280702,
Q-CL-MCS-01,2026-08-31,1171,1126,743980,660.728241563055,
Q-CL-MCS-01,2026-09-01,841,813,548391,674.5276752767528,
Q-CL-MCS-01,2026-09-02,781,751,490541,653.1837549933422,
Q-CL-MCS-01,2026-09-03,760,736,510623,693.78125,
Q-CL-MCS-01,2026-09-04,810,777,504418,649.1866151866152,
Q-CL-MCS-01,2026-09-05,378,363,245164,675.3829201101928,
Q-CL-MCS-01,2026-09-06,332,322,226797,704.3385093167702,
Q-CL-MCS-01,2026-09-07,728,704,472883,671.7088068181819,Labor Day reduced demand
Q-CL-MCS-01,2026-09-08,1164,1118,775388,693.5491949910554,Post-holiday catch-up
Q-CL-MCS-01,2026-09-09,890,856,550729,643.375,
Q-CL-MCS-01,2026-09-10,1016,977,664280,679.9181166837257,
Q-CL-MCS-01,2026-09-11,820,787,539952,686.0889453621347,
Q-CL-MCS-01,2026-09-12,437,424,259400,611.7924528301887,
Q-CL-MCS-01,2026-09-13,310,303,205029,676.6633663366337,
Q-CL-MCS-01,2026-09-14,1143,1094,672494,614.7111517367459,
Q-CL-MCS-01,2026-09-15,906,867,546827,630.7116493656287,
Q-CL-MCS-01,2026-09-16,1041,1005,674031,670.6776119402986,
Q-CL-MCS-01,2026-09-17,798,764,508580,665.6806282722513,
Q-CL-MCS-01,2026-09-18,843,811,550493,678.7829839704069,
Q-CL-MCS-01,2026-09-19,413,394,248495,630.6979695431472,
Q-CL-MCS-01,2026-09-20,285,273,187083,685.2857142857143,
Q-CL-MCS-01,2026-09-21,1171,1131,760969,672.8284703801945,
Q-CL-MCS-01,2026-09-22,1003,962,627187,651.9615384615385,
Q-CL-MCS-02,2026-06-23,643,618,364205,589.3284789644013,
Q-CL-MCS-02,2026-06-24,696,666,367998,552.5495495495495,
Q-CL-MCS-02,2026-06-25,716,690,429496,622.4579710144927,
Q-CL-MCS-02,2026-06-26,605,584,335937,575.2345890410959,
Q-CL-MCS-02,2026-06-27,296,282,165000,585.1063829787234,
Q-CL-MCS-02,2026-06-28,213,209,136660,653.8755980861245,
Q-CL-MCS-02,2026-06-29,937,897,569852,635.2865105908584,
Q-CL-MCS-02,2026-06-30,806,781,510667,653.8629961587708,
Q-CL-MCS-02,2026-07-01,760,725,482211,665.1186206896551,
Q-CL-MCS-02,2026-07-02,719,690,409733,593.8159420289855,
Q-CL-MCS-02,2026-07-03,687,659,408521,619.9104704097117,
Q-CL-MCS-02,2026-07-04,188,180,112957,627.5388888888889,Independence Day reduced demand
Q-CL-MCS-02,2026-07-05,196,186,112229,603.3817204301075,
Q-CL-MCS-02,2026-07-06,941,888,561779,632.634009009009,Post-holiday catch-up
Q-CL-MCS-02,2026-07-07,687,659,413131,626.9059180576631,
Q-CL-MCS-02,2026-07-08,780,748,482639,645.2393048128342,
Q-CL-MCS-02,2026-07-09,723,700,407514,582.1628571428571,
Q-CL-MCS-02,2026-07-10,565,544,302688,556.4117647058823,
Q-CL-MCS-02,2026-07-11,310,294,173840,591.2925170068028,
Q-CL-MCS-02,2026-07-12,235,225,135491,602.1822222222222,
Q-CL-MCS-02,2026-07-13,796,757,418882,553.344782034346,
Q-CL-MCS-02,2026-07-14,797,772,452294,585.8730569948186,
Q-CL-MCS-02,2026-07-15,727,702,411486,586.1623931623932,
Q-CL-MCS-02,2026-07-16,648,620,356593,575.15,
Q-CL-MCS-02,2026-07-17,715,681,390398,573.2716593245227,
Q-CL-MCS-02,2026-07-18,342,322,179381,557.083850931677,
Q-CL-MCS-02,2026-07-19,218,213,126464,593.7276995305165,
Q-CL-MCS-02,2026-07-20,792,759,494560,651.5942028985507,
Q-CL-MCS-02,2026-07-21,705,677,425678,628.7710487444608,
Q-CL-MCS-02,2026-07-22,645,622,360696,579.8971061093248,
Q-CL-MCS-02,2026-07-23,622,603,380608,631.1907131011609,
Q-CL-MCS-02,2026-07-24,685,672,417650,621.5029761904761,
Q-CL-MCS-02,2026-07-25,356,341,214004,627.5777126099707,
Q-CL-MCS-02,2026-07-26,290,276,163241,591.4528985507246,
Q-CL-MCS-02,2026-07-27,870,829,461876,557.1483715319662,
Q-CL-MCS-02,2026-07-28,900,868,530392,611.0506912442396,
Q-CL-MCS-02,2026-07-29,878,837,527978,630.7980884109917,
Q-CL-MCS-02,2026-07-30,667,635,371297,584.7196850393701,
Q-CL-MCS-02,2026-07-31,744,718,442155,615.8147632311977,
Q-CL-MCS-02,2026-08-01,307,293,175827,600.0921501706484,
Q-CL-MCS-02,2026-08-02,216,208,125442,603.0865384615385,
Q-CL-MCS-02,2026-08-03,733,700,437120,624.4571428571429,
Q-CL-MCS-02,2026-08-04,802,777,452675,582.5933075933076,
Q-CL-MCS-02,2026-08-05,666,645,417076,646.6294573643411,
Q-CL-MCS-02,2026-08-06,728,700,383108,547.2971428571428,
Q-CL-MCS-02,2026-08-07,751,722,452041,626.095567867036,
Q-CL-MCS-02,2026-08-08,369,356,204492,574.4157303370787,
Q-CL-MCS-02,2026-08-09,200,198,111382,562.5353535353536,
Q-CL-MCS-02,2026-08-10,946,911,531574,583.5060373216246,
Q-CL-MCS-02,2026-08-11,778,742,447651,603.3032345013477,
Q-CL-MCS-02,2026-08-12,630,610,362744,594.6622950819672,
Q-CL-MCS-02,2026-08-13,644,623,402286,645.7239165329053,
Q-CL-MCS-02,2026-08-14,712,693,399538,576.5339105339106,
Q-CL-MCS-02,2026-08-15,374,355,210178,592.0507042253521,
Q-CL-MCS-02,2026-08-16,181,173,111227,642.9306358381502,
Q-CL-MCS-02,2026-08-17,769,738,415614,563.1626016260162,
Q-CL-MCS-02,2026-08-18,748,716,406260,567.4022346368715,
Q-CL-MCS-02,2026-08-19,669,655,411884,628.830534351145,
Q-CL-MCS-02,2026-08-20,619,598,384622,643.180602006689,
Q-CL-MCS-02,2026-08-21,591,566,349705,617.8533568904594,
Q-CL-MCS-02,2026-08-22,359,339,210659,621.4129793510325,
Q-CL-MCS-02,2026-08-23,193,185,114799,620.5351351351351,
Q-CL-MCS-02,2026-08-24,1046,1001,627831,627.2037962037962,Escrow statement questions
Q-CL-MCS-02,2026-08-25,1042,987,710251,719.6058763931104,Escrow statement questions
Q-CL-MCS-02,2026-08-26,739,717,499694,696.9232914923291,
Q-CL-MCS-02,2026-08-27,608,586,374922,639.7986348122867,
Q-CL-MCS-02,2026-08-28,933,900,610664,678.5155555555556,
Q-CL-MCS-02,2026-08-29,389,369,235766,638.9322493224932,
Q-CL-MCS-02,2026-08-30,231,220,129007,586.3954545454545,
Q-CL-MCS-02,2026-08-31,914,876,525389,599.7591324200913,
Q-CL-MCS-02,2026-09-01,685,655,392328,598.9740458015267,
Q-CL-MCS-02,2026-09-02,699,671,423036,630.4560357675111,
Q-CL-MCS-02,2026-09-03,812,777,466835,600.8172458172459,
Q-CL-MCS-02,2026-09-04,699,672,425923,633.8139880952381,
Q-CL-MCS-02,2026-09-05,336,326,200204,614.1226993865031,
Q-CL-MCS-02,2026-09-06,267,256,151781,592.89453125,
Q-CL-MCS-02,2026-09-07,478,458,268831,586.9672489082969,Labor Day reduced demand
Q-CL-MCS-02,2026-09-08,935,896,569045,635.0948660714286,Post-holiday catch-up
Q-CL-MCS-02,2026-09-09,765,732,443304,605.6065573770492,
Q-CL-MCS-02,2026-09-10,657,635,372960,587.3385826771654,
Q-CL-MCS-02,2026-09-11,646,617,360743,584.6726094003242,
Q-CL-MCS-02,2026-09-12,301,291,165755,569.6048109965636,
Q-CL-MCS-02,2026-09-13,224,216,134439,622.4027777777778,
Q-CL-MCS-02,2026-09-14,859,824,503090,610.5461165048544,
Q-CL-MCS-02,2026-09-15,943,895,507536,567.0793296089386,
Q-CL-MCS-02,2026-09-16,863,817,451552,552.6952264381885,
Q-CL-MCS-02,2026-09-17,662,633,366177,578.4786729857819,
Q-CL-MCS-02,2026-09-18,703,678,408429,602.4026548672566,
Q-CL-MCS-02,2026-09-19,285,272,165935,610.0551470588235,
Q-CL-MCS-02,2026-09-20,283,273,163625,599.3589743589744,
Q-CL-MCS-02,2026-09-21,927,876,496874,567.2077625570777,
Q-CL-MCS-02,2026-09-22,832,796,462535,581.0741206030151,
Q-CL-MCS-03,2026-06-23,1014,976,438766,449.5553278688525,
Q-CL-MCS-03,2026-06-24,1085,1034,509666,492.9071566731141,
Q-CL-MCS-03,2026-06-25,947,918,420128,457.6557734204793,
Q-CL-MCS-03,2026-06-26,864,837,407180,486.47550776583034,
Q-CL-MCS-03,2026-06-27,489,469,240291,512.3475479744136,
Q-CL-MCS-03,2026-06-28,353,341,162151,475.51612903225805,
Q-CL-MCS-03,2026-06-29,1651,1557,746951,479.73731535003213,
Q-CL-MCS-03,2026-06-30,1218,1173,587640,500.97186700767264,
Q-CL-MCS-03,2026-07-01,1254,1203,615715,511.81629260182876,
Q-CL-MCS-03,2026-07-02,1224,1180,600707,509.07372881355934,
Q-CL-MCS-03,2026-07-03,1212,1149,573022,498.71366405570063,
Q-CL-MCS-03,2026-07-04,286,274,132095,482.0985401459854,Independence Day reduced demand
Q-CL-MCS-03,2026-07-05,292,277,129666,468.10830324909745,
Q-CL-MCS-03,2026-07-06,1480,1410,707789,501.9780141843972,Post-holiday catch-up
Q-CL-MCS-03,2026-07-07,1223,1173,580094,494.538789428815,
Q-CL-MCS-03,2026-07-08,1145,1090,519462,476.57064220183486,
Q-CL-MCS-03,2026-07-09,1044,998,483649,484.6182364729459,
Q-CL-MCS-03,2026-07-10,833,804,370335,460.61567164179104,
Q-CL-MCS-03,2026-07-11,466,454,235493,518.7070484581498,
Q-CL-MCS-03,2026-07-12,316,308,144106,467.8766233766234,
Q-CL-MCS-03,2026-07-13,1132,1081,542192,501.5652173913044,
Q-CL-MCS-03,2026-07-14,1211,1163,525302,451.67841788478074,
Q-CL-MCS-03,2026-07-15,1452,1375,642775,467.4727272727273,
Q-CL-MCS-03,2026-07-16,1161,1110,511837,461.1144144144144,
Q-CL-MCS-03,2026-07-17,995,969,461874,476.6501547987616,
Q-CL-MCS-03,2026-07-18,538,520,245695,472.49038461538464,
Q-CL-MCS-03,2026-07-19,348,339,163555,482.4631268436578,
Q-CL-MCS-03,2026-07-20,1022,985,487282,494.702538071066,
Q-CL-MCS-03,2026-07-21,1020,980,463840,473.3061224489796,
Q-CL-MCS-03,2026-07-22,1090,1046,508248,485.8967495219885,
Q-CL-MCS-03,2026-07-23,1014,981,514785,524.7553516819572,
Q-CL-MCS-03,2026-07-24,958,926,437845,472.8347732181426,
Q-CL-MCS-03,2026-07-25,442,428,213291,498.3434579439252,
Q-CL-MCS-03,2026-07-26,268,257,122402,476.27237354085605,
Q-CL-MCS-03,2026-07-27,1139,1087,544968,501.3505059797608,
Q-CL-MCS-03,2026-07-28,1220,1174,554710,472.49574105621804,
Q-CL-MCS-03,2026-07-29,1235,1177,649026,551.4239592183518,
Q-CL-MCS-03,2026-07-30,1178,1120,575410,513.7589285714286,
Q-CL-MCS-03,2026-07-31,1049,1007,517544,513.9463753723933,
Q-CL-MCS-03,2026-08-01,820,796,395519,496.88316582914575,
Q-CL-MCS-03,2026-08-02,453,438,214169,488.9703196347032,
Q-CL-MCS-03,2026-08-03,1514,1428,712515,498.96008403361344,
Q-CL-MCS-03,2026-08-04,1000,958,515597,538.2014613778706,
Q-CL-MCS-03,2026-08-05,1019,985,468146,475.2751269035533,
Q-CL-MCS-03,2026-08-06,879,856,408726,477.48364485981307,
Q-CL-MCS-03,2026-08-07,984,951,452153,475.4500525762355,
Q-CL-MCS-03,2026-08-08,425,418,210558,503.72727272727275,
Q-CL-MCS-03,2026-08-09,307,300,140219,467.39666666666665,
Q-CL-MCS-03,2026-08-10,1231,1182,532798,450.75972927241963,
Q-CL-MCS-03,2026-08-11,1110,1057,480826,454.8968779564806,
Q-CL-MCS-03,2026-08-12,929,898,445571,496.1815144766147,
Q-CL-MCS-03,2026-08-13,1047,1007,493672,490.240317775571,
Q-CL-MCS-03,2026-08-14,1215,1165,561556,482.02231759656655,
Q-CL-MCS-03,2026-08-15,565,552,265900,481.7028985507246,
Q-CL-MCS-03,2026-08-16,313,302,147701,489.07615894039736,
Q-CL-MCS-03,2026-08-17,1388,1329,654259,492.2942061700527,
Q-CL-MCS-03,2026-08-18,1030,999,485134,485.61961961961964,
Q-CL-MCS-03,2026-08-19,1063,1017,484111,476.0186823992134,
Q-CL-MCS-03,2026-08-20,1237,1190,559731,470.36218487394956,
Q-CL-MCS-03,2026-08-21,942,911,421662,462.8562019758507,
Q-CL-MCS-03,2026-08-22,469,453,236408,521.8719646799117,
Q-CL-MCS-03,2026-08-23,296,280,130325,465.44642857142856,
Q-CL-MCS-03,2026-08-24,1451,1360,794168,583.9470588235295,Escrow statement questions
Q-CL-MCS-03,2026-08-25,1485,1417,815440,575.469301340861,Escrow statement questions
Q-CL-MCS-03,2026-08-26,853,818,418537,511.658924205379,
Q-CL-MCS-03,2026-08-27,831,803,395652,492.7173100871731,
Q-CL-MCS-03,2026-08-28,1131,1088,567084,521.2169117647059,
Q-CL-MCS-03,2026-08-29,562,551,269879,489.79854809437387,
Q-CL-MCS-03,2026-08-30,402,389,183001,470.439588688946,
Q-CL-MCS-03,2026-08-31,1475,1412,697621,494.0658640226629,
Q-CL-MCS-03,2026-09-01,1241,1196,639430,534.6404682274248,
Q-CL-MCS-03,2026-09-02,1013,967,450795,466.17890382626683,
Q-CL-MCS-03,2026-09-03,1038,982,467188,475.7515274949084,
Q-CL-MCS-03,2026-09-04,931,911,464918,510.33809001097694,
Q-CL-MCS-03,2026-09-05,433,419,204346,487.69928400954655,
Q-CL-MCS-03,2026-09-06,364,346,159305,460.41907514450867,
Q-CL-MCS-03,2026-09-07,827,795,357517,449.7069182389937,Labor Day reduced demand
Q-CL-MCS-03,2026-09-08,1435,1378,641744,465.7068214804064,Post-holiday catch-up
Q-CL-MCS-03,2026-09-09,1135,1096,521839,476.1304744525547,
Q-CL-MCS-03,2026-09-10,1001,956,455126,476.0732217573222,
Q-CL-MCS-03,2026-09-11,1080,1036,481709,464.9700772200772,
Q-CL-MCS-03,2026-09-12,564,547,255174,466.49725776965266,
Q-CL-MCS-03,2026-09-13,383,363,173390,477.6584022038567,
Q-CL-MCS-03,2026-09-14,1607,1513,712236,470.74421678783875,
Q-CL-MCS-03,2026-09-15,1434,1358,618748,455.63181148748157,
Q-CL-MCS-03,2026-09-16,1348,1285,596880,464.49805447470817,
Q-CL-MCS-03,2026-09-17,1010,974,421209,432.45277207392195,
Q-CL-MCS-03,2026-09-18,1050,1012,452289,446.92588932806325,
Q-CL-MCS-03,2026-09-19,536,518,242986,469.0849420849421,
Q-CL-MCS-03,2026-09-20,332,321,149839,466.78816199376945,
Q-CL-MCS-03,2026-09-21,1227,1171,537369,458.89752348420154,
Q-CL-MCS-03,2026-09-22,1078,1034,505240,488.6266924564797,
Q-CL-MCS-04,2026-06-23,722,695,451569,649.7395683453237,
Q-CL-MCS-04,2026-06-24,770,737,465938,632.2089552238806,
Q-CL-MCS-04,2026-06-25,807,769,498951,648.8309492847854,
Q-CL-MCS-04,2026-06-26,752,720,489341,679.6402777777778,
Q-CL-MCS-04,2026-06-27,249,235,154685,658.2340425531914,
Q-CL-MCS-04,2026-06-28,243,236,153042,648.4830508474577,
Q-CL-MCS-04,2026-06-29,898,861,593080,688.8269454123113,
Q-CL-MCS-04,2026-06-30,980,928,626626,675.2435344827586,
Q-CL-MCS-04,2026-07-01,768,733,523444,714.1118690313779,
Q-CL-MCS-04,2026-07-02,692,669,466061,696.6532137518684,
Q-CL-MCS-04,2026-07-03,574,554,389552,703.1624548736462,
Q-CL-MCS-04,2026-07-04,156,151,98957,655.3443708609271,Independence Day reduced demand
Q-CL-MCS-04,2026-07-05,227,219,152027,694.1872146118722,
Q-CL-MCS-04,2026-07-06,1017,954,660601,692.4538784067086,Post-holiday catch-up
Q-CL-MCS-04,2026-07-07,692,656,474469,723.2759146341464,
Q-CL-MCS-04,2026-07-08,617,592,390219,659.1537162162163,
Q-CL-MCS-04,2026-07-09,860,819,588695,718.7973137973138,
Q-CL-MCS-04,2026-07-10,565,544,350209,643.7665441176471,
Q-CL-MCS-04,2026-07-11,314,307,196586,640.3452768729642,
Q-CL-MCS-04,2026-07-12,254,244,155784,638.4590163934427,
Q-CL-MCS-04,2026-07-13,815,781,499556,639.6363636363636,
Q-CL-MCS-04,2026-07-14,676,642,425447,662.690031152648,
Q-CL-MCS-04,2026-07-15,722,699,418518,598.7381974248927,
Q-CL-MCS-04,2026-07-16,724,694,470995,678.6671469740634,
Q-CL-MCS-04,2026-07-17,698,671,428348,638.3725782414307,
Q-CL-MCS-04,2026-07-18,315,302,195055,645.8774834437086,
Q-CL-MCS-04,2026-07-19,245,242,157624,651.3388429752066,
Q-CL-MCS-04,2026-07-20,926,878,582174,663.0683371298405,
Q-CL-MCS-04,2026-07-21,753,729,437588,600.2578875171467,
Q-CL-MCS-04,2026-07-22,617,599,393017,656.1218697829717,
Q-CL-MCS-04,2026-07-23,506,485,319982,659.7567010309278,
Q-CL-MCS-04,2026-07-24,573,552,371346,672.7282608695652,
Q-CL-MCS-04,2026-07-25,297,291,179080,615.3951890034364,
Q-CL-MCS-04,2026-07-26,248,236,166913,707.2584745762712,
Q-CL-MCS-04,2026-07-27,725,694,463444,667.7867435158502,
Q-CL-MCS-04,2026-07-28,898,853,603208,707.1606096131301,
Q-CL-MCS-04,2026-07-29,828,785,567887,723.4229299363058,
Q-CL-MCS-04,2026-07-30,725,698,492917,706.1848137535817,
Q-CL-MCS-04,2026-07-31,779,738,513413,695.6815718157181,
Q-CL-MCS-04,2026-08-01,300,290,190232,655.9724137931034,
Q-CL-MCS-04,2026-08-02,194,189,119363,631.5502645502645,
Q-CL-MCS-04,2026-08-03,690,667,471891,707.4827586206897,
Q-CL-MCS-04,2026-08-04,687,664,451239,679.5768072289156,
Q-CL-MCS-04,2026-08-05,746,715,503003,703.5006993006994,
Q-CL-MCS-04,2026-08-06,599,572,361638,632.2342657342657,
Q-CL-MCS-04,2026-08-07,629,603,434164,720.0066334991708,
Q-CL-MCS-04,2026-08-08,362,347,226047,651.4322766570605,
Q-CL-MCS-04,2026-08-09,183,178,113019,634.938202247191,
Q-CL-MCS-04,2026-08-10,874,822,559013,680.0644768856448,
Q-CL-MCS-04,2026-08-11,704,677,442337,653.3781388478582,
Q-CL-MCS-04,2026-08-12,809,784,473946,604.5229591836735,
Q-CL-MCS-04,2026-08-13,803,765,469148,613.2653594771242,
Q-CL-MCS-04,2026-08-14,719,680,433912,638.1058823529412,
Q-CL-MCS-04,2026-08-15,450,433,276736,639.1131639722864,
Q-CL-MCS-04,2026-08-16,244,240,155635,648.4791666666666,
Q-CL-MCS-04,2026-08-17,900,849,551711,649.8362779740871,
Q-CL-MCS-04,2026-08-18,711,672,408000,607.1428571428571,
Q-CL-MCS-04,2026-08-19,596,579,376291,649.8981001727116,
Q-CL-MCS-04,2026-08-20,689,677,434770,642.2008862629247,
Q-CL-MCS-04,2026-08-21,574,553,372732,674.0180831826401,
Q-CL-MCS-04,2026-08-22,321,303,201997,666.6567656765676,
Q-CL-MCS-04,2026-08-23,270,259,195172,753.5598455598456,
Q-CL-MCS-04,2026-08-24,1163,1081,807466,746.9620721554116,Escrow statement questions
Q-CL-MCS-04,2026-08-25,927,879,698562,794.7235494880546,Escrow statement questions
Q-CL-MCS-04,2026-08-26,855,819,553929,676.3479853479854,
Q-CL-MCS-04,2026-08-27,721,695,510405,734.3956834532374,
Q-CL-MCS-04,2026-08-28,667,646,426752,660.6068111455108,
Q-CL-MCS-04,2026-08-29,305,294,212474,722.7006802721088,
Q-CL-MCS-04,2026-08-30,215,207,132901,642.0338164251208,
Q-CL-MCS-04,2026-08-31,841,807,505661,626.5935563816605,
Q-CL-MCS-04,2026-09-01,693,664,468979,706.2936746987951,
Q-CL-MCS-04,2026-09-02,611,586,432980,738.8737201365187,
Q-CL-MCS-04,2026-09-03,666,635,420048,661.4929133858268,
Q-CL-MCS-04,2026-09-04,647,616,465126,755.0746753246754,
Q-CL-MCS-04,2026-09-05,344,335,233857,698.0805970149254,
Q-CL-MCS-04,2026-09-06,250,239,168000,702.928870292887,
Q-CL-MCS-04,2026-09-07,578,551,380227,690.0671506352087,Labor Day reduced demand
Q-CL-MCS-04,2026-09-08,765,737,507282,688.3066485753053,Post-holiday catch-up
Q-CL-MCS-04,2026-09-09,692,668,407250,609.6556886227545,
Q-CL-MCS-04,2026-09-10,624,599,390528,651.9666110183639,
Q-CL-MCS-04,2026-09-11,591,564,363409,644.3421985815603,
Q-CL-MCS-04,2026-09-12,369,357,225590,631.9047619047619,
Q-CL-MCS-04,2026-09-13,267,259,159333,615.1853281853282,
Q-CL-MCS-04,2026-09-14,896,850,564622,664.2611764705882,
Q-CL-MCS-04,2026-09-15,725,706,464603,658.0779036827196,
Q-CL-MCS-04,2026-09-16,722,697,431290,618.780487804878,
Q-CL-MCS-04,2026-09-17,544,520,343505,660.5865384615385,
Q-CL-MCS-04,2026-09-18,625,601,411159,684.1247920133111,
Q-CL-MCS-04,2026-09-19,333,322,209276,649.9254658385094,
Q-CL-MCS-04,2026-09-20,233,223,150724,675.8923766816143,
Q-CL-MCS-04,2026-09-21,831,796,508944,639.3768844221106,
Q-CL-MCS-04,2026-09-22,838,796,516370,648.7060301507538,
Q-CL-MCS-05,2026-06-23,806,778,408438,524.9845758354755,
Q-CL-MCS-05,2026-06-24,839,810,452398,558.516049382716,
Q-CL-MCS-05,2026-06-25,872,845,490711,580.723076923077,
Q-CL-MCS-05,2026-06-26,835,812,425986,524.6133004926108,
Q-CL-MCS-05,2026-06-27,405,389,223297,574.0282776349615,
Q-CL-MCS-05,2026-06-28,296,286,158454,554.034965034965,
Q-CL-MCS-05,2026-06-29,1194,1129,673493,596.539415411869,
Q-CL-MCS-05,2026-06-30,1074,1032,583266,565.1802325581396,
Q-CL-MCS-05,2026-07-01,798,775,406386,524.3690322580645,
Q-CL-MCS-05,2026-07-02,901,870,526663,605.3597701149425,
Q-CL-MCS-05,2026-07-03,735,706,372731,527.9475920679887,
Q-CL-MCS-05,2026-07-04,224,217,122191,563.0921658986175,Independence Day reduced demand
Q-CL-MCS-05,2026-07-05,283,266,144643,543.7706766917294,
Q-CL-MCS-05,2026-07-06,1439,1353,741682,548.1759053954175,Post-holiday catch-up
Q-CL-MCS-05,2026-07-07,916,873,488197,559.2176403207332,
Q-CL-MCS-05,2026-07-08,976,928,481545,518.90625,
Q-CL-MCS-05,2026-07-09,934,892,485774,544.5896860986547,
Q-CL-MCS-05,2026-07-10,814,777,400836,515.8764478764479,
Q-CL-MCS-05,2026-07-11,394,376,197668,525.7127659574468,
Q-CL-MCS-05,2026-07-12,276,268,139665,521.1380597014926,
Q-CL-MCS-05,2026-07-13,905,863,482516,559.1147161066049,
Q-CL-MCS-05,2026-07-14,950,917,477670,520.9051254089422,
Q-CL-MCS-05,2026-07-15,965,925,490615,530.3945945945947,
Q-CL-MCS-05,2026-07-16,854,809,428523,529.6946847960445,
Q-CL-MCS-05,2026-07-17,943,904,437423,483.875,
Q-CL-MCS-05,2026-07-18,369,360,178079,494.6638888888889,
Q-CL-MCS-05,2026-07-19,326,313,162883,520.3929712460064,
Q-CL-MCS-05,2026-07-20,1034,979,535738,547.2298263534219,
Q-CL-MCS-05,2026-07-21,880,845,433635,513.1775147928994,
Q-CL-MCS-05,2026-07-22,951,913,476226,521.60569550931,
Q-CL-MCS-05,2026-07-23,942,911,486602,534.1405049396268,
Q-CL-MCS-05,2026-07-24,926,891,509185,571.4758698092031,
Q-CL-MCS-05,2026-07-25,440,428,227478,531.4906542056075,
Q-CL-MCS-05,2026-07-26,365,358,210807,588.8463687150838,
Q-CL-MCS-05,2026-07-27,1082,1035,595676,575.5323671497584,
Q-CL-MCS-05,2026-07-28,1044,1001,567930,567.3626373626373,
Q-CL-MCS-05,2026-07-29,1024,981,524529,534.6880733944954,
Q-CL-MCS-05,2026-07-30,863,829,438055,528.4137515078407,
Q-CL-MCS-05,2026-07-31,912,886,507082,572.3273137697516,
Q-CL-MCS-05,2026-08-01,415,402,226759,564.0771144278607,
Q-CL-MCS-05,2026-08-02,238,225,118945,528.6444444444444,
Q-CL-MCS-05,2026-08-03,975,933,535297,573.7374062165059,
Q-CL-MCS-05,2026-08-04,978,943,510078,540.9098621420997,
Q-CL-MCS-05,2026-08-05,899,861,456632,530.3507549361208,
Q-CL-MCS-05,2026-08-06,785,758,463538,611.5277044854881,
Q-CL-MCS-05,2026-08-07,895,855,493249,576.8994152046783,
Q-CL-MCS-05,2026-08-08,394,382,199932,523.3821989528795,
Q-CL-MCS-05,2026-08-09,249,240,126221,525.9208333333333,
Q-CL-MCS-05,2026-08-10,808,773,420535,544.0297542043985,
Q-CL-MCS-05,2026-08-11,951,915,462654,505.6327868852459,
Q-CL-MCS-05,2026-08-12,815,785,397468,506.32866242038216,
Q-CL-MCS-05,2026-08-13,815,784,424559,541.5293367346939,
Q-CL-MCS-05,2026-08-14,779,759,428221,564.1910408432148,
Q-CL-MCS-05,2026-08-15,365,350,179725,513.5,
Q-CL-MCS-05,2026-08-16,257,243,129305,532.119341563786,
Q-CL-MCS-05,2026-08-17,1050,1005,512495,509.9452736318408,
Q-CL-MCS-05,2026-08-18,891,861,441376,512.6318234610917,
Q-CL-MCS-05,2026-08-19,944,908,489895,539.5319383259912,
Q-CL-MCS-05,2026-08-20,934,899,449437,499.92992213570636,
Q-CL-MCS-05,2026-08-21,738,709,390303,550.4978843441467,
Q-CL-MCS-05,2026-08-22,369,356,188090,528.3426966292135,
Q-CL-MCS-05,2026-08-23,278,265,144753,546.2377358490565,
Q-CL-MCS-05,2026-08-24,1534,1440,909820,631.8194444444445,Escrow statement questions
Q-CL-MCS-05,2026-08-25,1315,1242,718088,578.170692431562,Escrow statement questions
Q-CL-MCS-05,2026-08-26,902,872,459336,526.7614678899082,
Q-CL-MCS-05,2026-08-27,803,772,466880,604.7668393782384,
Q-CL-MCS-05,2026-08-28,829,799,443009,554.4543178973718,
Q-CL-MCS-05,2026-08-29,494,474,263558,556.0295358649789,
Q-CL-MCS-05,2026-08-30,284,267,141141,528.6179775280899,
Q-CL-MCS-05,2026-08-31,1219,1166,653957,560.8550600343053,
Q-CL-MCS-05,2026-09-01,849,810,434853,536.8555555555556,
Q-CL-MCS-05,2026-09-02,818,783,421644,538.4980842911878,
Q-CL-MCS-05,2026-09-03,747,730,387048,530.2027397260274,
Q-CL-MCS-05,2026-09-04,751,731,425107,581.5417236662107,
Q-CL-MCS-05,2026-09-05,418,403,223852,555.4640198511166,
Q-CL-MCS-05,2026-09-06,306,297,176079,592.8585858585859,
Q-CL-MCS-05,2026-09-07,543,529,303386,573.5085066162571,Labor Day reduced demand
Q-CL-MCS-05,2026-09-08,1040,999,549978,550.5285285285286,Post-holiday catch-up
Q-CL-MCS-05,2026-09-09,764,732,390179,533.0314207650273,
Q-CL-MCS-05,2026-09-10,888,847,436166,514.9539551357733,
Q-CL-MCS-05,2026-09-11,786,759,408865,538.6890645586298,
Q-CL-MCS-05,2026-09-12,368,365,186783,511.73424657534247,
Q-CL-MCS-05,2026-09-13,258,251,131781,525.0239043824702,
Q-CL-MCS-05,2026-09-14,1225,1171,629932,537.9436379163109,
Q-CL-MCS-05,2026-09-15,1095,1045,559250,535.1674641148326,
Q-CL-MCS-05,2026-09-16,1016,968,546570,564.6384297520661,
Q-CL-MCS-05,2026-09-17,768,741,349601,471.7962213225371,
Q-CL-MCS-05,2026-09-18,637,617,342207,554.6304700162075,
Q-CL-MCS-05,2026-09-19,402,391,210927,539.4552429667519,
Q-CL-MCS-05,2026-09-20,235,224,118019,526.8705357142857,
Q-CL-MCS-05,2026-09-21,923,879,469429,534.0489192263937,
Q-CL-MCS-05,2026-09-22,838,810,441748,545.3679012345679,
Q-CL-PAH-01,2026-06-23,720,690,530921,769.4507246376811,
Q-CL-PAH-01,2026-06-24,773,747,619976,829.954484605087,
Q-CL-PAH-01,2026-06-25,704,683,582579,852.9707174231332,
Q-CL-PAH-01,2026-06-26,726,699,572044,818.3748211731045,
Q-CL-PAH-01,2026-06-27,384,370,316120,854.3783783783783,
Q-CL-PAH-01,2026-06-28,224,219,183727,838.9360730593608,
Q-CL-PAH-01,2026-06-29,818,775,709953,916.0683870967742,
Q-CL-PAH-01,2026-06-30,597,570,490227,860.0473684210526,
Q-CL-PAH-01,2026-07-01,661,628,542192,863.3630573248407,
Q-CL-PAH-01,2026-07-02,688,653,549361,841.2879019908116,
Q-CL-PAH-01,2026-07-03,679,649,572400,881.9722650231125,
Q-CL-PAH-01,2026-07-04,195,192,172690,899.4270833333334,Independence Day reduced demand
Q-CL-PAH-01,2026-07-05,207,204,160549,787.0049019607843,
Q-CL-PAH-01,2026-07-06,1090,1028,888917,864.7052529182879,Post-holiday catch-up
Q-CL-PAH-01,2026-07-07,938,890,795217,893.5022471910113,
Q-CL-PAH-01,2026-07-08,731,699,576603,824.8969957081545,
Q-CL-PAH-01,2026-07-09,731,700,599792,856.8457142857143,
Q-CL-PAH-01,2026-07-10,739,710,600169,845.3084507042254,
Q-CL-PAH-01,2026-07-11,288,279,231091,828.2831541218638,
Q-CL-PAH-01,2026-07-12,208,201,172877,860.0845771144278,
Q-CL-PAH-01,2026-07-13,827,787,628651,798.7941550190598,
Q-CL-PAH-01,2026-07-14,797,764,651790,853.1282722513089,
Q-CL-PAH-01,2026-07-15,750,714,582521,815.8557422969187,
Q-CL-PAH-01,2026-07-16,690,668,531801,796.1092814371258,
Q-CL-PAH-01,2026-07-17,682,659,536241,813.7192716236723,
Q-CL-PAH-01,2026-07-18,336,321,281574,877.1775700934579,
Q-CL-PAH-01,2026-07-19,248,240,196980,820.75,
Q-CL-PAH-01,2026-07-20,767,733,575077,784.5525238744884,
Q-CL-PAH-01,2026-07-21,791,758,651942,860.0817941952506,
Q-CL-PAH-01,2026-07-22,696,670,609964,910.3940298507463,
Q-CL-PAH-01,2026-07-23,606,582,464775,798.5824742268042,
Q-CL-PAH-01,2026-07-24,548,535,446583,834.7345794392523,
Q-CL-PAH-01,2026-07-25,282,275,239416,870.6036363636364,
Q-CL-PAH-01,2026-07-26,254,242,212876,879.6528925619834,
Q-CL-PAH-01,2026-07-27,908,871,731961,840.3685419058553,
Q-CL-PAH-01,2026-07-28,753,719,604752,841.1015299026426,
Q-CL-PAH-01,2026-07-29,753,717,644598,899.020920502092,
Q-CL-PAH-01,2026-07-30,642,622,585788,941.7813504823151,
Q-CL-PAH-01,2026-07-31,673,649,540593,832.9630200308167,
Q-CL-PAH-01,2026-08-01,444,428,360708,842.7757009345794,
Q-CL-PAH-01,2026-08-02,281,268,236767,883.4589552238806,
Q-CL-PAH-01,2026-08-03,942,897,779364,868.85618729097,
Q-CL-PAH-01,2026-08-04,667,636,546072,858.6037735849056,
Q-CL-PAH-01,2026-08-05,669,638,521174,816.8871473354232,
Q-CL-PAH-01,2026-08-06,645,622,534427,859.2073954983923,
Q-CL-PAH-01,2026-08-07,664,631,547978,868.4278922345484,
Q-CL-PAH-01,2026-08-08,298,288,255744,888.0,
Q-CL-PAH-01,2026-08-09,202,195,169790,870.7179487179487,
Q-CL-PAH-01,2026-08-10,763,735,589166,801.5863945578232,
Q-CL-PAH-01,2026-08-11,679,660,559912,848.3515151515152,
Q-CL-PAH-01,2026-08-12,641,627,509616,812.7846889952153,
Q-CL-PAH-01,2026-08-13,620,587,478602,815.3356047700171,
Q-CL-PAH-01,2026-08-14,683,657,553188,841.9908675799087,
Q-CL-PAH-01,2026-08-15,414,400,321761,804.4025,
Q-CL-PAH-01,2026-08-16,216,212,153814,725.5377358490566,
Q-CL-PAH-01,2026-08-17,681,650,527890,812.1384615384616,
Q-CL-PAH-01,2026-08-18,674,650,530653,816.3892307692307,
Q-CL-PAH-01,2026-08-19,609,576,505052,876.8263888888889,
Q-CL-PAH-01,2026-08-20,654,626,549249,877.3945686900959,
Q-CL-PAH-01,2026-08-21,582,558,445487,798.3637992831541,
Q-CL-PAH-01,2026-08-22,274,261,223258,855.3946360153257,
Q-CL-PAH-01,2026-08-23,221,213,173416,814.1596244131456,
Q-CL-PAH-01,2026-08-24,800,752,601878,800.3696808510638,
Q-CL-PAH-01,2026-08-25,708,685,581547,848.9737226277372,
Q-CL-PAH-01,2026-08-26,909,870,775208,891.0436781609195,
Q-CL-PAH-01,2026-08-27,660,641,546049,851.8705148205928,
Q-CL-PAH-01,2026-08-28,707,681,593642,871.7209985315712,
Q-CL-PAH-01,2026-08-29,300,293,267920,914.4027303754266,
Q-CL-PAH-01,2026-08-30,207,200,172202,861.01,
Q-CL-PAH-01,2026-08-31,779,756,672767,889.9034391534392,
Q-CL-PAH-01,2026-09-01,927,886,816569,921.6354401805869,
Q-CL-PAH-01,2026-09-02,664,642,556178,866.3208722741433,
Q-CL-PAH-01,2026-09-03,865,827,750302,907.2575574365176,
Q-CL-PAH-01,2026-09-04,598,576,481865,836.5711805555555,
Q-CL-PAH-01,2026-09-05,372,358,317297,886.304469273743,
Q-CL-PAH-01,2026-09-06,247,238,201912,848.3697478991596,
Q-CL-PAH-01,2026-09-07,553,536,457543,853.625,Labor Day reduced demand
Q-CL-PAH-01,2026-09-08,807,775,642445,828.9612903225807,Post-holiday catch-up
Q-CL-PAH-01,2026-09-09,643,609,509048,835.8752052545155,
Q-CL-PAH-01,2026-09-10,632,613,442656,722.1141924959217,
Q-CL-PAH-01,2026-09-11,593,575,492736,856.9321739130435,
Q-CL-PAH-01,2026-09-12,273,271,226376,835.3357933579335,
Q-CL-PAH-01,2026-09-13,225,214,168365,786.7523364485982,
Q-CL-PAH-01,2026-09-14,995,964,842381,873.8392116182573,
Q-CL-PAH-01,2026-09-15,856,823,729756,886.7023086269745,
Q-CL-PAH-01,2026-09-16,1182,1123,1059486,943.4425645592164,Hardship outreach response
Q-CL-PAH-01,2026-09-17,515,504,393321,780.3988095238095,
Q-CL-PAH-01,2026-09-18,613,588,466789,793.8588435374149,
Q-CL-PAH-01,2026-09-19,316,304,255970,842.0065789473684,
Q-CL-PAH-01,2026-09-20,217,209,178002,851.6842105263158,
Q-CL-PAH-01,2026-09-21,715,686,612632,893.0495626822158,
Q-CL-PAH-01,2026-09-22,681,654,537761,822.2645259938838,
Q-CL-PAH-02,2026-06-23,618,596,413774,694.251677852349,
Q-CL-PAH-02,2026-06-24,685,647,457259,706.7372488408037,
Q-CL-PAH-02,2026-06-25,690,662,501169,757.0528700906344,
Q-CL-PAH-02,2026-06-26,612,586,445842,760.8225255972696,
Q-CL-PAH-02,2026-06-27,242,235,174152,741.0723404255319,
Q-CL-PAH-02,2026-06-28,180,171,127862,747.7309941520468,
Q-CL-PAH-02,2026-06-29,696,666,507278,761.6786786786787,
Q-CL-PAH-02,2026-06-30,639,608,425452,699.7565789473684,
Q-CL-PAH-02,2026-07-01,710,681,546444,802.4140969162995,
Q-CL-PAH-02,2026-07-02,840,806,623437,773.4950372208436,
Q-CL-PAH-02,2026-07-03,636,612,459869,751.4199346405229,
Q-CL-PAH-02,2026-07-04,169,162,116591,719.6975308641976,Independence Day reduced demand
Q-CL-PAH-02,2026-07-05,175,171,125548,734.1988304093567,
Q-CL-PAH-02,2026-07-06,815,779,612788,786.6341463414634,Post-holiday catch-up
Q-CL-PAH-02,2026-07-07,684,656,493602,752.4420731707318,
Q-CL-PAH-02,2026-07-08,710,684,507315,741.688596491228,
Q-CL-PAH-02,2026-07-09,589,565,377557,668.2424778761062,
Q-CL-PAH-02,2026-07-10,443,422,297032,703.8672985781991,
Q-CL-PAH-02,2026-07-11,250,242,153820,635.6198347107438,
Q-CL-PAH-02,2026-07-12,198,191,148013,774.937172774869,
Q-CL-PAH-02,2026-07-13,670,659,448367,680.3748103186647,
Q-CL-PAH-02,2026-07-14,721,694,481828,694.2766570605187,
Q-CL-PAH-02,2026-07-15,731,699,514250,735.6938483547925,
Q-CL-PAH-02,2026-07-16,691,665,476876,717.1067669172933,
Q-CL-PAH-02,2026-07-17,669,638,416378,652.6300940438872,
Q-CL-PAH-02,2026-07-18,297,290,193693,667.9068965517241,
Q-CL-PAH-02,2026-07-19,201,196,130200,664.2857142857143,
Q-CL-PAH-02,2026-07-20,857,807,575222,712.7905824039653,
Q-CL-PAH-02,2026-07-21,667,643,493598,767.6485225505443,
Q-CL-PAH-02,2026-07-22,580,557,395899,710.770197486535,
Q-CL-PAH-02,2026-07-23,580,559,396672,709.6100178890877,
Q-CL-PAH-02,2026-07-24,659,633,449426,709.9936808846761,
Q-CL-PAH-02,2026-07-25,284,276,196428,711.695652173913,
Q-CL-PAH-02,2026-07-26,198,188,139556,742.3191489361702,
Q-CL-PAH-02,2026-07-27,672,645,475923,737.8651162790698,
Q-CL-PAH-02,2026-07-28,679,651,457171,702.2596006144394,
Q-CL-PAH-02,2026-07-29,537,520,390497,750.9557692307692,
Q-CL-PAH-02,2026-07-30,504,481,375636,780.9480249480249,
Q-CL-PAH-02,2026-07-31,499,482,367359,762.155601659751,
Q-CL-PAH-02,2026-08-01,354,344,254924,741.0581395348837,
Q-CL-PAH-02,2026-08-02,221,209,151277,723.8133971291866,
Q-CL-PAH-02,2026-08-03,855,814,619255,760.7555282555282,
Q-CL-PAH-02,2026-08-04,557,536,368652,687.7835820895523,
Q-CL-PAH-02,2026-08-05,620,592,453466,765.9898648648649,
Q-CL-PAH-02,2026-08-06,594,568,386323,680.1461267605633,
Q-CL-PAH-02,2026-08-07,663,649,485411,747.9368258859785,
Q-CL-PAH-02,2026-08-08,291,278,218701,786.6942446043165,
Q-CL-PAH-02,2026-08-09,158,153,114306,747.0980392156863,
Q-CL-PAH-02,2026-08-10,586,570,398672,699.4245614035087,
Q-CL-PAH-02,2026-08-11,530,510,402339,788.9,
Q-CL-PAH-02,2026-08-12,556,534,403332,755.3033707865169,
Q-CL-PAH-02,2026-08-13,593,578,413129,714.7560553633218,
Q-CL-PAH-02,2026-08-14,675,657,489074,744.4048706240487,
Q-CL-PAH-02,2026-08-15,377,360,243217,675.6027777777778,
Q-CL-PAH-02,2026-08-16,217,211,150840,714.8815165876778,
Q-CL-PAH-02,2026-08-17,810,774,485063,626.6963824289405,
Q-CL-PAH-02,2026-08-18,628,608,396044,651.3881578947369,
Q-CL-PAH-02,2026-08-19,458,448,286768,640.1071428571429,
Q-CL-PAH-02,2026-08-20,546,528,386983,732.9223484848485,
Q-CL-PAH-02,2026-08-21,521,504,361512,717.2857142857143,
Q-CL-PAH-02,2026-08-22,244,236,179884,762.2203389830509,
Q-CL-PAH-02,2026-08-23,180,173,118299,683.8092485549133,
Q-CL-PAH-02,2026-08-24,644,621,449356,723.6006441223833,
Q-CL-PAH-02,2026-08-25,603,580,384708,663.2896551724137,
Q-CL-PAH-02,2026-08-26,620,597,430347,720.8492462311558,
Q-CL-PAH-02,2026-08-27,587,567,396921,700.0370370370371,
Q-CL-PAH-02,2026-08-28,576,554,413834,746.9927797833935,
Q-CL-PAH-02,2026-08-29,279,269,196681,731.1561338289963,
Q-CL-PAH-02,2026-08-30,182,177,122227,690.54802259887,
Q-CL-PAH-02,2026-08-31,574,544,396565,728.9797794117648,
Q-CL-PAH-02,2026-09-01,763,737,588110,797.97829036635,
Q-CL-PAH-02,2026-09-02,664,642,470589,733.0046728971963,
Q-CL-PAH-02,2026-09-03,662,636,456264,717.3962264150944,
Q-CL-PAH-02,2026-09-04,469,447,336796,753.4586129753915,
Q-CL-PAH-02,2026-09-05,244,235,177459,755.1446808510639,
Q-CL-PAH-02,2026-09-06,148,145,108103,745.5379310344828,
Q-CL-PAH-02,2026-09-07,469,448,317587,708.8995535714286,Labor Day reduced demand
Q-CL-PAH-02,2026-09-08,711,677,513755,758.8700147710488,Post-holiday catch-up
Q-CL-PAH-02,2026-09-09,558,542,363312,670.3173431734317,
Q-CL-PAH-02,2026-09-10,429,416,278140,668.6057692307693,
Q-CL-PAH-02,2026-09-11,542,525,375901,716.0019047619047,
Q-CL-PAH-02,2026-09-12,232,224,151080,674.4642857142857,
Q-CL-PAH-02,2026-09-13,203,195,132104,677.4564102564102,
Q-CL-PAH-02,2026-09-14,757,718,496947,692.1267409470752,
Q-CL-PAH-02,2026-09-15,691,659,440862,668.9863429438543,
Q-CL-PAH-02,2026-09-16,1131,1064,848668,797.6203007518797,Hardship outreach response
Q-CL-PAH-02,2026-09-17,551,525,373226,710.9066666666666,
Q-CL-PAH-02,2026-09-18,621,601,459787,765.0366056572379,
Q-CL-PAH-02,2026-09-19,366,350,252277,720.7914285714286,
Q-CL-PAH-02,2026-09-20,210,198,139034,702.1919191919192,
Q-CL-PAH-02,2026-09-21,602,572,420839,735.7325174825174,
Q-CL-PAH-02,2026-09-22,534,504,375237,744.5178571428571,
Q-CL-PAH-03,2026-06-23,560,537,361306,672.8230912476722,
Q-CL-PAH-03,2026-06-24,511,485,313760,646.9278350515464,
Q-CL-PAH-03,2026-06-25,491,478,326699,683.4707112970711,
Q-CL-PAH-03,2026-06-26,587,562,410098,729.711743772242,
Q-CL-PAH-03,2026-06-27,292,282,188472,668.3404255319149,
Q-CL-PAH-03,2026-06-28,184,180,130394,724.4111111111112,
Q-CL-PAH-03,2026-06-29,674,647,426427,659.0834621329212,
Q-CL-PAH-03,2026-06-30,653,623,432343,693.9695024077047,
Q-CL-PAH-03,2026-07-01,651,620,445299,718.2241935483871,
Q-CL-PAH-03,2026-07-02,662,635,462918,729.0047244094488,
Q-CL-PAH-03,2026-07-03,647,614,421950,687.2149837133551,
Q-CL-PAH-03,2026-07-04,200,190,138719,730.1,Independence Day reduced demand
Q-CL-PAH-03,2026-07-05,154,151,95563,632.8675496688742,
Q-CL-PAH-03,2026-07-06,891,852,561234,658.7253521126761,Post-holiday catch-up
Q-CL-PAH-03,2026-07-07,523,497,342552,689.2394366197183,
Q-CL-PAH-03,2026-07-08,690,662,427435,645.6722054380665,
Q-CL-PAH-03,2026-07-09,662,637,435505,683.6813186813187,
Q-CL-PAH-03,2026-07-10,508,489,331880,678.6912065439673,
Q-CL-PAH-03,2026-07-11,220,214,135314,632.3084112149533,
Q-CL-PAH-03,2026-07-12,191,182,115613,635.2362637362637,
Q-CL-PAH-03,2026-07-13,612,584,364629,624.3647260273973,
Q-CL-PAH-03,2026-07-14,696,669,444593,664.5635276532138,
Q-CL-PAH-03,2026-07-15,702,672,426662,634.9136904761905,
Q-CL-PAH-03,2026-07-16,840,805,496121,616.2993788819875,
Q-CL-PAH-03,2026-07-17,632,601,364877,607.1164725457571,
Q-CL-PAH-03,2026-07-18,286,278,158681,570.794964028777,
Q-CL-PAH-03,2026-07-19,202,196,129504,660.734693877551,
Q-CL-PAH-03,2026-07-20,672,644,410307,637.1226708074535,
Q-CL-PAH-03,2026-07-21,617,591,380535,643.8832487309645,
Q-CL-PAH-03,2026-07-22,658,632,394170,623.6867088607595,
Q-CL-PAH-03,2026-07-23,549,527,324111,615.011385199241,
Q-CL-PAH-03,2026-07-24,804,772,506109,655.5816062176166,
Q-CL-PAH-03,2026-07-25,336,326,212413,651.5736196319018,
Q-CL-PAH-03,2026-07-26,208,200,134780,673.9,
Q-CL-PAH-03,2026-07-27,735,706,523503,741.5056657223796,
Q-CL-PAH-03,2026-07-28,725,704,494371,702.2315340909091,
Q-CL-PAH-03,2026-07-29,810,774,542430,700.8139534883721,
Q-CL-PAH-03,2026-07-30,654,629,419818,667.4372019077902,
Q-CL-PAH-03,2026-07-31,586,570,405566,711.519298245614,
Q-CL-PAH-03,2026-08-01,389,375,242286,646.096,
Q-CL-PAH-03,2026-08-02,259,246,162255,659.5731707317074,
Q-CL-PAH-03,2026-08-03,969,928,647623,697.8696120689655,
Q-CL-PAH-03,2026-08-04,605,587,404252,688.6746166950596,
Q-CL-PAH-03,2026-08-05,699,666,421090,632.2672672672672,
Q-CL-PAH-03,2026-08-06,557,540,346736,642.1037037037037,
Q-CL-PAH-03,2026-08-07,648,617,426769,691.6839546191248,
Q-CL-PAH-03,2026-08-08,320,309,199285,644.9352750809062,
Q-CL-PAH-03,2026-08-09,244,235,143306,609.8127659574468,
Q-CL-PAH-03,2026-08-10,653,624,426159,682.9471153846154,
Q-CL-PAH-03,2026-08-11,793,762,487230,639.4094488188977,
Q-CL-PAH-03,2026-08-12,531,515,347738,675.2194174757282,
Q-CL-PAH-03,2026-08-13,580,562,371361,660.7846975088968,
Q-CL-PAH-03,2026-08-14,678,646,400575,620.0851393188855,
Q-CL-PAH-03,2026-08-15,352,342,219096,640.6315789473684,
Q-CL-PAH-03,2026-08-16,210,200,121283,606.415,
Q-CL-PAH-03,2026-08-17,649,630,434437,689.5825396825397,
Q-CL-PAH-03,2026-08-18,530,511,333573,652.784735812133,
Q-CL-PAH-03,2026-08-19,525,501,321472,641.6606786427145,
Q-CL-PAH-03,2026-08-20,537,526,364826,693.5855513307985,
Q-CL-PAH-03,2026-08-21,489,468,288641,616.7542735042736,
Q-CL-PAH-03,2026-08-22,313,301,205178,681.6544850498339,
Q-CL-PAH-03,2026-08-23,222,212,135676,639.9811320754717,
Q-CL-PAH-03,2026-08-24,940,903,644983,714.2668881506091,
Q-CL-PAH-03,2026-08-25,763,730,517321,708.658904109589,
Q-CL-PAH-03,2026-08-26,645,628,449158,715.21974522293,
Q-CL-PAH-03,2026-08-27,436,425,297385,699.7294117647059,
Q-CL-PAH-03,2026-08-28,554,535,339581,634.7308411214954,
Q-CL-PAH-03,2026-08-29,267,262,179026,683.3053435114504,
Q-CL-PAH-03,2026-08-30,134,130,99560,765.8461538461538,
Q-CL-PAH-03,2026-08-31,718,691,511771,740.6237337192474,
Q-CL-PAH-03,2026-09-01,701,663,472564,712.7662141779789,
Q-CL-PAH-03,2026-09-02,627,597,408317,683.9480737018425,
Q-CL-PAH-03,2026-09-03,733,704,484723,688.5269886363636,
Q-CL-PAH-03,2026-09-04,570,546,387270,709.2857142857143,
Q-CL-PAH-03,2026-09-05,302,294,184350,627.0408163265306,
Q-CL-PAH-03,2026-09-06,213,207,135982,656.9178743961353,
Q-CL-PAH-03,2026-09-07,441,422,274169,649.6895734597157,Labor Day reduced demand
Q-CL-PAH-03,2026-09-08,772,740,472576,638.6162162162162,Post-holiday catch-up
Q-CL-PAH-03,2026-09-09,622,595,379042,637.0453781512605,
Q-CL-PAH-03,2026-09-10,620,586,407976,696.2047781569966,
Q-CL-PAH-03,2026-09-11,587,573,351787,613.9389179755672,
Q-CL-PAH-03,2026-09-12,306,295,176094,596.9288135593221,
Q-CL-PAH-03,2026-09-13,177,173,114201,660.121387283237,
Q-CL-PAH-03,2026-09-14,881,852,565152,663.3239436619718,
Q-CL-PAH-03,2026-09-15,764,728,473381,650.2486263736264,
Q-CL-PAH-03,2026-09-16,1085,1011,751902,743.7210682492581,Hardship outreach response
Q-CL-PAH-03,2026-09-17,612,592,376983,636.7956081081081,
Q-CL-PAH-03,2026-09-18,570,554,339108,612.1083032490975,
Q-CL-PAH-03,2026-09-19,236,231,154225,667.6406926406927,
Q-CL-PAH-03,2026-09-20,217,211,125959,596.9620853080569,
Q-CL-PAH-03,2026-09-21,814,783,511127,652.7803320561941,
Q-CL-PAH-03,2026-09-22,618,595,431459,725.1411764705882,
Q-CL-PAH-04,2026-06-23,802,772,456486,591.3031088082902,
Q-CL-PAH-04,2026-06-24,865,824,509493,618.3167475728155,
Q-CL-PAH-04,2026-06-25,755,735,434400,591.0204081632653,
Q-CL-PAH-04,2026-06-26,664,645,391313,606.6868217054264,
Q-CL-PAH-04,2026-06-27,371,359,218267,607.9860724233984,
Q-CL-PAH-04,2026-06-28,236,233,148805,638.6480686695279,
Q-CL-PAH-04,2026-06-29,900,869,556199,640.0448791714615,
Q-CL-PAH-04,2026-06-30,874,835,530916,635.8275449101797,
Q-CL-PAH-04,2026-07-01,925,895,541382,604.8960893854749,
Q-CL-PAH-04,2026-07-02,922,872,509445,584.2259174311927,
Q-CL-PAH-04,2026-07-03,818,780,471619,604.6397435897436,
Q-CL-PAH-04,2026-07-04,178,173,113056,653.5028901734104,Independence Day reduced demand
Q-CL-PAH-04,2026-07-05,255,246,155073,630.3780487804878,
Q-CL-PAH-04,2026-07-06,1199,1155,755410,654.0346320346321,Post-holiday catch-up
Q-CL-PAH-04,2026-07-07,686,666,399662,600.0930930930931,
Q-CL-PAH-04,2026-07-08,670,643,385492,599.5209953343701,
Q-CL-PAH-04,2026-07-09,602,579,350230,604.887737478411,
Q-CL-PAH-04,2026-07-10,685,660,396471,600.7136363636364,
Q-CL-PAH-04,2026-07-11,294,283,163495,577.7208480565371,
Q-CL-PAH-04,2026-07-12,228,216,121737,563.5972222222222,
Q-CL-PAH-04,2026-07-13,940,904,539407,596.6891592920354,
Q-CL-PAH-04,2026-07-14,928,890,498681,560.3157303370787,
Q-CL-PAH-04,2026-07-15,938,900,521181,579.09,
Q-CL-PAH-04,2026-07-16,871,833,510206,612.4921968787515,
Q-CL-PAH-04,2026-07-17,670,646,372505,576.6331269349845,
Q-CL-PAH-04,2026-07-18,394,386,224638,581.9637305699482,
Q-CL-PAH-04,2026-07-19,215,209,115067,550.5598086124402,
Q-CL-PAH-04,2026-07-20,893,843,511567,606.841043890866,
Q-CL-PAH-04,2026-07-21,728,703,447446,636.4807965860598,
Q-CL-PAH-04,2026-07-22,705,676,398792,589.9289940828403,
Q-CL-PAH-04,2026-07-23,795,762,438645,575.6496062992126,
Q-CL-PAH-04,2026-07-24,772,740,422072,570.3675675675676,
Q-CL-PAH-04,2026-07-25,386,377,224793,596.2679045092838,
Q-CL-PAH-04,2026-07-26,260,255,159181,624.2392156862745,
Q-CL-PAH-04,2026-07-27,905,864,564404,653.2453703703703,
Q-CL-PAH-04,2026-07-28,795,767,500588,652.6571056062581,
Q-CL-PAH-04,2026-07-29,664,638,409078,641.1880877742947,
Q-CL-PAH-04,2026-07-30,694,666,398165,597.8453453453453,
Q-CL-PAH-04,2026-07-31,779,754,520329,690.0915119363395,
Q-CL-PAH-04,2026-08-01,469,451,295807,655.8913525498891,
Q-CL-PAH-04,2026-08-02,246,234,134641,575.3888888888889,
Q-CL-PAH-04,2026-08-03,885,859,565698,658.5541327124563,
Q-CL-PAH-04,2026-08-04,745,725,472397,651.5820689655172,
Q-CL-PAH-04,2026-08-05,718,693,399398,576.3318903318903,
Q-CL-PAH-04,2026-08-06,618,601,362766,603.6039933444259,
Q-CL-PAH-04,2026-08-07,825,794,480461,605.1146095717884,
Q-CL-PAH-04,2026-08-08,355,338,211315,625.1923076923077,
Q-CL-PAH-04,2026-08-09,245,239,144328,603.8828451882845,
Q-CL-PAH-04,2026-08-10,981,945,545245,576.978835978836,
Q-CL-PAH-04,2026-08-11,857,817,463177,566.9241126070991,
Q-CL-PAH-04,2026-08-12,681,661,357831,541.3479576399395,
Q-CL-PAH-04,2026-08-13,724,696,394668,567.051724137931,
Q-CL-PAH-04,2026-08-14,810,766,421832,550.6945169712794,
Q-CL-PAH-04,2026-08-15,382,367,191198,520.9754768392371,
Q-CL-PAH-04,2026-08-16,250,242,143182,591.6611570247934,
Q-CL-PAH-04,2026-08-17,945,891,459903,516.1649831649831,
Q-CL-PAH-04,2026-08-18,716,679,379406,558.7717231222385,
Q-CL-PAH-04,2026-08-19,623,601,358044,595.7470881863561,
Q-CL-PAH-04,2026-08-20,534,513,309880,604.0545808966862,
Q-CL-PAH-04,2026-08-21,559,543,332586,612.4972375690608,
Q-CL-PAH-04,2026-08-22,337,327,192456,588.5504587155963,
Q-CL-PAH-04,2026-08-23,225,220,132867,603.9409090909091,
Q-CL-PAH-04,2026-08-24,945,904,568573,628.9524336283185,
Q-CL-PAH-04,2026-08-25,792,748,486263,650.0842245989305,
Q-CL-PAH-04,2026-08-26,787,763,486661,637.8256880733945,
Q-CL-PAH-04,2026-08-27,653,635,386294,608.3370078740157,
Q-CL-PAH-04,2026-08-28,577,554,341947,617.2328519855596,
Q-CL-PAH-04,2026-08-29,341,329,215941,656.355623100304,
Q-CL-PAH-04,2026-08-30,267,260,173361,666.7730769230769,
Q-CL-PAH-04,2026-08-31,789,750,491159,654.8786666666666,
Q-CL-PAH-04,2026-09-01,872,829,483941,583.7647768395658,
Q-CL-PAH-04,2026-09-02,793,770,463282,601.6649350649351,
Q-CL-PAH-04,2026-09-03,935,904,588034,650.4800884955753,
Q-CL-PAH-04,2026-09-04,680,650,376701,579.54,
Q-CL-PAH-04,2026-09-05,367,355,238810,672.7042253521126,
Q-CL-PAH-04,2026-09-06,226,215,141063,656.106976744186,
Q-CL-PAH-04,2026-09-07,449,436,293753,673.7454128440367,Labor Day reduced demand
Q-CL-PAH-04,2026-09-08,882,849,548238,645.7455830388693,Post-holiday catch-up
Q-CL-PAH-04,2026-09-09,557,536,302555,564.4682835820895,
Q-CL-PAH-04,2026-09-10,708,682,405087,593.9692082111437,
Q-CL-PAH-04,2026-09-11,661,636,356088,559.8867924528302,
Q-CL-PAH-04,2026-09-12,360,346,200999,580.9219653179191,
Q-CL-PAH-04,2026-09-13,242,236,146243,619.6737288135594,
Q-CL-PAH-04,2026-09-14,1106,1052,602954,573.1501901140684,
Q-CL-PAH-04,2026-09-15,959,921,567652,616.3431053203041,
Q-CL-PAH-04,2026-09-16,1438,1346,905245,672.5445765230312,Hardship outreach response
Q-CL-PAH-04,2026-09-17,756,730,448677,614.6260273972603,
Q-CL-PAH-04,2026-09-18,724,700,427848,611.2114285714285,
Q-CL-PAH-04,2026-09-19,316,309,180986,585.7152103559871,
Q-CL-PAH-04,2026-09-20,265,259,166390,642.4324324324324,
Q-CL-PAH-04,2026-09-21,825,790,474358,600.4531645569621,
Q-CL-PAH-04,2026-09-22,827,774,456423,589.6937984496124,
Q-CL-PAH-05,2026-06-23,611,591,317785,537.7072758037225,
Q-CL-PAH-05,2026-06-24,720,687,371124,540.2096069868995,
Q-CL-PAH-05,2026-06-25,719,682,397672,583.0967741935484,
Q-CL-PAH-05,2026-06-26,730,699,395980,566.4949928469242,
Q-CL-PAH-05,2026-06-27,330,318,174723,549.4433962264151,
Q-CL-PAH-05,2026-06-28,218,208,115116,553.4423076923077,
Q-CL-PAH-05,2026-06-29,983,929,534544,575.3972012917116,
Q-CL-PAH-05,2026-06-30,955,913,535797,586.8532311062431,
Q-CL-PAH-05,2026-07-01,780,748,405869,542.605614973262,
Q-CL-PAH-05,2026-07-02,718,695,395443,568.9827338129496,
Q-CL-PAH-05,2026-07-03,699,668,399261,597.6961077844311,
Q-CL-PAH-05,2026-07-04,225,215,114520,532.6511627906976,Independence Day reduced demand
Q-CL-PAH-05,2026-07-05,244,233,130891,561.7639484978541,
Q-CL-PAH-05,2026-07-06,1136,1076,580801,539.7778810408922,Post-holiday catch-up
Q-CL-PAH-05,2026-07-07,903,860,437492,508.71162790697673,
Q-CL-PAH-05,2026-07-08,733,710,396272,558.1295774647888,
Q-CL-PAH-05,2026-07-09,764,735,366095,498.08843537414964,
Q-CL-PAH-05,2026-07-10,710,688,358999,521.8008720930233,
Q-CL-PAH-05,2026-07-11,301,288,143171,497.12152777777777,
Q-CL-PAH-05,2026-07-12,264,261,140534,538.4444444444445,
Q-CL-PAH-05,2026-07-13,820,790,429393,543.5354430379747,
Q-CL-PAH-05,2026-07-14,743,709,367639,518.5317348377997,
Q-CL-PAH-05,2026-07-15,771,736,394721,536.3057065217391,
Q-CL-PAH-05,2026-07-16,774,752,391996,521.2712765957447,
Q-CL-PAH-05,2026-07-17,627,609,313552,514.8637110016421,
Q-CL-PAH-05,2026-07-18,351,338,164926,487.94674556213016,
Q-CL-PAH-05,2026-07-19,222,215,115335,536.4418604651163,
Q-CL-PAH-05,2026-07-20,866,819,448007,547.017094017094,
Q-CL-PAH-05,2026-07-21,734,713,363188,509.38008415147266,
Q-CL-PAH-05,2026-07-22,714,687,376253,547.6754002911208,
Q-CL-PAH-05,2026-07-23,648,621,318880,513.4943639291465,
Q-CL-PAH-05,2026-07-24,871,836,470176,562.4114832535885,
Q-CL-PAH-05,2026-07-25,385,367,202943,552.9782016348773,
Q-CL-PAH-05,2026-07-26,264,249,134408,539.7911646586346,
Q-CL-PAH-05,2026-07-27,859,821,486014,591.9780755176614,
Q-CL-PAH-05,2026-07-28,737,712,404017,567.439606741573,
Q-CL-PAH-05,2026-07-29,925,887,542467,611.5749718151071,
Q-CL-PAH-05,2026-07-30,727,711,393783,553.8438818565401,
Q-CL-PAH-05,2026-07-31,810,781,430843,551.6555697823303,
Q-CL-PAH-05,2026-08-01,365,354,227429,642.4548022598871,
Q-CL-PAH-05,2026-08-02,225,217,126840,584.516129032258,
Q-CL-PAH-05,2026-08-03,836,806,484186,600.727047146402,
Q-CL-PAH-05,2026-08-04,819,780,462106,592.4435897435898,
Q-CL-PAH-05,2026-08-05,737,713,391668,549.3239831697055,
Q-CL-PAH-05,2026-08-06,688,667,367119,550.4032983508246,
Q-CL-PAH-05,2026-08-07,701,665,347022,521.8375939849624,
Q-CL-PAH-05,2026-08-08,371,357,189382,530.4817927170868,
Q-CL-PAH-05,2026-08-09,210,201,110288,548.6965174129353,
Q-CL-PAH-05,2026-08-10,769,730,419617,574.8178082191781,
Q-CL-PAH-05,2026-08-11,696,665,344128,517.4857142857143,
Q-CL-PAH-05,2026-08-12,554,534,280414,525.1198501872659,
Q-CL-PAH-05,2026-08-13,785,758,400158,527.9129287598945,
Q-CL-PAH-05,2026-08-14,795,763,418517,548.5150720838794,
Q-CL-PAH-05,2026-08-15,421,413,210792,510.3922518159806,
Q-CL-PAH-05,2026-08-16,264,257,138069,537.2334630350194,
Q-CL-PAH-05,2026-08-17,1085,1034,551316,533.1876208897486,
Q-CL-PAH-05,2026-08-18,864,826,414770,502.14285714285717,
Q-CL-PAH-05,2026-08-19,721,686,365232,532.4081632653061,
Q-CL-PAH-05,2026-08-20,886,839,455177,542.5232419547079,
Q-CL-PAH-05,2026-08-21,668,645,345056,534.970542635659,
Q-CL-PAH-05,2026-08-22,356,345,182378,528.631884057971,
Q-CL-PAH-05,2026-08-23,253,240,116216,484.23333333333335,
Q-CL-PAH-05,2026-08-24,1008,955,517939,542.344502617801,
Q-CL-PAH-05,2026-08-25,993,948,507855,535.7120253164557,
Q-CL-PAH-05,2026-08-26,1012,959,590202,615.4348279457769,
Q-CL-PAH-05,2026-08-27,836,810,429539,530.295061728395,
Q-CL-PAH-05,2026-08-28,942,897,500132,557.5607580824972,
Q-CL-PAH-05,2026-08-29,411,396,221754,559.9848484848485,
Q-CL-PAH-05,2026-08-30,208,202,115199,570.2920792079208,
Q-CL-PAH-05,2026-08-31,848,807,446864,553.7348203221809,
Q-CL-PAH-05,2026-09-01,981,944,522452,553.4449152542373,
Q-CL-PAH-05,2026-09-02,893,863,473485,548.6500579374276,
Q-CL-PAH-05,2026-09-03,968,913,496876,544.223439211391,
Q-CL-PAH-05,2026-09-04,807,777,448074,576.6718146718147,
Q-CL-PAH-05,2026-09-05,400,388,217817,561.3840206185567,
Q-CL-PAH-05,2026-09-06,295,286,148701,519.9335664335664,
Q-CL-PAH-05,2026-09-07,586,560,269170,480.6607142857143,Labor Day reduced demand
Q-CL-PAH-05,2026-09-08,949,914,481689,527.012035010941,Post-holiday catch-up
Q-CL-PAH-05,2026-09-09,817,772,399924,518.0362694300518,
Q-CL-PAH-05,2026-09-10,751,719,361683,503.0361613351878,
Q-CL-PAH-05,2026-09-11,803,763,403995,529.4823066841416,
Q-CL-PAH-05,2026-09-12,351,338,162075,479.5118343195266,
Q-CL-PAH-05,2026-09-13,262,249,147448,592.1606425702811,
Q-CL-PAH-05,2026-09-14,1147,1089,584882,537.0817263544536,
Q-CL-PAH-05,2026-09-15,1096,1032,511013,495.1676356589147,
Q-CL-PAH-05,2026-09-16,1433,1350,790967,585.9014814814815,Hardship outreach response
Q-CL-PAH-05,2026-09-17,882,849,456166,537.2979976442874,
Q-CL-PAH-05,2026-09-18,718,684,356650,521.4181286549708,
Q-CL-PAH-05,2026-09-19,392,372,191901,515.8629032258065,
Q-CL-PAH-05,2026-09-20,294,284,157788,555.5915492957746,
Q-CL-PAH-05,2026-09-21,952,887,486597,548.5873731679819,
Q-CL-PAH-05,2026-09-22,914,877,515016,587.2474344355759,
