queue_id,target,date,value,model,lo_80,hi_80,lo_95,hi_95
Q-CB-CAP-01,volume,2026-09-23,1662.1405424168504,AutoETS,1335.0262345899077,1989.254850243793,777.8415915481107,2546.4394932855903
Q-CB-CAP-01,volume,2026-09-24,1634.614029856137,AutoETS,1307.4997220291943,1961.7283376830796,750.3150789873973,2518.9129807248764
Q-CB-CAP-01,volume,2026-09-25,1620.587210040948,AutoETS,1293.4729022140054,1947.7015178678907,736.2882591722084,2504.8861609096875
Q-CB-CAP-01,volume,2026-09-26,979.5548002740625,AutoETS,652.4404924471198,1306.6691081010051,95.2558494053228,1863.8537511428021
Q-CB-CAP-01,volume,2026-09-27,793.4953712578159,AutoETS,466.38106343087327,1120.6096790847587,0.0,1677.7943221265555
Q-CB-CAP-01,volume,2026-09-28,1887.751311883305,AutoETS,1560.6370040563625,2214.8656197102478,1003.4523610145654,2772.0502627520445
Q-CB-CAP-01,volume,2026-09-29,1795.194619506653,AutoETS,1468.0803116797103,2122.3089273335954,910.8956686379133,2679.4935703753927
Q-CB-CAP-01,volume,2026-09-30,1662.1405424168504,AutoETS,1357.6537152671856,1966.6273695665152,774.703608738552,2549.577476095149
Q-CB-CAP-01,volume,2026-10-01,1634.614029856137,AutoETS,1330.1272027064722,1939.1008570058018,747.1770961778386,2522.050963534435
Q-CB-CAP-01,volume,2026-10-02,1620.587210040948,AutoETS,1316.1003828912833,1925.074037190613,733.1502763626497,2508.0241437192462
Q-CB-CAP-01,volume,2026-10-03,979.5548002740625,AutoETS,675.0679731243977,1284.0416274237273,92.1178665957641,1866.9917339523608
Q-CB-CAP-01,volume,2026-10-04,793.4953712578159,AutoETS,489.0085441081511,1097.9821984074806,0.0,1680.9323049361142
Q-CB-CAP-01,volume,2026-10-05,1887.751311883305,AutoETS,1583.2644847336403,2192.23813903297,1000.3143782050067,2775.1882455616033
Q-CB-CAP-01,volume,2026-10-06,1795.194619506653,AutoETS,1490.7077923569882,2099.681446656318,907.7576858283546,2682.6315531849514
Q-CB-CAP-01,volume,2026-10-07,1662.1405424168504,AutoETS,1372.0262345899077,1952.254850243793,764.4708062084612,2559.8102786252393
Q-CB-CAP-01,volume,2026-10-08,1634.614029856137,AutoETS,1344.4997220291943,1924.7283376830796,736.9442936477478,2532.2837660645264
Q-CB-CAP-01,volume,2026-10-09,1620.587210040948,AutoETS,1330.4729022140054,1910.7015178678907,722.9174738325589,2518.2569462493375
Q-CB-CAP-01,volume,2026-10-10,979.5548002740625,AutoETS,689.4404924471198,1269.6691081010051,81.8850640656733,1877.2245364824516
Q-CB-CAP-01,volume,2026-10-11,793.4953712578159,AutoETS,503.38106343087327,1083.6096790847587,0.0,1691.165107466205
Q-CB-CAP-01,volume,2026-10-12,1887.751311883305,AutoETS,1597.6370040563625,2177.8656197102478,990.0815756749159,2785.4210480916945
Q-CB-CAP-01,volume,2026-10-13,1795.194619506653,AutoETS,1505.0803116797103,2085.3089273335954,897.5248832982638,2692.864355715042
Q-CB-CAP-02,volume,2026-09-23,1213.0,SeasonalNaive,981.0,1445.0,772.0,1654.0
Q-CB-CAP-02,volume,2026-09-24,771.0,SeasonalNaive,539.0,1003.0,330.0,1212.0
Q-CB-CAP-02,volume,2026-09-25,920.0,SeasonalNaive,688.0,1152.0,479.0,1361.0
Q-CB-CAP-02,volume,2026-09-26,549.0,SeasonalNaive,317.0,781.0,108.0,990.0
Q-CB-CAP-02,volume,2026-09-27,473.0,SeasonalNaive,241.0,705.0,32.0,914.0
Q-CB-CAP-02,volume,2026-09-28,1360.0,SeasonalNaive,1128.0,1592.0,919.0,1801.0
Q-CB-CAP-02,volume,2026-09-29,1410.0,SeasonalNaive,1178.0,1642.0,969.0,1851.0
Q-CB-CAP-02,volume,2026-09-30,1213.0,SeasonalNaive,956.0,1470.0,597.0,1829.0
Q-CB-CAP-02,volume,2026-10-01,771.0,SeasonalNaive,514.0,1028.0,155.0,1387.0
Q-CB-CAP-02,volume,2026-10-02,920.0,SeasonalNaive,663.0,1177.0,304.0,1536.0
Q-CB-CAP-02,volume,2026-10-03,549.0,SeasonalNaive,292.0,806.0,0.0,1165.0
Q-CB-CAP-02,volume,2026-10-04,473.0,SeasonalNaive,216.0,730.0,0.0,1089.0
Q-CB-CAP-02,volume,2026-10-05,1360.0,SeasonalNaive,1103.0,1617.0,744.0,1976.0
Q-CB-CAP-02,volume,2026-10-06,1410.0,SeasonalNaive,1153.0,1667.0,794.0,2026.0
Q-CB-CAP-02,volume,2026-10-07,1213.0,SeasonalNaive,1001.0,1425.0,675.0,1751.0
Q-CB-CAP-02,volume,2026-10-08,771.0,SeasonalNaive,559.0,983.0,233.0,1309.0
Q-CB-CAP-02,volume,2026-10-09,920.0,SeasonalNaive,708.0,1132.0,382.0,1458.0
Q-CB-CAP-02,volume,2026-10-10,549.0,SeasonalNaive,337.0,761.0,11.0,1087.0
Q-CB-CAP-02,volume,2026-10-11,473.0,SeasonalNaive,261.0,685.0,0.0,1011.0
Q-CB-CAP-02,volume,2026-10-12,1360.0,SeasonalNaive,1148.0,1572.0,822.0,1898.0
Q-CB-CAP-02,volume,2026-10-13,1410.0,SeasonalNaive,1198.0,1622.0,872.0,1948.0
Q-CB-CAP-03,volume,2026-09-23,1113.25,WeekdayAverage,854.0,1372.5,684.0,1542.5
Q-CB-CAP-03,volume,2026-09-24,1045.25,WeekdayAverage,786.0,1304.5,616.0,1474.5
Q-CB-CAP-03,volume,2026-09-25,1016.75,WeekdayAverage,757.5,1276.0,587.5,1446.0
Q-CB-CAP-03,volume,2026-09-26,702.0,WeekdayAverage,442.75,961.25,272.75,1131.25
Q-CB-CAP-03,volume,2026-09-27,545.0,WeekdayAverage,285.75,804.25,115.75,974.25
Q-CB-CAP-03,volume,2026-09-28,1282.75,WeekdayAverage,1023.5,1542.0,853.5,1712.0
Q-CB-CAP-03,volume,2026-09-29,1299.0,WeekdayAverage,1039.75,1558.25,869.75,1728.25
Q-CB-CAP-03,volume,2026-09-30,1113.25,WeekdayAverage,859.0,1367.5,652.0,1574.5
Q-CB-CAP-03,volume,2026-10-01,1045.25,WeekdayAverage,791.0,1299.5,584.0,1506.5
Q-CB-CAP-03,volume,2026-10-02,1016.75,WeekdayAverage,762.5,1271.0,555.5,1478.0
Q-CB-CAP-03,volume,2026-10-03,702.0,WeekdayAverage,447.75,956.25,240.75,1163.25
Q-CB-CAP-03,volume,2026-10-04,545.0,WeekdayAverage,290.75,799.25,83.75,1006.25
Q-CB-CAP-03,volume,2026-10-05,1282.75,WeekdayAverage,1028.5,1537.0,821.5,1744.0
Q-CB-CAP-03,volume,2026-10-06,1299.0,WeekdayAverage,1044.75,1553.25,837.75,1760.25
Q-CB-CAP-03,volume,2026-10-07,1113.25,WeekdayAverage,856.5,1370.0,657.0,1569.5
Q-CB-CAP-03,volume,2026-10-08,1045.25,WeekdayAverage,788.5,1302.0,589.0,1501.5
Q-CB-CAP-03,volume,2026-10-09,1016.75,WeekdayAverage,760.0,1273.5,560.5,1473.0
Q-CB-CAP-03,volume,2026-10-10,702.0,WeekdayAverage,445.25,958.75,245.75,1158.25
Q-CB-CAP-03,volume,2026-10-11,545.0,WeekdayAverage,288.25,801.75,88.75,1001.25
Q-CB-CAP-03,volume,2026-10-12,1282.75,WeekdayAverage,1026.0,1539.5,826.5,1739.0
Q-CB-CAP-03,volume,2026-10-13,1299.0,WeekdayAverage,1042.25,1555.75,842.75,1755.25
Q-CB-CAP-04,volume,2026-09-23,1150.0015710426744,AutoARIMA,853.6105921666001,1446.3925499187487,791.6866646355336,1508.3164774498152
Q-CB-CAP-04,volume,2026-09-24,1189.0944832162832,AutoARIMA,892.7035043402088,1485.4854620923575,830.7795768091423,1547.409389623424
Q-CB-CAP-04,volume,2026-09-25,1117.3954313212587,AutoARIMA,821.0044524451844,1413.786410197333,759.0805249141179,1475.7103377283995
Q-CB-CAP-04,volume,2026-09-26,698.879173987688,AutoARIMA,402.48819511161366,995.2701528637623,340.56426758054715,1057.1940803948287
Q-CB-CAP-04,volume,2026-09-27,529.8639548853039,AutoARIMA,233.47297600922957,826.2549337613782,171.54904847816306,888.1788612924447
Q-CB-CAP-04,volume,2026-09-28,1389.9600014709065,AutoARIMA,1093.5690225948322,1686.3509803469808,1031.6450950637657,1748.2749078780473
Q-CB-CAP-04,volume,2026-09-29,1279.7867180604294,AutoARIMA,983.3957391843551,1576.1776969365037,921.4718116532886,1638.1016244675702
Q-CB-CAP-04,volume,2026-09-30,1266.8781781095286,AutoARIMA,991.6329456778635,1542.1234105411936,900.8561424493985,1632.9002137696586
Q-CB-CAP-04,volume,2026-10-01,1230.64160336774,AutoARIMA,955.3963709360748,1505.886835799405,864.6195677076098,1596.66363902787
Q-CB-CAP-04,volume,2026-10-02,1132.164538982745,AutoARIMA,856.9193065510799,1407.40977141441,766.1425033226149,1498.186574642875
Q-CB-CAP-04,volume,2026-10-03,704.1292741227011,AutoARIMA,428.88404169103603,979.3745065543661,338.107238462571,1070.151309782831
Q-CB-CAP-04,volume,2026-10-04,531.7302525695941,AutoARIMA,256.48502013792904,806.9754850012591,165.708216909464,897.7522882297242
Q-CB-CAP-04,volume,2026-10-05,1390.6234301592772,AutoARIMA,1115.3781977276121,1665.8686625909422,1024.601394499147,1756.6454658194073
Q-CB-CAP-04,volume,2026-10-06,1280.0225526908093,AutoARIMA,1004.7773202591443,1555.2677851224744,914.0005170306792,1646.0445883509394
Q-CB-CAP-04,volume,2026-10-07,1266.9620122485421,AutoARIMA,1011.2072446802072,1522.716779816877,868.7583378913516,1665.1656866057326
Q-CB-CAP-04,volume,2026-10-08,1230.6714046011416,AutoARIMA,974.9166370328066,1486.4261721694766,832.4677302439511,1628.875078958332
Q-CB-CAP-04,volume,2026-10-09,1132.1751326802853,AutoARIMA,876.4203651119503,1387.9299002486202,733.9714583230948,1530.3788070374758
Q-CB-CAP-04,volume,2026-10-10,704.1330399543384,AutoARIMA,448.37827238600346,959.8878075226734,305.9293655971479,1102.3367143115288
Q-CB-CAP-04,volume,2026-10-11,531.7315912417496,AutoARIMA,275.97682367341463,787.4863588100845,133.5279168845591,929.9352655989401
Q-CB-CAP-04,volume,2026-10-12,1390.6239060284377,AutoARIMA,1134.8691384601027,1646.3786735967726,992.4202316712472,1788.8275803856282
Q-CB-CAP-04,volume,2026-10-13,1280.0227218520613,AutoARIMA,1024.2679542837263,1535.7774894203963,881.8190474948708,1678.2263962092518
Q-CB-CAP-05,volume,2026-09-23,925.0,WeekdayAverage,732.25,1117.75,490.0,1360.0
Q-CB-CAP-05,volume,2026-09-24,933.25,WeekdayAverage,740.5,1126.0,498.25,1368.25
Q-CB-CAP-05,volume,2026-09-25,959.25,WeekdayAverage,766.5,1152.0,524.25,1394.25
Q-CB-CAP-05,volume,2026-09-26,545.25,WeekdayAverage,352.5,738.0,110.25,980.25
Q-CB-CAP-05,volume,2026-09-27,423.5,WeekdayAverage,230.75,616.25,0.0,858.5
Q-CB-CAP-05,volume,2026-09-28,1113.25,WeekdayAverage,920.5,1306.0,678.25,1548.25
Q-CB-CAP-05,volume,2026-09-29,956.5,WeekdayAverage,763.75,1149.25,521.5,1391.5
Q-CB-CAP-05,volume,2026-09-30,925.0,WeekdayAverage,730.75,1119.25,506.25,1343.75
Q-CB-CAP-05,volume,2026-10-01,933.25,WeekdayAverage,739.0,1127.5,514.5,1352.0
Q-CB-CAP-05,volume,2026-10-02,959.25,WeekdayAverage,765.0,1153.5,540.5,1378.0
Q-CB-CAP-05,volume,2026-10-03,545.25,WeekdayAverage,351.0,739.5,126.5,964.0
Q-CB-CAP-05,volume,2026-10-04,423.5,WeekdayAverage,229.25,617.75,4.75,842.25
Q-CB-CAP-05,volume,2026-10-05,1113.25,WeekdayAverage,919.0,1307.5,694.5,1532.0
Q-CB-CAP-05,volume,2026-10-06,956.5,WeekdayAverage,762.25,1150.75,537.75,1375.25
Q-CB-CAP-05,volume,2026-10-07,925.0,WeekdayAverage,704.5,1145.5,531.25,1318.75
Q-CB-CAP-05,volume,2026-10-08,933.25,WeekdayAverage,712.75,1153.75,539.5,1327.0
Q-CB-CAP-05,volume,2026-10-09,959.25,WeekdayAverage,738.75,1179.75,565.5,1353.0
Q-CB-CAP-05,volume,2026-10-10,545.25,WeekdayAverage,324.75,765.75,151.5,939.0
Q-CB-CAP-05,volume,2026-10-11,423.5,WeekdayAverage,203.0,644.0,29.75,817.25
Q-CB-CAP-05,volume,2026-10-12,1113.25,WeekdayAverage,892.75,1333.75,719.5,1507.0
Q-CB-CAP-05,volume,2026-10-13,956.5,WeekdayAverage,736.0,1177.0,562.75,1350.25
Q-CB-DAS-01,volume,2026-09-23,1251.1464911626722,AutoARIMA,1003.0710754093116,1499.2219069160328,886.417146354924,1615.8758359704204
Q-CB-DAS-01,volume,2026-09-24,1171.4528133140911,AutoARIMA,923.3773975607305,1419.5282290674518,806.7234685063429,1536.1821581218394
Q-CB-DAS-01,volume,2026-09-25,1215.0997394649862,AutoARIMA,967.0243237116256,1463.1751552183468,850.370394657238,1579.8290842727345
Q-CB-DAS-01,volume,2026-09-26,753.2975718768391,AutoARIMA,505.2221561234785,1001.3729876301998,388.5682270690909,1118.0269166845874
Q-CB-DAS-01,volume,2026-09-27,578.2331659153326,AutoARIMA,330.157750161972,826.3085816686933,213.50382110758437,942.9625107230809
Q-CB-DAS-01,volume,2026-09-28,1393.0501544445906,AutoARIMA,1144.97473869123,1641.1255701979512,1028.3208096368423,1757.7794992523388
Q-CB-DAS-01,volume,2026-09-29,1329.0037690612376,AutoARIMA,1080.928353307877,1577.0791848145982,964.2744242534893,1693.7331138689858
Q-CB-DAS-01,volume,2026-09-30,1325.960577076299,AutoARIMA,1061.349628781245,1590.571525371353,984.7795912714321,1667.1415628811658
Q-CB-DAS-01,volume,2026-10-01,1187.944921060442,AutoARIMA,923.3339727653881,1452.555869355496,846.7639352555752,1529.125906865309
Q-CB-DAS-01,volume,2026-10-02,1222.617065617846,AutoARIMA,958.0061173227921,1487.2280139129,881.4360798129792,1563.798051422713
Q-CB-DAS-01,volume,2026-10-03,756.9336991014925,AutoARIMA,492.32275080643853,1021.5446473965465,415.75271329662564,1098.1146849063593
Q-CB-DAS-01,volume,2026-10-04,565.9834661501625,AutoARIMA,301.3725178551085,830.5944144452164,224.80248034529563,907.1644519550293
Q-CB-DAS-01,volume,2026-10-05,1390.9853629498018,AutoARIMA,1126.3744146547479,1655.5963112448558,1049.804377144935,1732.1663487546687
Q-CB-DAS-01,volume,2026-10-06,1327.8943170391647,AutoARIMA,1063.2833687441107,1592.5052653342186,986.7133312342978,1669.0753028440315
Q-CB-DAS-01,volume,2026-10-07,1310.2562935796836,AutoARIMA,1088.102088911301,1532.4104982480662,979.7921300546841,1640.7204571046832
Q-CB-DAS-01,volume,2026-10-08,1183.8987545282469,AutoARIMA,961.7445498598642,1406.0529591966297,853.4345910032473,1514.3629180532464
Q-CB-DAS-01,volume,2026-10-09,1220.0667062225023,AutoARIMA,997.9125015541196,1442.220910890885,889.6025426975027,1550.5308697475018
Q-CB-DAS-01,volume,2026-10-10,755.7362221496222,AutoARIMA,533.5820174812395,977.8904268180049,425.2720586246227,1086.2003856746219
Q-CB-DAS-01,volume,2026-10-11,568.9618256875956,AutoARIMA,346.8076210192129,791.1160303559783,238.49766216259604,899.4259892125951
Q-CB-DAS-01,volume,2026-10-12,1391.7043521429857,AutoARIMA,1169.550147474603,1613.8585568113685,1061.2401886179862,1722.1685156679853
Q-CB-DAS-01,volume,2026-10-13,1328.2218863504083,AutoARIMA,1106.0676816820255,1550.3760910187912,997.7577228254088,1658.686049875408
Q-CB-DAS-02,volume,2026-09-23,913.25,WeekdayAverage,713.5,1113.0,550.25,1276.25
Q-CB-DAS-02,volume,2026-09-24,869.0,WeekdayAverage,669.25,1068.75,506.0,1232.0
Q-CB-DAS-02,volume,2026-09-25,966.75,WeekdayAverage,767.0,1166.5,603.75,1329.75
Q-CB-DAS-02,volume,2026-09-26,607.0,WeekdayAverage,407.25,806.75,244.0,970.0
Q-CB-DAS-02,volume,2026-09-27,477.75,WeekdayAverage,278.0,677.5,114.75,840.75
Q-CB-DAS-02,volume,2026-09-28,1153.0,WeekdayAverage,953.25,1352.75,790.0,1516.0
Q-CB-DAS-02,volume,2026-09-29,1068.75,WeekdayAverage,869.0,1268.5,705.75,1431.75
Q-CB-DAS-02,volume,2026-09-30,913.25,WeekdayAverage,733.25,1093.25,579.0,1247.5
Q-CB-DAS-02,volume,2026-10-01,869.0,WeekdayAverage,689.0,1049.0,534.75,1203.25
Q-CB-DAS-02,volume,2026-10-02,966.75,WeekdayAverage,786.75,1146.75,632.5,1301.0
Q-CB-DAS-02,volume,2026-10-03,607.0,WeekdayAverage,427.0,787.0,272.75,941.25
Q-CB-DAS-02,volume,2026-10-04,477.75,WeekdayAverage,297.75,657.75,143.5,812.0
Q-CB-DAS-02,volume,2026-10-05,1153.0,WeekdayAverage,973.0,1333.0,818.75,1487.25
Q-CB-DAS-02,volume,2026-10-06,1068.75,WeekdayAverage,888.75,1248.75,734.5,1403.0
Q-CB-DAS-02,volume,2026-10-07,913.25,WeekdayAverage,721.25,1105.25,562.5,1264.0
Q-CB-DAS-02,volume,2026-10-08,869.0,WeekdayAverage,677.0,1061.0,518.25,1219.75
Q-CB-DAS-02,volume,2026-10-09,966.75,WeekdayAverage,774.75,1158.75,616.0,1317.5
Q-CB-DAS-02,volume,2026-10-10,607.0,WeekdayAverage,415.0,799.0,256.25,957.75
Q-CB-DAS-02,volume,2026-10-11,477.75,WeekdayAverage,285.75,669.75,127.0,828.5
Q-CB-DAS-02,volume,2026-10-12,1153.0,WeekdayAverage,961.0,1345.0,802.25,1503.75
Q-CB-DAS-02,volume,2026-10-13,1068.75,WeekdayAverage,876.75,1260.75,718.0,1419.5
Q-CB-DAS-03,volume,2026-09-23,933.2776318614394,AutoETS,787.3766047255297,1079.1786589973492,570.3601830849817,1296.1950806378973
Q-CB-DAS-03,volume,2026-09-24,936.2637048570382,AutoETS,790.3626777211284,1082.164731992948,573.3462560805805,1299.1811536334958
Q-CB-DAS-03,volume,2026-09-25,951.6136024781231,AutoETS,805.7125753422133,1097.5146296140329,588.6961537016654,1314.5310512545807
Q-CB-DAS-03,volume,2026-09-26,595.1752177492538,AutoETS,449.274190613344,741.0762448851635,232.25776897279604,958.0926665257115
Q-CB-DAS-03,volume,2026-09-27,461.06506329351936,AutoETS,315.1640361576096,606.9660904294292,98.14761451706164,823.982512069977
Q-CB-DAS-03,volume,2026-09-28,1123.5598301362195,AutoETS,977.6588030003097,1269.4608572721293,760.6423813597618,1486.4772789126773
Q-CB-DAS-03,volume,2026-09-29,1048.228359939241,AutoETS,902.3273328033313,1194.1293870751508,685.3109111627833,1411.1458087156989
Q-CB-DAS-03,volume,2026-09-30,933.2776318614394,AutoETS,772.7499514391018,1093.805312283777,697.809590914936,1168.7456728079428
Q-CB-DAS-03,volume,2026-10-01,936.2637048570382,AutoETS,775.7360244347005,1096.7913852793758,700.7956639105348,1171.7317458035416
Q-CB-DAS-03,volume,2026-10-02,951.6136024781231,AutoETS,791.0859220557854,1112.1412829004607,716.1455615316197,1187.0816434246265
Q-CB-DAS-03,volume,2026-10-03,595.1752177492538,AutoETS,434.6475373269161,755.7028981715914,359.7071768027504,830.6432586957571
Q-CB-DAS-03,volume,2026-10-04,461.06506329351936,AutoETS,300.5373828711817,621.5927437158571,225.59702234701598,696.5331042400228
Q-CB-DAS-03,volume,2026-10-05,1123.5598301362195,AutoETS,963.0321497138818,1284.0875105585571,888.0917891897161,1359.0278710827229
Q-CB-DAS-03,volume,2026-10-06,1048.228359939241,AutoETS,887.7006795169034,1208.7560403615787,812.7603189927377,1283.6964008857444
Q-CB-DAS-03,volume,2026-10-07,933.2776318614394,AutoETS,772.7471685671933,1093.8080951556856,643.2245207140561,1223.3307430088228
Q-CB-DAS-03,volume,2026-10-08,936.2637048570382,AutoETS,775.733241562792,1096.7941681512843,646.2105937096549,1226.3168160044215
Q-CB-DAS-03,volume,2026-10-09,951.6136024781231,AutoETS,791.0831391838769,1112.1440657723692,661.5604913307398,1241.6667136255064
Q-CB-DAS-03,volume,2026-10-10,595.1752177492538,AutoETS,434.6447544550076,755.7056810434999,305.1221066018704,885.2283288966371
Q-CB-DAS-03,volume,2026-10-11,461.06506329351936,AutoETS,300.5345999992732,621.5955265877656,171.01195214613603,751.1181744409027
Q-CB-DAS-03,volume,2026-10-12,1123.5598301362195,AutoETS,963.0293668419733,1284.0902934304656,833.5067189888362,1413.6129412836028
Q-CB-DAS-03,volume,2026-10-13,1048.228359939241,AutoETS,887.6978966449949,1208.7588232334872,758.1752487918577,1338.2814710866244
Q-CB-DAS-04,volume,2026-09-23,696.9377870783501,AutoETS,578.5626593251433,815.3129148315569,350.417747080087,1043.4578270766133
Q-CB-DAS-04,volume,2026-09-24,644.5697259336813,AutoETS,526.1945981804745,762.9448536868881,298.0496859354182,991.0897659319444
Q-CB-DAS-04,volume,2026-09-25,648.4049327699096,AutoETS,530.0298050167028,766.7800605231164,301.8848927716465,994.9249727681727
Q-CB-DAS-04,volume,2026-09-26,403.42768063162083,AutoETS,285.052552878414,521.8028083848276,56.907640633357744,749.9477206298839
Q-CB-DAS-04,volume,2026-09-27,323.0413665638695,AutoETS,204.66623881066266,441.4164943170763,0.0,669.5614065621326
Q-CB-DAS-04,volume,2026-09-28,805.773756408467,AutoETS,687.3986286552602,924.1488841616738,459.2537164102039,1152.29379640673
Q-CB-DAS-04,volume,2026-09-29,742.8607302979666,AutoETS,624.4856025447598,861.2358580511734,396.3406902997035,1089.3807702962297
Q-CB-DAS-04,volume,2026-09-30,696.9377870783501,AutoETS,585.1003496302703,808.7752245264298,420.2229587894208,973.6526153672794
Q-CB-DAS-04,volume,2026-10-01,644.5697259336813,AutoETS,532.7322884856015,756.407163381761,367.854897644752,921.2845542226106
Q-CB-DAS-04,volume,2026-10-02,648.4049327699096,AutoETS,536.5674953218298,760.2423702179893,371.69010448098027,925.1197610588389
Q-CB-DAS-04,volume,2026-10-03,403.42768063162083,AutoETS,291.5902431835411,515.2651180797006,126.71285234269152,680.1425089205502
Q-CB-DAS-04,volume,2026-10-04,323.0413665638695,AutoETS,211.20392911578972,434.8788040119492,46.32653827494016,599.7561948527988
Q-CB-DAS-04,volume,2026-10-05,805.773756408467,AutoETS,693.9363189603872,917.6111938565467,529.0589281195377,1082.4885846973962
Q-CB-DAS-04,volume,2026-10-06,742.8607302979666,AutoETS,631.0232928498868,854.6981677460464,466.1459020090373,1019.5755585868959
Q-CB-DAS-04,volume,2026-10-07,696.9377870783501,AutoETS,591.0920020106561,802.7835721460441,422.42567903611155,971.4498951205886
Q-CB-DAS-04,volume,2026-10-08,644.5697259336813,AutoETS,538.7239408659873,750.4155110013753,370.05761789144276,919.0818339759198
Q-CB-DAS-04,volume,2026-10-09,648.4049327699096,AutoETS,542.5591477022156,754.2507178376036,373.89282472767104,922.9170408121481
Q-CB-DAS-04,volume,2026-10-10,403.42768063162083,AutoETS,297.5818955639268,509.27346569931484,128.9155725893823,677.9397886738593
Q-CB-DAS-04,volume,2026-10-11,323.0413665638695,AutoETS,217.19558149617546,428.8871516315635,48.529258521630936,597.553474606108
Q-CB-DAS-04,volume,2026-10-12,805.773756408467,AutoETS,699.927971340773,911.619541476161,531.2616483662284,1080.2858644507055
Q-CB-DAS-04,volume,2026-10-13,742.8607302979666,AutoETS,637.0149452302726,848.7065153656606,468.34862225572806,1017.3728383402051
Q-CB-DAS-05,volume,2026-09-23,1013.2028649328715,AutoETS,882.9345409617883,1143.4711889039547,549.9192864528384,1476.4864434129047
Q-CB-DAS-05,volume,2026-09-24,1023.5622263355704,AutoETS,893.2939023644872,1153.8305503066535,560.2786478555372,1486.8458048156035
Q-CB-DAS-05,volume,2026-09-25,1084.312146514356,AutoETS,954.0438225432729,1214.5804704854393,621.0285680343229,1547.5957249943892
Q-CB-DAS-05,volume,2026-09-26,638.386491586374,AutoETS,508.11816761529076,768.6548155574571,175.1029131063408,1101.670070066407
Q-CB-DAS-05,volume,2026-09-27,487.8477231633695,AutoETS,357.5793991922863,618.1160471344526,24.564144683336337,951.1313016434026
Q-CB-DAS-05,volume,2026-09-28,1278.8019651691152,AutoETS,1148.533641198032,1409.0702891401984,815.518386689082,1742.0855436491483
Q-CB-DAS-05,volume,2026-09-29,1140.3339918250044,AutoETS,1010.0656678539212,1270.6023157960876,677.0504133449713,1603.6175703050376
Q-CB-DAS-05,volume,2026-09-30,1013.2028649328715,AutoETS,884.1153862123288,1142.2903436534143,633.2288913296657,1393.1768385360774
Q-CB-DAS-05,volume,2026-10-01,1023.5622263355704,AutoETS,894.4747476150276,1152.6497050561131,643.5882527323645,1403.5361999387762
Q-CB-DAS-05,volume,2026-10-02,1084.312146514356,AutoETS,955.2246677938133,1213.3996252348988,704.3381729111502,1464.286120117562
Q-CB-DAS-05,volume,2026-10-03,638.386491586374,AutoETS,509.2990128658312,767.4739703069167,258.4125179831681,1018.3604651895798
Q-CB-DAS-05,volume,2026-10-04,487.8477231633695,AutoETS,358.7602444428267,616.9352018839122,107.87374956016362,867.8216967665753
Q-CB-DAS-05,volume,2026-10-05,1278.8019651691152,AutoETS,1149.7144864485724,1407.889443889658,898.8279915659093,1658.775938772321
Q-CB-DAS-05,volume,2026-10-06,1140.3339918250044,AutoETS,1011.2465131044617,1269.4214705455472,760.3600182217986,1520.3079654282103
Q-CB-DAS-05,volume,2026-10-07,1013.2028649328715,AutoETS,879.4864434129047,1146.9192864528384,615.3847076333568,1411.0210222323863
Q-CB-DAS-05,volume,2026-10-08,1023.5622263355704,AutoETS,889.8458048156035,1157.2786478555372,625.7440690360556,1421.380383635085
Q-CB-DAS-05,volume,2026-10-09,1084.312146514356,AutoETS,950.5957249943892,1218.028568034323,686.4939892148413,1482.1303038138708
Q-CB-DAS-05,volume,2026-10-10,638.386491586374,AutoETS,504.6700700664071,772.1029131063408,240.56833428685923,1036.2046488858887
Q-CB-DAS-05,volume,2026-10-11,487.8477231633695,AutoETS,354.13130164340265,621.5641446833363,90.02956586385477,885.6658804628842
Q-CB-DAS-05,volume,2026-10-12,1278.8019651691152,AutoETS,1145.0855436491483,1412.518386689082,880.9838078696005,1676.62012246863
Q-CB-DAS-05,volume,2026-10-13,1140.3339918250044,AutoETS,1006.6175703050376,1274.0504133449713,742.5158345254897,1538.1521491245192
Q-CB-DFS-01,volume,2026-09-23,868.3200579926745,AutoETS,720.2102939720511,1016.4298220132979,623.4747482517023,1113.1653677336467
Q-CB-DFS-01,volume,2026-09-24,880.594863743624,AutoETS,732.4850997230006,1028.7046277642476,635.7495540026518,1125.4401734845962
Q-CB-DFS-01,volume,2026-09-25,844.618313369304,AutoETS,696.5085493486806,992.7280773899274,599.7730036283318,1089.4636231102763
Q-CB-DFS-01,volume,2026-09-26,513.809850619506,AutoETS,365.70008659888265,661.9196146401295,268.96454087853385,758.6551603604782
Q-CB-DFS-01,volume,2026-09-27,409.9606786832092,AutoETS,261.8509146625858,558.0704427038327,165.115368942237,654.8059884241814
Q-CB-DFS-01,volume,2026-09-28,1067.3990626701147,AutoETS,919.2892986494913,1215.5088266907383,822.5537529291425,1312.244372411087
Q-CB-DFS-01,volume,2026-09-29,950.9239490000155,AutoETS,802.814184979392,1099.033713020639,706.0786392590433,1195.7692587409877
Q-CB-DFS-01,volume,2026-09-30,868.3200579926745,AutoETS,729.6957419550562,1006.9443740302928,602.2102939720511,1134.4298220132978
Q-CB-DFS-01,volume,2026-10-01,880.594863743624,AutoETS,741.9705477060057,1019.2191797812424,614.4850997230006,1146.7046277642476
Q-CB-DFS-01,volume,2026-10-02,844.618313369304,AutoETS,705.9939973316857,983.2426294069223,578.5085493486806,1110.7280773899274
Q-CB-DFS-01,volume,2026-10-03,513.809850619506,AutoETS,375.18553458188774,652.4341666571244,247.70008659888265,779.9196146401295
Q-CB-DFS-01,volume,2026-10-04,409.9606786832092,AutoETS,271.3363626455909,548.5849947208276,143.8509146625858,676.0704427038327
Q-CB-DFS-01,volume,2026-10-05,1067.3990626701147,AutoETS,928.7747466324964,1206.0233787077332,801.2892986494913,1333.5088266907383
Q-CB-DFS-01,volume,2026-10-06,950.9239490000155,AutoETS,812.2996329623971,1089.5482650376339,684.814184979392,1217.033713020639
Q-CB-DFS-01,volume,2026-10-07,868.3200579926745,AutoETS,717.6400314056924,1019.0000845796566,620.9149953216877,1115.7251206636613
Q-CB-DFS-01,volume,2026-10-08,880.594863743624,AutoETS,729.914837156642,1031.274890330606,633.1898010726372,1127.9999264146109
Q-CB-DFS-01,volume,2026-10-09,844.618313369304,AutoETS,693.9382867823219,995.2983399562861,597.2132506983172,1092.0233760402907
Q-CB-DFS-01,volume,2026-10-10,513.809850619506,AutoETS,363.12982403252397,664.4898772064881,266.40478794851924,761.2149132904929
Q-CB-DFS-01,volume,2026-10-11,409.9606786832092,AutoETS,259.28065209622713,560.6407052701913,162.5556160122224,657.365741354196
Q-CB-DFS-01,volume,2026-10-12,1067.3990626701147,AutoETS,916.7190360831327,1218.0790892570967,819.9939999991279,1314.8041253411016
Q-CB-DFS-01,volume,2026-10-13,950.9239490000155,AutoETS,800.2439224130334,1101.6039755869974,703.5188863290286,1198.3290116710023
Q-CB-DFS-02,volume,2026-09-23,728.9429459530596,AutoETS,597.9474264702044,859.9384654359148,415.14055428105075,1042.7453376250685
Q-CB-DFS-02,volume,2026-09-24,723.5452002622575,AutoETS,592.5496807794023,854.5407197451127,409.7428085902486,1037.3475919342663
Q-CB-DFS-02,volume,2026-09-25,700.0537700343938,AutoETS,569.0582505515385,831.049289517249,386.2513783623849,1013.8561617064026
Q-CB-DFS-02,volume,2026-09-26,454.11076105598875,AutoETS,323.1152415731335,585.106280538844,140.30836938397988,767.9131527279976
Q-CB-DFS-02,volume,2026-09-27,329.5167487906233,AutoETS,198.52122930776807,460.5122682734785,15.71435711861443,643.3191404626322
Q-CB-DFS-02,volume,2026-09-28,870.6552298434942,AutoETS,739.659710360639,1001.6507493263495,556.8528381714854,1184.457621515503
Q-CB-DFS-02,volume,2026-09-29,754.8076231130366,AutoETS,623.8121036301814,885.8031425958918,441.0052314410277,1068.6100147850455
Q-CB-DFS-02,volume,2026-09-30,728.9429459530596,AutoETS,596.7149638341361,861.1709280719831,415.0726104402655,1042.8132814658538
Q-CB-DFS-02,volume,2026-10-01,723.5452002622575,AutoETS,591.317218143334,855.773182381181,409.6748647494634,1037.4155357750515
Q-CB-DFS-02,volume,2026-10-02,700.0537700343938,AutoETS,567.8257879154703,832.2817521533173,386.1834345215997,1013.9241055471879
Q-CB-DFS-02,volume,2026-10-03,454.11076105598875,AutoETS,321.88277893706527,586.3387431749122,140.24042554319465,767.9810965687828
Q-CB-DFS-02,volume,2026-10-04,329.5167487906233,AutoETS,197.28876667169982,461.7447309095468,15.646413277829197,643.3870843034174
Q-CB-DFS-02,volume,2026-10-05,870.6552298434942,AutoETS,738.4272477245707,1002.8832119624177,556.7848943307001,1184.5255653562883
Q-CB-DFS-02,volume,2026-10-06,754.8076231130366,AutoETS,622.5796409941131,887.0356052319601,440.9372876002425,1068.6779586258308
Q-CB-DFS-02,volume,2026-10-07,728.9429459530596,AutoETS,595.7024026931809,862.1834892129383,426.6095557167032,1031.276336189416
Q-CB-DFS-02,volume,2026-10-08,723.5452002622575,AutoETS,590.3046570023788,856.7857435221362,421.21181002590106,1025.878590498614
Q-CB-DFS-02,volume,2026-10-09,700.0537700343938,AutoETS,566.8132267745151,833.2943132942725,397.72037979803736,1002.3871602707502
Q-CB-DFS-02,volume,2026-10-10,454.11076105598875,AutoETS,320.87021779611007,587.3513043158674,151.77737081963232,756.4441512923452
Q-CB-DFS-02,volume,2026-10-11,329.5167487906233,AutoETS,196.27620553074462,462.757292050502,27.183358554266874,631.8501390269797
Q-CB-DFS-02,volume,2026-10-12,870.6552298434942,AutoETS,737.4146865836155,1003.8957731033729,568.3218396071378,1172.9886200798505
Q-CB-DFS-02,volume,2026-10-13,754.8076231130366,AutoETS,621.5670798531579,888.0481663729153,452.47423287668016,1057.141013349393
Q-CB-DFS-03,volume,2026-09-23,603.5660494475187,AutoETS,493.76520758389927,713.3668913111381,459.83012987706263,747.3019690179748
Q-CB-DFS-03,volume,2026-09-24,599.6503321623201,AutoETS,489.84949029870063,709.4511740259395,455.914412591864,743.3862517327761
Q-CB-DFS-03,volume,2026-09-25,594.170788909222,AutoETS,484.36994704560254,703.9716307728414,450.4348693387659,737.9067084796781
Q-CB-DFS-03,volume,2026-09-26,388.87714390914914,AutoETS,279.0763020455297,498.6779857727686,245.14122433869306,532.6130634796052
Q-CB-DFS-03,volume,2026-09-27,267.2976374407608,AutoETS,157.49679557714137,377.09847930438025,123.56171787030473,411.0335570112169
Q-CB-DFS-03,volume,2026-09-28,690.7739434226459,AutoETS,580.9731015590264,800.5747852862653,547.0380238521898,834.5098629931019
Q-CB-DFS-03,volume,2026-09-29,629.0362953041393,AutoETS,519.2354534405199,738.8371371677588,485.30037573368327,772.7722148745954
Q-CB-DFS-03,volume,2026-09-30,603.5660494475187,AutoETS,487.18836650010144,719.943732394936,457.4874641847206,749.6446347103168
Q-CB-DFS-03,volume,2026-10-01,599.6503321623201,AutoETS,483.2726492149028,716.0280151097373,453.57174689952194,745.7289174251182
Q-CB-DFS-03,volume,2026-10-02,594.170788909222,AutoETS,477.7931059618047,710.5484718566393,448.09220364642385,740.2493741720201
Q-CB-DFS-03,volume,2026-10-03,388.87714390914914,AutoETS,272.49946096173187,505.2548268565664,242.798558646351,534.9557291719473
Q-CB-DFS-03,volume,2026-10-04,267.2976374407608,AutoETS,150.91995449334354,383.6753203881781,121.21905217796268,413.37622270355894
Q-CB-DFS-03,volume,2026-10-05,690.7739434226459,AutoETS,574.3962604752286,807.1516263700631,544.6953581598477,836.852528685444
Q-CB-DFS-03,volume,2026-10-06,629.0362953041393,AutoETS,512.6586123567221,745.4139782515566,482.9577100413412,775.1148805669375
Q-CB-DFS-03,volume,2026-10-07,603.5660494475187,AutoETS,496.83012987706263,710.3019690179748,451.18836650010144,755.943732394936
Q-CB-DFS-03,volume,2026-10-08,599.6503321623201,AutoETS,492.914412591864,706.3862517327761,447.2726492149028,752.0280151097373
Q-CB-DFS-03,volume,2026-10-09,594.170788909222,AutoETS,487.4348693387659,700.9067084796781,441.7931059618047,746.5484718566393
Q-CB-DFS-03,volume,2026-10-10,388.87714390914914,AutoETS,282.14122433869306,495.6130634796052,236.49946096173187,541.2548268565664
Q-CB-DFS-03,volume,2026-10-11,267.2976374407608,AutoETS,160.56171787030473,374.0335570112169,114.91995449334354,419.6753203881781
Q-CB-DFS-03,volume,2026-10-12,690.7739434226459,AutoETS,584.0380238521898,797.5098629931019,538.3962604752286,843.1516263700631
Q-CB-DFS-03,volume,2026-10-13,629.0362953041393,AutoETS,522.3003757336833,735.7722148745954,476.6586123567221,781.4139782515566
Q-CB-DFS-04,volume,2026-09-23,580.0,WeekdayAverage,475.0,685.0,418.25,741.75
Q-CB-DFS-04,volume,2026-09-24,585.5,WeekdayAverage,480.5,690.5,423.75,747.25
Q-CB-DFS-04,volume,2026-09-25,572.0,WeekdayAverage,467.0,677.0,410.25,733.75
Q-CB-DFS-04,volume,2026-09-26,370.5,WeekdayAverage,265.5,475.5,208.75,532.25
Q-CB-DFS-04,volume,2026-09-27,265.0,WeekdayAverage,160.0,370.0,103.25,426.75
Q-CB-DFS-04,volume,2026-09-28,659.25,WeekdayAverage,554.25,764.25,497.5,821.0
Q-CB-DFS-04,volume,2026-09-29,659.0,WeekdayAverage,554.0,764.0,497.25,820.75
Q-CB-DFS-04,volume,2026-09-30,580.0,WeekdayAverage,488.75,671.25,426.75,733.25
Q-CB-DFS-04,volume,2026-10-01,585.5,WeekdayAverage,494.25,676.75,432.25,738.75
Q-CB-DFS-04,volume,2026-10-02,572.0,WeekdayAverage,480.75,663.25,418.75,725.25
Q-CB-DFS-04,volume,2026-10-03,370.5,WeekdayAverage,279.25,461.75,217.25,523.75
Q-CB-DFS-04,volume,2026-10-04,265.0,WeekdayAverage,173.75,356.25,111.75,418.25
Q-CB-DFS-04,volume,2026-10-05,659.25,WeekdayAverage,568.0,750.5,506.0,812.5
Q-CB-DFS-04,volume,2026-10-06,659.0,WeekdayAverage,567.75,750.25,505.75,812.25
Q-CB-DFS-04,volume,2026-10-07,580.0,WeekdayAverage,483.5,676.5,415.75,744.25
Q-CB-DFS-04,volume,2026-10-08,585.5,WeekdayAverage,489.0,682.0,421.25,749.75
Q-CB-DFS-04,volume,2026-10-09,572.0,WeekdayAverage,475.5,668.5,407.75,736.25
Q-CB-DFS-04,volume,2026-10-10,370.5,WeekdayAverage,274.0,467.0,206.25,534.75
Q-CB-DFS-04,volume,2026-10-11,265.0,WeekdayAverage,168.5,361.5,100.75,429.25
Q-CB-DFS-04,volume,2026-10-12,659.25,WeekdayAverage,562.75,755.75,495.0,823.5
Q-CB-DFS-04,volume,2026-10-13,659.0,WeekdayAverage,562.5,755.5,494.75,823.25
Q-CB-DFS-05,volume,2026-09-23,435.92965934582367,AutoARIMA,367.0604038732985,504.7989148183488,334.28439888674507,537.5749198049023
Q-CB-DFS-05,volume,2026-09-24,405.46856626096354,AutoARIMA,336.5993107884384,474.3378217334887,303.82330580188494,507.11382672004214
Q-CB-DFS-05,volume,2026-09-25,381.200564541591,AutoARIMA,312.33130906906587,450.06982001411615,279.5553040825124,482.8458250006696
Q-CB-DFS-05,volume,2026-09-26,235.75358258040924,AutoARIMA,166.8843271078841,304.6228380529344,134.10832212133064,337.3988430394878
Q-CB-DFS-05,volume,2026-09-27,178.03470874761263,AutoARIMA,109.16545327508749,246.90396422013777,76.38944828853403,279.6799692066912
Q-CB-DFS-05,volume,2026-09-28,482.6889324353628,AutoARIMA,413.81967696283766,551.5581879078879,381.0436719762842,584.3341928944415
Q-CB-DFS-05,volume,2026-09-29,415.87935450610837,AutoARIMA,347.01009903358323,484.7486099786335,314.23409404702977,517.524614965187
Q-CB-DFS-05,volume,2026-09-30,421.8542339156826,AutoARIMA,348.3744688802014,495.3339989511638,327.339690916816,516.3687769145492
Q-CB-DFS-05,volume,2026-10-01,398.51102006504084,AutoARIMA,325.03125502955965,471.99078510052203,303.99647706617424,493.02556306390744
Q-CB-DFS-05,volume,2026-10-02,427.51382244456886,AutoARIMA,354.03405740908767,500.99358748005005,332.99927944570226,522.0283654434354
Q-CB-DFS-05,volume,2026-10-03,254.38027251684858,AutoARIMA,180.90050748136738,327.8600375523298,159.86572951798198,348.8948155157152
Q-CB-DFS-05,volume,2026-10-04,186.01462607458257,AutoARIMA,112.53486103910137,259.49439111006376,91.50008307571596,280.52916907344917
Q-CB-DFS-05,volume,2026-10-05,459.9365953601666,AutoARIMA,386.4568303246854,533.4163603956479,365.4220523613,554.4511383590332
Q-CB-DFS-05,volume,2026-10-06,424.39240226640885,AutoARIMA,350.91263723092766,497.87216730189004,329.87785926754225,518.9069452652755
Q-CB-DFS-05,volume,2026-10-07,431.1400597691802,AutoARIMA,362.231596655886,500.0485228824744,332.47812828742343,529.8019912509369
Q-CB-DFS-05,volume,2026-10-08,405.01749569882946,AutoARIMA,336.10903258553526,473.92595881212367,306.3555642170727,503.67942718058623
Q-CB-DFS-05,volume,2026-10-09,389.3691195125838,AutoARIMA,320.4606563992896,458.277582625878,290.707188030827,488.03105099434055
Q-CB-DFS-05,volume,2026-10-10,239.4422380603795,AutoARIMA,170.5337749470853,308.3507011736737,140.78030657862274,338.1041695421363
Q-CB-DFS-05,volume,2026-10-11,180.00063459017025,AutoARIMA,111.09217147687605,248.90909770346445,81.33870310841348,278.662566071927
Q-CB-DFS-05,volume,2026-10-12,479.68214331300913,AutoARIMA,410.77368019971493,548.5906064263033,381.02021183125237,578.3440747947659
Q-CB-DFS-05,volume,2026-10-13,417.93154495032456,AutoARIMA,349.02308183703036,486.84000806361877,319.2696134685678,516.5934764320814
Q-CL-ALS-01,volume,2026-09-23,893.0,WeekdayAverage,764.5,1021.5,626.25,1159.75
Q-CL-ALS-01,volume,2026-09-24,771.25,WeekdayAverage,642.75,899.75,504.5,1038.0
Q-CL-ALS-01,volume,2026-09-25,829.25,WeekdayAverage,700.75,957.75,562.5,1096.0
Q-CL-ALS-01,volume,2026-09-26,406.0,WeekdayAverage,277.5,534.5,139.25,672.75
Q-CL-ALS-01,volume,2026-09-27,300.5,WeekdayAverage,172.0,429.0,33.75,567.25
Q-CL-ALS-01,volume,2026-09-28,1095.5,WeekdayAverage,967.0,1224.0,828.75,1362.25
Q-CL-ALS-01,volume,2026-09-29,961.5,WeekdayAverage,833.0,1090.0,694.75,1228.25
Q-CL-ALS-01,volume,2026-09-30,893.0,WeekdayAverage,784.5,1001.5,647.75,1138.25
Q-CL-ALS-01,volume,2026-10-01,771.25,WeekdayAverage,662.75,879.75,526.0,1016.5
Q-CL-ALS-01,volume,2026-10-02,829.25,WeekdayAverage,720.75,937.75,584.0,1074.5
Q-CL-ALS-01,volume,2026-10-03,406.0,WeekdayAverage,297.5,514.5,160.75,651.25
Q-CL-ALS-01,volume,2026-10-04,300.5,WeekdayAverage,192.0,409.0,55.25,545.75
Q-CL-ALS-01,volume,2026-10-05,1095.5,WeekdayAverage,987.0,1204.0,850.25,1340.75
Q-CL-ALS-01,volume,2026-10-06,961.5,WeekdayAverage,853.0,1070.0,716.25,1206.75
Q-CL-ALS-01,volume,2026-10-07,893.0,WeekdayAverage,760.75,1025.25,683.5,1102.5
Q-CL-ALS-01,volume,2026-10-08,771.25,WeekdayAverage,639.0,903.5,561.75,980.75
Q-CL-ALS-01,volume,2026-10-09,829.25,WeekdayAverage,697.0,961.5,619.75,1038.75
Q-CL-ALS-01,volume,2026-10-10,406.0,WeekdayAverage,273.75,538.25,196.5,615.5
Q-CL-ALS-01,volume,2026-10-11,300.5,WeekdayAverage,168.25,432.75,91.0,510.0
Q-CL-ALS-01,volume,2026-10-12,1095.5,WeekdayAverage,963.25,1227.75,886.0,1305.0
Q-CL-ALS-01,volume,2026-10-13,961.5,WeekdayAverage,829.25,1093.75,752.0,1171.0
Q-CL-ALS-02,volume,2026-09-23,1218.315667966619,AutoARIMA,1002.7320705840109,1433.899265349227,871.9259584463675,1564.7053774868705
Q-CL-ALS-02,volume,2026-09-24,1177.9381546908455,AutoARIMA,962.3545573082374,1393.5217520734536,831.548445170594,1524.327864211097
Q-CL-ALS-02,volume,2026-09-25,1153.7657854253537,AutoARIMA,938.1821880427456,1369.3493828079618,807.3760759051022,1500.1554949456051
Q-CL-ALS-02,volume,2026-09-26,570.7063676472942,AutoARIMA,355.1227702646861,786.2899650299023,224.31665812704273,917.0960771675457
Q-CL-ALS-02,volume,2026-09-27,392.027935776558,AutoARIMA,176.44433839394992,607.6115331591661,45.63822625630655,738.4176452968095
Q-CL-ALS-02,volume,2026-09-28,1457.9950818314314,AutoARIMA,1242.4114844488233,1673.5786792140395,1111.60537231118,1804.384791351683
Q-CL-ALS-02,volume,2026-09-29,1293.52480732853,AutoARIMA,1077.9412099459219,1509.108404711138,947.1350978082785,1639.9145168487814
Q-CL-ALS-02,volume,2026-09-30,1254.7908192018429,AutoARIMA,1009.1290054811252,1500.4526329225605,963.6969113249536,1545.884727078732
Q-CL-ALS-02,volume,2026-10-01,1191.7215197599328,AutoARIMA,946.0597060392151,1437.3833334806504,900.6276118830435,1482.815427636822
Q-CL-ALS-02,volume,2026-10-02,1158.9742944018503,AutoARIMA,913.3124806811327,1404.636108122568,867.8803865249611,1450.0682022787396
Q-CL-ALS-02,volume,2026-10-03,572.6745782854271,AutoARIMA,327.0127645647094,818.3363920061447,281.5806704085378,863.7684861623163
Q-CL-ALS-02,volume,2026-10-04,392.7716904928387,AutoARIMA,147.10987677212103,638.4335042135563,101.67778261594941,683.8655983697279
Q-CL-ALS-02,volume,2026-10-05,1458.2761346147424,AutoARIMA,1212.6143208940248,1703.93794833546,1167.1822267378532,1749.3700424916317
Q-CL-ALS-02,volume,2026-10-06,1293.6310125938921,AutoARIMA,1047.9691988731745,1539.2928263146098,1002.5371047170029,1584.7249204707814
Q-CL-ALS-02,volume,2026-10-07,1254.8309524403676,AutoARIMA,1054.3203991768946,1455.3415057038405,935.2411446531285,1574.4207602276067
Q-CL-ALS-02,volume,2026-10-08,1191.736685456558,AutoARIMA,991.226132193085,1392.247238720031,872.1468776693189,1511.3264932437971
Q-CL-ALS-02,volume,2026-10-09,1158.9800252713885,AutoARIMA,958.4694720079156,1359.4905785348615,839.3902174841494,1478.5698330586276
Q-CL-ALS-02,volume,2026-10-10,572.6767438876064,AutoARIMA,372.1661906241335,773.1872971510794,253.08693610036732,892.2665516748456
Q-CL-ALS-02,volume,2026-10-11,392.7725088386007,AutoARIMA,192.26195557512773,593.2830621020737,73.18270105136156,712.3623166258399
Q-CL-ALS-02,volume,2026-10-12,1458.276443854266,AutoARIMA,1257.765890590793,1658.786997117739,1138.686636067027,1777.8662516415052
Q-CL-ALS-02,volume,2026-10-13,1293.6311294504671,AutoARIMA,1093.1205761869942,1494.14168271394,974.041321663228,1613.2209372377063
Q-CL-ALS-03,volume,2026-09-23,846.5791482038662,AutoETS,730.5973287280561,962.5609676796763,577.6709287073758,1115.4873677003566
Q-CL-ALS-03,volume,2026-09-24,801.3764772996299,AutoETS,685.3946578238198,917.35829677544,532.4682578031394,1070.2846967961204
Q-CL-ALS-03,volume,2026-09-25,781.2255269577421,AutoETS,665.243707481932,897.2073464335522,512.3173074612516,1050.1337464542326
Q-CL-ALS-03,volume,2026-09-26,380.20418008844837,AutoETS,264.2223606126383,496.18599956425845,111.29596059195791,649.1123995849389
Q-CL-ALS-03,volume,2026-09-27,279.0393292065535,AutoETS,163.0575097307434,395.02114868236356,10.131109710063015,547.9475487030439
Q-CL-ALS-03,volume,2026-09-28,995.879922872155,AutoETS,879.8981033963449,1111.861742347965,726.9717033756646,1264.7881423686454
Q-CL-ALS-03,volume,2026-09-29,895.6247062181259,AutoETS,779.6428867423158,1011.606525693936,626.7164867216354,1164.5329257146163
Q-CL-ALS-03,volume,2026-09-30,846.5791482038662,AutoETS,735.0580338928982,958.1002625148343,521.6709287073758,1171.4873677003566
Q-CL-ALS-03,volume,2026-10-01,801.3764772996299,AutoETS,689.8553629886618,912.8975916105979,476.4682578031394,1126.2846967961204
Q-CL-ALS-03,volume,2026-10-02,781.2255269577421,AutoETS,669.704412646774,892.7466412687102,456.31730746125163,1106.1337464542326
Q-CL-ALS-03,volume,2026-10-03,380.20418008844837,AutoETS,268.6830657774803,491.72529439941644,55.29596059195791,705.1123995849389
Q-CL-ALS-03,volume,2026-10-04,279.0393292065535,AutoETS,167.5182148955854,390.56044351752155,0.0,603.9475487030439
Q-CL-ALS-03,volume,2026-10-05,995.879922872155,AutoETS,884.358808561187,1107.4010371831232,670.9717033756646,1320.7881423686454
Q-CL-ALS-03,volume,2026-10-06,895.6247062181259,AutoETS,784.1035919071578,1007.145820529094,570.7164867216354,1220.5329257146163
Q-CL-ALS-03,volume,2026-10-07,846.5791482038662,AutoETS,760.3970824727894,932.761213934943,519.6034168635234,1173.5548795442091
Q-CL-ALS-03,volume,2026-10-08,801.3764772996299,AutoETS,715.194411568553,887.5585430307067,474.40074595928706,1128.3522086399726
Q-CL-ALS-03,volume,2026-10-09,781.2255269577421,AutoETS,695.0434612266653,867.4075926888189,454.2497956173993,1108.201258298085
Q-CL-ALS-03,volume,2026-10-10,380.20418008844837,AutoETS,294.02211435737155,466.3862458195252,53.22844874810556,707.1799114287912
Q-CL-ALS-03,volume,2026-10-11,279.0393292065535,AutoETS,192.85726347547666,365.2213949376303,0.0,606.0150605468963
Q-CL-ALS-03,volume,2026-10-12,995.879922872155,AutoETS,909.6978571410782,1082.0619886032318,668.9041915318122,1322.855654212498
Q-CL-ALS-03,volume,2026-10-13,895.6247062181259,AutoETS,809.4426404870491,981.8067719492027,568.6489748777831,1222.6004375584687
Q-CL-ALS-04,volume,2026-09-23,653.25,WeekdayAverage,538.5,768.0,449.75,856.75
Q-CL-ALS-04,volume,2026-09-24,568.75,WeekdayAverage,454.0,683.5,365.25,772.25
Q-CL-ALS-04,volume,2026-09-25,536.25,WeekdayAverage,421.5,651.0,332.75,739.75
Q-CL-ALS-04,volume,2026-09-26,292.75,WeekdayAverage,178.0,407.5,89.25,496.25
Q-CL-ALS-04,volume,2026-09-27,204.25,WeekdayAverage,89.5,319.0,0.75,407.75
Q-CL-ALS-04,volume,2026-09-28,708.25,WeekdayAverage,593.5,823.0,504.75,911.75
Q-CL-ALS-04,volume,2026-09-29,667.5,WeekdayAverage,552.75,782.25,464.0,871.0
Q-CL-ALS-04,volume,2026-09-30,653.25,WeekdayAverage,543.5,763.0,446.0,860.5
Q-CL-ALS-04,volume,2026-10-01,568.75,WeekdayAverage,459.0,678.5,361.5,776.0
Q-CL-ALS-04,volume,2026-10-02,536.25,WeekdayAverage,426.5,646.0,329.0,743.5
Q-CL-ALS-04,volume,2026-10-03,292.75,WeekdayAverage,183.0,402.5,85.5,500.0
Q-CL-ALS-04,volume,2026-10-04,204.25,WeekdayAverage,94.5,314.0,0.0,411.5
Q-CL-ALS-04,volume,2026-10-05,708.25,WeekdayAverage,598.5,818.0,501.0,915.5
Q-CL-ALS-04,volume,2026-10-06,667.5,WeekdayAverage,557.75,777.25,460.25,874.75
Q-CL-ALS-04,volume,2026-10-07,653.25,WeekdayAverage,571.5,735.0,427.0,879.5
Q-CL-ALS-04,volume,2026-10-08,568.75,WeekdayAverage,487.0,650.5,342.5,795.0
Q-CL-ALS-04,volume,2026-10-09,536.25,WeekdayAverage,454.5,618.0,310.0,762.5
Q-CL-ALS-04,volume,2026-10-10,292.75,WeekdayAverage,211.0,374.5,66.5,519.0
Q-CL-ALS-04,volume,2026-10-11,204.25,WeekdayAverage,122.5,286.0,0.0,430.5
Q-CL-ALS-04,volume,2026-10-12,708.25,WeekdayAverage,626.5,790.0,482.0,934.5
Q-CL-ALS-04,volume,2026-10-13,667.5,WeekdayAverage,585.75,749.25,441.25,893.75
Q-CL-ALS-05,volume,2026-09-23,766.9849006766002,AutoETS,601.2626440533597,932.7071572998407,533.0710068816419,1000.8987944715585
Q-CL-ALS-05,volume,2026-09-24,755.2184444103352,AutoETS,589.4961877870948,920.9407010335757,521.3045506153769,989.1323382052935
Q-CL-ALS-05,volume,2026-09-25,763.4645674359384,AutoETS,597.742310812698,929.1868240591789,529.5506736409801,997.3784612308967
Q-CL-ALS-05,volume,2026-09-26,385.24670730261874,AutoETS,219.52445067937828,550.9689639258593,151.33281350766043,619.160601097577
Q-CL-ALS-05,volume,2026-09-27,248.97606973428174,AutoETS,83.25381311104127,414.6983263575222,15.062175939323424,482.88996352924005
Q-CL-ALS-05,volume,2026-09-28,875.1938322067114,AutoETS,709.4715755834709,1040.9160888299518,641.279938411753,1109.1077260016696
Q-CL-ALS-05,volume,2026-09-29,782.3470174605999,AutoETS,616.6247608373594,948.0692740838404,548.4331236656416,1016.2609112555582
Q-CL-ALS-05,volume,2026-09-30,766.9849006766002,AutoETS,616.0011990014791,917.9686023517213,480.0265745953094,1053.943226757891
Q-CL-ALS-05,volume,2026-10-01,755.2184444103352,AutoETS,604.2347427352141,906.2021460854563,468.2601183290444,1042.176770491626
Q-CL-ALS-05,volume,2026-10-02,763.4645674359384,AutoETS,612.4808657608173,914.4482691110595,476.5062413546476,1050.422893517229
Q-CL-ALS-05,volume,2026-10-03,385.24670730261874,AutoETS,234.26300562749765,536.2304089777399,98.28838122132794,672.2050333839095
Q-CL-ALS-05,volume,2026-10-04,248.97606973428174,AutoETS,97.99236805916064,399.95977140940283,0.0,535.9343958155725
Q-CL-ALS-05,volume,2026-10-05,875.1938322067114,AutoETS,724.2101305315903,1026.1775338818325,588.2355061254206,1162.1521582880023
Q-CL-ALS-05,volume,2026-10-06,782.3470174605999,AutoETS,631.3633157854788,933.330719135721,495.3886913793091,1069.3053435418906
Q-CL-ALS-05,volume,2026-10-07,766.9849006766002,AutoETS,621.8912732761297,912.0785280770707,445.1221861910384,1088.8476151621621
Q-CL-ALS-05,volume,2026-10-08,755.2184444103352,AutoETS,610.1248170098647,900.3120718108057,433.3557299247734,1077.081158895897
Q-CL-ALS-05,volume,2026-10-09,763.4645674359384,AutoETS,618.3709400354679,908.5581948364089,441.6018529503766,1085.3272819215003
Q-CL-ALS-05,volume,2026-10-10,385.24670730261874,AutoETS,240.15307990214825,530.3403347030892,63.383992817056935,707.1094217881805
Q-CL-ALS-05,volume,2026-10-11,248.97606973428174,AutoETS,103.88244233381124,394.06969713475223,0.0,570.8387842198435
Q-CL-ALS-05,volume,2026-10-12,875.1938322067114,AutoETS,730.1002048062409,1020.2874596071819,553.3311177211496,1197.056546692273
Q-CL-ALS-05,volume,2026-10-13,782.3470174605999,AutoETS,637.2533900601294,927.4406448610704,460.4843029750381,1104.2097319461618
Q-CL-MCS-01,volume,2026-09-23,905.5372443480237,AutoARIMA,746.0218450973847,1065.0526435986626,558.6361116753747,1252.4383770206728
Q-CL-MCS-01,volume,2026-09-24,901.569780952702,AutoARIMA,742.054381702063,1061.085180203341,554.6686482800529,1248.470913625351
Q-CL-MCS-01,volume,2026-09-25,848.2492905697848,AutoARIMA,688.7338913191458,1007.7646898204238,501.3481578971357,1195.1504232424338
Q-CL-MCS-01,volume,2026-09-26,427.2086884173451,AutoARIMA,267.6932891667061,586.7240876679841,80.30755574469606,774.1098210899942
Q-CL-MCS-01,volume,2026-09-27,333.05574222247236,AutoARIMA,173.54034297183335,492.57114147311137,0.0,679.9568748951215
Q-CL-MCS-01,volume,2026-09-28,1112.064451484446,AutoARIMA,952.549052233807,1271.579850735085,765.1633188117969,1458.965584157095
Q-CL-MCS-01,volume,2026-09-29,961.309640183234,AutoARIMA,801.794240932595,1120.825039433873,614.408507510585,1308.210772855883
Q-CL-MCS-01,volume,2026-09-30,913.783082786076,AutoARIMA,741.1019574005027,1086.4642081716493,590.3032332513326,1237.2629323208193
Q-CL-MCS-01,volume,2026-10-01,909.8156193907544,AutoARIMA,737.1344940051811,1082.4967447763277,586.335769856011,1233.2954689254977
Q-CL-MCS-01,volume,2026-10-02,856.4951290078371,AutoARIMA,683.8140036222638,1029.1762543934105,533.0152794730938,1179.9749785425806
Q-CL-MCS-01,volume,2026-10-03,435.4545268553975,AutoARIMA,262.7734014698242,608.1356522409708,111.97467732065411,758.9343763901409
Q-CL-MCS-01,volume,2026-10-04,341.3015806605247,AutoARIMA,168.62045527495138,513.982706046098,17.821731125781298,664.7814301952681
Q-CL-MCS-01,volume,2026-10-05,1120.3102899224982,AutoARIMA,947.6291645369249,1292.9914153080715,796.8304403877548,1443.7901394572416
Q-CL-MCS-01,volume,2026-10-06,969.5554786212863,AutoARIMA,796.874353235713,1142.2366040068596,646.0756290865429,1293.0353281560297
Q-CL-MCS-01,volume,2026-10-07,922.0289212241283,AutoARIMA,752.8801763849481,1091.1776660633086,597.5058231051332,1246.5520193431234
Q-CL-MCS-01,volume,2026-10-08,918.0614578288067,AutoARIMA,748.9127129896265,1087.210202667987,593.5383597098116,1242.5845559478018
Q-CL-MCS-01,volume,2026-10-09,864.7409674458895,AutoARIMA,695.5922226067092,1033.88971228507,540.2178693268944,1189.2640655648847
Q-CL-MCS-01,volume,2026-10-10,443.7003652934498,AutoARIMA,274.55162045426954,612.8491101326301,119.1772671744547,768.223463412445
Q-CL-MCS-01,volume,2026-10-11,349.54741909857705,AutoARIMA,180.39867425939678,518.6961639377573,25.024320979581944,674.0705172175722
Q-CL-MCS-01,volume,2026-10-12,1128.5561283605507,AutoARIMA,959.4073835213704,1297.704873199731,804.0330302415556,1453.079226479546
Q-CL-MCS-01,volume,2026-10-13,977.8013170593387,AutoARIMA,808.6525722201584,1146.950061898519,653.2782189403435,1302.3244151783338
Q-CL-MCS-02,volume,2026-09-23,762.181399600623,AutoETS,646.1874395944878,878.1753596067581,482.9398024227239,1041.422996778522
Q-CL-MCS-02,volume,2026-09-24,707.7598837453966,AutoETS,591.7659237392614,823.7538437515317,428.5182865674975,987.0014809232956
Q-CL-MCS-02,volume,2026-09-25,727.9394412166426,AutoETS,611.9454812105075,843.9334012227778,448.6978440387436,1007.1810383945417
Q-CL-MCS-02,volume,2026-09-26,349.91545573013684,AutoETS,233.92149572400172,465.90941573627197,70.67385855223779,629.1570529080359
Q-CL-MCS-02,volume,2026-09-27,238.5823080752031,AutoETS,122.58834806906796,354.5762680813382,0.0,517.8239052531021
Q-CL-MCS-02,volume,2026-09-28,889.9094320959969,AutoETS,773.9154720898617,1005.903392102132,610.6678349180978,1169.1510292738958
Q-CL-MCS-02,volume,2026-09-29,811.9396181098183,AutoETS,695.9456581036832,927.9335781159534,532.6980209319192,1091.1812152877174
Q-CL-MCS-02,volume,2026-09-30,766.661388448216,AutoETS,648.3120466559488,885.0107302404832,489.9934846109679,1043.3292922854641
Q-CL-MCS-02,volume,2026-10-01,711.9165007388835,AutoETS,593.5671589466164,830.2658425311507,435.24859690163544,988.5844045761316
Q-CL-MCS-02,volume,2026-10-02,732.2109873533439,AutoETS,613.8616455610767,850.560329145611,455.54308351609575,1008.878891190592
Q-CL-MCS-02,volume,2026-10-03,351.967038608923,AutoETS,233.61769681665584,470.3163804011902,75.29913477167491,628.6349424461712
Q-CL-MCS-02,volume,2026-10-04,239.979964967945,AutoETS,121.63062317567781,358.32930676021215,0.0,516.6478688051931
Q-CL-MCS-02,volume,2026-10-05,895.1183179857405,AutoETS,776.7689761934733,1013.4676597780077,618.4504141484924,1171.7862218229886
Q-CL-MCS-02,volume,2026-10-06,816.6881544840497,AutoETS,698.3388126917826,935.0374962763169,540.0202506468016,1093.356058321298
Q-CL-MCS-02,volume,2026-10-07,771.1413772958091,AutoETS,638.3483536630191,903.9344009285991,493.8156312559571,1048.4671233356612
Q-CL-MCS-02,volume,2026-10-08,716.0731177323705,AutoETS,583.2800940995805,848.8661413651605,438.7473716925185,993.3988637722225
Q-CL-MCS-02,volume,2026-10-09,736.4825334900451,AutoETS,603.6895098572551,869.275557122835,459.15678745019306,1013.808279529897
Q-CL-MCS-02,volume,2026-10-10,354.01862148770925,AutoETS,221.22559785491927,486.81164512049924,76.69287544785726,631.3443675275612
Q-CL-MCS-02,volume,2026-10-11,241.37762186068693,AutoETS,108.58459822789695,374.1706454934769,0.0,518.703367900539
Q-CL-MCS-02,volume,2026-10-12,900.3272038754842,AutoETS,767.5341802426942,1033.1202275082742,623.0014578356322,1177.6529499153362
Q-CL-MCS-02,volume,2026-10-13,821.436690858281,AutoETS,688.6436672254911,954.229714491071,544.1109448184291,1098.762436898133
Q-CL-MCS-03,volume,2026-09-23,1125.6065706440365,AutoETS,884.367649902503,1366.84549138557,742.0489674595965,1509.1641738284766
Q-CL-MCS-03,volume,2026-09-24,1041.2593230660316,AutoETS,800.020402324498,1282.4982438075651,657.7017198815915,1424.8169262504716
Q-CL-MCS-03,volume,2026-09-25,1013.6617359409628,AutoETS,772.4228151994292,1254.9006566824964,630.1041327565227,1397.2193391254027
Q-CL-MCS-03,volume,2026-09-26,533.098909457165,AutoETS,291.8599887156314,774.3378301986985,149.5413062727249,916.656512641605
Q-CL-MCS-03,volume,2026-09-27,341.343301257749,AutoETS,100.10438051621543,582.5822219992825,0.0,724.900904442189
Q-CL-MCS-03,volume,2026-09-28,1331.1358337980062,AutoETS,1089.8969130564726,1572.3747545395397,947.5782306135661,1714.6934369824462
Q-CL-MCS-03,volume,2026-09-29,1143.2212867148055,AutoETS,901.982365973272,1384.460207456339,759.6636835303655,1526.7788898992455
Q-CL-MCS-03,volume,2026-09-30,1125.6065706440365,AutoETS,872.6976595261311,1378.5154817619418,750.012506693455,1501.2006345946181
Q-CL-MCS-03,volume,2026-10-01,1041.2593230660316,AutoETS,788.3504119481262,1294.1682341839369,665.66525911545,1416.8533870166132
Q-CL-MCS-03,volume,2026-10-02,1013.6617359409628,AutoETS,760.7528248230574,1266.5706470588682,638.0676719903812,1389.2557998915445
Q-CL-MCS-03,volume,2026-10-03,533.098909457165,AutoETS,280.18999833925955,786.0078205750704,157.50484550658337,908.6929734077465
Q-CL-MCS-03,volume,2026-10-04,341.343301257749,AutoETS,88.43439013984357,594.2522123756544,0.0,716.9373652083306
Q-CL-MCS-03,volume,2026-10-05,1331.1358337980062,AutoETS,1078.2269226801009,1584.0447449159115,955.5417698474246,1706.7298977485877
Q-CL-MCS-03,volume,2026-10-06,1143.2212867148055,AutoETS,890.3123755969001,1396.130197832711,767.6272227642239,1518.815350665387
Q-CL-MCS-03,volume,2026-10-07,1125.6065706440365,AutoETS,887.9513232681375,1363.2618180199356,792.0489674595965,1459.1641738284766
Q-CL-MCS-03,volume,2026-10-08,1041.2593230660316,AutoETS,803.6040756901325,1278.9145704419307,707.7017198815915,1374.8169262504716
Q-CL-MCS-03,volume,2026-10-09,1013.6617359409628,AutoETS,776.0064885650637,1251.3169833168618,680.1041327565227,1347.2193391254027
Q-CL-MCS-03,volume,2026-10-10,533.098909457165,AutoETS,295.44366208126587,770.754156833064,199.5413062727249,866.656512641605
Q-CL-MCS-03,volume,2026-10-11,341.343301257749,AutoETS,103.6880538818499,578.998548633648,7.785698073308936,674.900904442189
Q-CL-MCS-03,volume,2026-10-12,1331.1358337980062,AutoETS,1093.480586422107,1568.7910811739052,997.5782306135661,1664.6934369824462
Q-CL-MCS-03,volume,2026-10-13,1143.2212867148055,AutoETS,905.5660393389064,1380.8765340907046,809.6636835303655,1476.7788898992455
Q-CL-MCS-04,volume,2026-09-23,719.6909672194924,AutoETS,586.1023269621946,853.2796074767903,465.91641120769464,973.4655232312903
Q-CL-MCS-04,volume,2026-09-24,693.633133594202,AutoETS,560.0444933369042,827.2217738514998,439.8585775824042,947.4076896059998
Q-CL-MCS-04,volume,2026-09-25,644.5506059201285,AutoETS,510.9619656628307,778.1392461774263,390.7760499083307,898.3251619319263
Q-CL-MCS-04,volume,2026-09-26,330.84084189579914,AutoETS,197.25220163850133,464.42948215309696,77.06628588400133,584.615397907597
Q-CL-MCS-04,volume,2026-09-27,235.73693600080026,AutoETS,102.14829574350244,369.32557625809807,0.0,489.51149201259807
Q-CL-MCS-04,volume,2026-09-28,836.8908498104581,AutoETS,703.3022095531603,970.4794900677559,583.1162937986603,1090.665405822256
Q-CL-MCS-04,volume,2026-09-29,750.12874851683,AutoETS,616.5401082595322,883.7173887741278,496.3541925050322,1003.9033045286278
Q-CL-MCS-04,volume,2026-09-30,719.6909672194924,AutoETS,613.2725095383898,826.1094249005951,466.47870429475176,972.9032301442331
Q-CL-MCS-04,volume,2026-10-01,693.633133594202,AutoETS,587.2146759130994,800.0515912753046,440.42087066946135,946.8453965189427
Q-CL-MCS-04,volume,2026-10-02,644.5506059201285,AutoETS,538.1321482390259,750.9690636012311,391.33834299538785,897.7628688448692
Q-CL-MCS-04,volume,2026-10-03,330.84084189579914,AutoETS,224.42238421469654,437.25929957690175,77.62857897105846,584.0531048205398
Q-CL-MCS-04,volume,2026-10-04,235.73693600080026,AutoETS,129.31847831969765,342.15539368190286,0.0,488.94919892554094
Q-CL-MCS-04,volume,2026-10-05,836.8908498104581,AutoETS,730.4723921293555,943.3093074915607,583.6785868857174,1090.103112735199
Q-CL-MCS-04,volume,2026-10-06,750.12874851683,AutoETS,643.7102908357274,856.5472061979326,496.9164855920893,1003.3410114415707
Q-CL-MCS-04,volume,2026-10-07,719.6909672194924,AutoETS,601.1023269621946,838.2796074767903,466.96694953292547,972.4149849060594
Q-CL-MCS-04,volume,2026-10-08,693.633133594202,AutoETS,575.0444933369042,812.2217738514998,440.90911590763506,946.357151280769
Q-CL-MCS-04,volume,2026-10-09,644.5506059201285,AutoETS,525.9619656628307,763.1392461774263,391.82658823356155,897.2746236066955
Q-CL-MCS-04,volume,2026-10-10,330.84084189579914,AutoETS,212.25220163850133,449.42948215309696,78.11682420923216,583.5648595823661
Q-CL-MCS-04,volume,2026-10-11,235.73693600080026,AutoETS,117.14829574350244,354.32557625809807,0.0,488.46095368736724
Q-CL-MCS-04,volume,2026-10-12,836.8908498104581,AutoETS,718.3022095531603,955.4794900677559,584.1668321238911,1089.614867497025
Q-CL-MCS-04,volume,2026-10-13,750.12874851683,AutoETS,631.5401082595322,868.7173887741278,497.404730830263,1002.852766203397
Q-CL-MCS-05,volume,2026-09-23,837.741596688934,AutoETS,725.5791900038142,949.9040033740538,320.4899065549083,1354.9932868229598
Q-CL-MCS-05,volume,2026-09-24,794.1799591035075,AutoETS,682.0175524183877,906.3423657886273,276.9282689694818,1311.4316492375333
Q-CL-MCS-05,volume,2026-09-25,757.8090334559301,AutoETS,645.6466267708104,869.9714401410499,240.55734332190445,1275.0607235899558
Q-CL-MCS-05,volume,2026-09-26,374.57761589959875,AutoETS,262.415209214479,486.74002258471853,0.0,891.8293060336244
Q-CL-MCS-05,volume,2026-09-27,262.68916478720985,AutoETS,150.52675810209007,374.8515714723296,0.0,779.9408549212355
Q-CL-MCS-05,volume,2026-09-28,977.5314721157285,AutoETS,865.3690654306088,1089.6938788008483,460.27978198170285,1494.7831622497542
Q-CL-MCS-05,volume,2026-09-29,876.1074831617552,AutoETS,763.9450764766354,988.269889846875,358.85579302772953,1393.359173295781
Q-CL-MCS-05,volume,2026-09-30,837.741596688934,AutoETS,695.5556978744024,979.9274955034656,382.2373822282734,1293.2458111495946
Q-CL-MCS-05,volume,2026-10-01,794.1799591035075,AutoETS,651.9940602889759,936.3658579180391,338.6757446428469,1249.684173564168
Q-CL-MCS-05,volume,2026-10-02,757.8090334559301,AutoETS,615.6231346413986,899.9949322704617,302.30481899526956,1213.3132479165906
Q-CL-MCS-05,volume,2026-10-03,374.57761589959875,AutoETS,232.39171708506717,516.7635147141303,0.0,830.0818303602593
Q-CL-MCS-05,volume,2026-10-04,262.68916478720985,AutoETS,120.50326597267826,404.87506360174143,0.0,718.1933792478704
Q-CL-MCS-05,volume,2026-10-05,977.5314721157285,AutoETS,835.345573301197,1119.7173709302601,522.027257655068,1433.0356865763893
Q-CL-MCS-05,volume,2026-10-06,876.1074831617552,AutoETS,733.9215843472236,1018.2933819762868,420.60326870109463,1331.6116976224157
Q-CL-MCS-05,volume,2026-10-07,837.741596688934,AutoETS,694.0736057374339,981.4095876404341,418.8886578195413,1256.5945355583267
Q-CL-MCS-05,volume,2026-10-08,794.1799591035075,AutoETS,650.5119681520074,937.8479500550076,375.3270202341148,1213.0328979729002
Q-CL-MCS-05,volume,2026-10-09,757.8090334559301,AutoETS,614.1410425044301,901.4770244074302,338.95609458653746,1176.661972325323
Q-CL-MCS-05,volume,2026-10-10,374.57761589959875,AutoETS,230.90962494809867,518.2456068510988,0.0,793.4305547689914
Q-CL-MCS-05,volume,2026-10-11,262.68916478720985,AutoETS,119.02117383570976,406.35715573870993,0.0,681.5421036566025
Q-CL-MCS-05,volume,2026-10-12,977.5314721157285,AutoETS,833.8634811642285,1121.1994630672286,558.6785332463359,1396.3844109851211
Q-CL-MCS-05,volume,2026-10-13,876.1074831617552,AutoETS,732.4394922102551,1019.7754741132553,457.25454429236254,1294.960422031148
Q-CL-PAH-01,volume,2026-09-23,702.0402801389146,AutoETS,596.6484940351805,807.4320662426486,474.1730219504167,929.9075383274125
Q-CL-PAH-01,volume,2026-09-24,660.9858411385668,AutoETS,555.5940550348328,766.3776272423008,433.1185829500689,888.8530993270647
Q-CL-PAH-01,volume,2026-09-25,644.08793381268,AutoETS,538.696147708946,749.4797199164141,416.22067562418215,871.9551920011779
Q-CL-PAH-01,volume,2026-09-26,325.8480404563328,AutoETS,220.45625435259876,431.23982656006683,97.98078226783491,553.7152986448307
Q-CL-PAH-01,volume,2026-09-27,218.21139555689837,AutoETS,112.81960945316433,323.6031816606324,0.0,446.07865374539625
Q-CL-PAH-01,volume,2026-09-28,808.9186985679194,AutoETS,703.5269124641853,914.3104846716534,581.0514403794215,1036.7859567564174
Q-CL-PAH-01,volume,2026-09-29,750.0794683090579,AutoETS,644.6876822053239,855.471254412792,522.21221012056,977.9467264975558
Q-CL-PAH-01,volume,2026-09-30,702.0402801389146,AutoETS,600.1541890535822,803.926371224247,483.51496662921477,920.5655936486144
Q-CL-PAH-01,volume,2026-10-01,660.9858411385668,AutoETS,559.0997500532344,762.8719322238992,442.460527628867,879.5111546482666
Q-CL-PAH-01,volume,2026-10-02,644.08793381268,AutoETS,542.2018427273476,745.9740248980124,425.56262030298024,862.6132473223798
Q-CL-PAH-01,volume,2026-10-03,325.8480404563328,AutoETS,223.9619493710004,427.7341315416652,107.322726946633,544.3733539660326
Q-CL-PAH-01,volume,2026-10-04,218.21139555689837,AutoETS,116.32530447156597,320.09748664223076,0.0,436.73670906659817
Q-CL-PAH-01,volume,2026-10-05,808.9186985679194,AutoETS,707.032607482587,910.8047896532518,590.3933850582196,1027.4440120776192
Q-CL-PAH-01,volume,2026-10-06,750.0794683090579,AutoETS,648.1933772237255,851.9655593943903,531.5541547993581,968.6047818187577
Q-CL-PAH-01,volume,2026-10-07,702.0402801389146,AutoETS,563.701676169019,840.3788841088101,444.51792056648173,959.5626397113474
Q-CL-PAH-01,volume,2026-10-08,660.9858411385668,AutoETS,522.6472371686713,799.3244451084623,403.46348156613396,918.5082007109996
Q-CL-PAH-01,volume,2026-10-09,644.08793381268,AutoETS,505.7493298427845,782.4265377825756,386.5655742402472,901.6102933851129
Q-CL-PAH-01,volume,2026-10-10,325.8480404563328,AutoETS,187.50943648643727,464.1866444262283,68.32568088389996,583.3704000287656
Q-CL-PAH-01,volume,2026-10-11,218.21139555689837,AutoETS,79.87279158700284,356.5499995267939,0.0,475.7337551293312
Q-CL-PAH-01,volume,2026-10-12,808.9186985679194,AutoETS,670.5800945980238,947.2573025378149,551.3963389954865,1066.4410581403522
Q-CL-PAH-01,volume,2026-10-13,750.0794683090579,AutoETS,611.7408643391624,888.4180722789534,492.5571087366251,1007.6018278814907
Q-CL-PAH-02,volume,2026-09-23,548.9978249127331,AutoARIMA,411.8613429641118,686.1343068613544,378.6950248826299,719.3006249428363
Q-CL-PAH-02,volume,2026-09-24,559.0384583021386,AutoARIMA,421.9019763535173,696.1749402507598,388.7356582720354,729.3412583322418
Q-CL-PAH-02,volume,2026-09-25,553.6541744495959,AutoARIMA,416.5176925009746,690.7906563982172,383.3513744194927,723.956974479699
Q-CL-PAH-02,volume,2026-09-26,270.81762491390845,AutoARIMA,133.68114296528717,407.9541068625297,100.51482488380526,441.12042494401163
Q-CL-PAH-02,volume,2026-09-27,168.13709361591333,AutoARIMA,31.00061166729205,305.2735755645346,0.0,338.4398936460165
Q-CL-PAH-02,volume,2026-09-28,663.0778540799956,AutoARIMA,525.9413721313744,800.2143360286169,492.77505404989245,833.3806541100988
Q-CL-PAH-02,volume,2026-09-29,610.8070141827844,AutoARIMA,473.67053223416315,747.9434961314057,440.50421415268124,781.1098142128876
Q-CL-PAH-02,volume,2026-09-30,575.752104215631,AutoARIMA,435.37781089244277,716.1263975388192,400.9274827493921,750.5767256818699
Q-CL-PAH-02,volume,2026-10-01,552.8483922532666,AutoARIMA,412.4740989300784,693.2226855764549,378.02377078702773,727.6730137195055
Q-CL-PAH-02,volume,2026-10-02,551.5128262679283,AutoARIMA,411.13853294474006,691.8871195911165,376.6882048016894,726.3374477341672
Q-CL-PAH-02,volume,2026-10-03,265.011628132813,AutoARIMA,124.63733480962475,405.3859214560012,90.18700666657406,439.8362495990519
Q-CL-PAH-02,volume,2026-10-04,165.64810972575611,AutoARIMA,25.27381640256789,306.02240304894434,0.0,340.472731191995
Q-CL-PAH-02,volume,2026-10-05,657.5865156065455,AutoARIMA,517.2122222833573,797.9608089297337,482.7618941403066,832.4111370727844
Q-CL-PAH-02,volume,2026-10-06,608.0332210853097,AutoARIMA,467.6589277621215,748.407514408498,433.2085996190708,782.8578425515486
Q-CL-PAH-02,volume,2026-10-07,570.5185573930031,AutoARIMA,455.8863203736777,685.1507944123285,304.5773552695621,836.4597595164441
Q-CL-PAH-02,volume,2026-10-08,549.8412621233989,AutoARIMA,435.2090251040735,664.4734991427243,283.9000599999579,815.7824642468399
Q-CL-PAH-02,volume,2026-10-09,546.4904816720301,AutoARIMA,431.8582446527047,661.1227186913555,280.5492795485891,812.4316837954711
Q-CL-PAH-02,volume,2026-10-10,261.8133308310733,AutoARIMA,147.18109381174787,376.44556785039873,0.0,527.7545329545144
Q-CL-PAH-02,volume,2026-10-11,160.79879781122406,AutoARIMA,46.16656079189863,275.4310348305495,0.0,426.7399999346651
Q-CL-PAH-02,volume,2026-10-12,654.2315998408324,AutoARIMA,539.5993628215069,768.8638368601578,388.29039771739133,920.1728019642734
Q-CL-PAH-02,volume,2026-10-13,603.3256705020113,AutoARIMA,488.6934334826859,717.9579075213368,337.3844683785703,869.2668726254524
Q-CL-PAH-03,volume,2026-09-23,635.5,WeekdayAverage,486.0,785.0,350.75,920.25
Q-CL-PAH-03,volume,2026-09-24,600.25,WeekdayAverage,450.75,749.75,315.5,885.0
Q-CL-PAH-03,volume,2026-09-25,570.25,WeekdayAverage,420.75,719.75,285.5,855.0
Q-CL-PAH-03,volume,2026-09-26,277.75,WeekdayAverage,128.25,427.25,0.0,562.5
Q-CL-PAH-03,volume,2026-09-27,185.25,WeekdayAverage,35.75,334.75,0.0,470.0
Q-CL-PAH-03,volume,2026-09-28,782.75,WeekdayAverage,633.25,932.25,498.0,1067.5
Q-CL-PAH-03,volume,2026-09-29,684.0,WeekdayAverage,534.5,833.5,399.25,968.75
Q-CL-PAH-03,volume,2026-09-30,635.5,WeekdayAverage,486.5,784.5,443.25,827.75
Q-CL-PAH-03,volume,2026-10-01,600.25,WeekdayAverage,451.25,749.25,408.0,792.5
Q-CL-PAH-03,volume,2026-10-02,570.25,WeekdayAverage,421.25,719.25,378.0,762.5
Q-CL-PAH-03,volume,2026-10-03,277.75,WeekdayAverage,128.75,426.75,85.5,470.0
Q-CL-PAH-03,volume,2026-10-04,185.25,WeekdayAverage,36.25,334.25,0.0,377.5
Q-CL-PAH-03,volume,2026-10-05,782.75,WeekdayAverage,633.75,931.75,590.5,975.0
Q-CL-PAH-03,volume,2026-10-06,684.0,WeekdayAverage,535.0,833.0,491.75,876.25
Q-CL-PAH-03,volume,2026-10-07,635.5,WeekdayAverage,492.0,779.0,325.0,946.0
Q-CL-PAH-03,volume,2026-10-08,600.25,WeekdayAverage,456.75,743.75,289.75,910.75
Q-CL-PAH-03,volume,2026-10-09,570.25,WeekdayAverage,426.75,713.75,259.75,880.75
Q-CL-PAH-03,volume,2026-10-10,277.75,WeekdayAverage,134.25,421.25,0.0,588.25
Q-CL-PAH-03,volume,2026-10-11,185.25,WeekdayAverage,41.75,328.75,0.0,495.75
Q-CL-PAH-03,volume,2026-10-12,782.75,WeekdayAverage,639.25,926.25,472.25,1093.25
Q-CL-PAH-03,volume,2026-10-13,684.0,WeekdayAverage,540.5,827.5,373.5,994.5
Q-CL-PAH-04,volume,2026-09-23,747.612010415716,AutoETS,603.3127794322266,891.9112413992053,527.1760443646164,968.0479764668156
Q-CL-PAH-04,volume,2026-09-24,744.4247804085363,AutoETS,600.125549425047,888.7240113920257,523.9888143574367,964.860746459636
Q-CL-PAH-04,volume,2026-09-25,709.7448052227509,AutoETS,565.4455742392615,854.0440362062402,489.30883917165124,930.1807712738505
Q-CL-PAH-04,volume,2026-09-26,364.0301327239503,AutoETS,219.73090174046098,508.32936370743965,143.5941666728507,584.4660987750499
Q-CL-PAH-04,volume,2026-09-27,241.00295281615655,AutoETS,96.70372183266721,385.3021837996459,20.566986765056924,461.4389188672562
Q-CL-PAH-04,volume,2026-09-28,910.890927054169,AutoETS,766.5916960706796,1055.1901580376584,690.4549610030693,1131.3268931052685
Q-CL-PAH-04,volume,2026-09-29,810.3087260320655,AutoETS,666.0094950485761,954.6079570155548,589.8727599809658,1030.744692083165
Q-CL-PAH-04,volume,2026-09-30,747.612010415716,AutoETS,574.1117390199126,921.1122818115193,522.2564783039467,972.9675425274853
Q-CL-PAH-04,volume,2026-10-01,744.4247804085363,AutoETS,570.924509012733,917.9250518043397,519.069248296767,969.7803125203056
Q-CL-PAH-04,volume,2026-10-02,709.7448052227509,AutoETS,536.2445338269475,883.2450766185542,484.38927311098155,935.1003373345202
Q-CL-PAH-04,volume,2026-10-03,364.0301327239503,AutoETS,190.52986132814698,537.5304041197537,138.674600612181,589.3856648357196
Q-CL-PAH-04,volume,2026-10-04,241.00295281615655,AutoETS,67.50268142035321,414.5032242119599,15.64742070438723,466.3584849279259
Q-CL-PAH-04,volume,2026-10-05,910.890927054169,AutoETS,737.3906556583656,1084.3911984499723,685.5353949423996,1136.2464591659382
Q-CL-PAH-04,volume,2026-10-06,810.3087260320655,AutoETS,636.8084546362621,983.8089974278688,584.9531939202961,1035.6642581438348
Q-CL-PAH-04,volume,2026-10-07,747.612010415716,AutoETS,570.0150567724811,925.2089640589509,286.21878333081327,1209.0052375006187
Q-CL-PAH-04,volume,2026-10-08,744.4247804085363,AutoETS,566.8278267653014,922.0217340517712,283.0315533236336,1205.818007493439
Q-CL-PAH-04,volume,2026-10-09,709.7448052227509,AutoETS,532.147851579516,887.3417588659858,248.35157813784815,1171.1380323076537
Q-CL-PAH-04,volume,2026-10-10,364.0301327239503,AutoETS,186.43317908071543,541.6270863671853,0.0,825.4233598088531
Q-CL-PAH-04,volume,2026-10-11,241.00295281615655,AutoETS,63.40599917292167,418.59990645939143,0.0,702.3961799010592
Q-CL-PAH-04,volume,2026-10-12,910.890927054169,AutoETS,733.2939734109341,1088.4878806974039,449.49769996926625,1372.2841541390717
Q-CL-PAH-04,volume,2026-10-13,810.3087260320655,AutoETS,632.7117723888306,987.9056796753003,348.91549894716275,1271.701953116968
Q-CL-PAH-05,volume,2026-09-23,863.8967685528302,AutoETS,696.0369393703498,1031.7565977353106,593.439647728161,1134.3538893774994
Q-CL-PAH-05,volume,2026-09-24,853.3431245406628,AutoETS,685.4832953581824,1021.2029537231431,582.8860037159936,1123.8002453653319
Q-CL-PAH-05,volume,2026-09-25,835.9901112390537,AutoETS,668.1302820565734,1003.849940421534,565.5329904143846,1106.4472320637228
Q-CL-PAH-05,volume,2026-09-26,403.8796042835124,AutoETS,236.01977510103205,571.7394334659928,133.42248345884326,674.3367251081816
Q-CL-PAH-05,volume,2026-09-27,272.2630100217738,AutoETS,104.4031808392935,440.12283920425415,1.8058891971047046,542.720130846443
Q-CL-PAH-05,volume,2026-09-28,1006.8997248467545,AutoETS,839.0398956642741,1174.7595540292348,736.4426040220853,1277.3568456714236
Q-CL-PAH-05,volume,2026-09-29,945.833499209688,AutoETS,777.9736700272076,1113.6933283921683,675.3763783850188,1216.290620034357
Q-CL-PAH-05,volume,2026-09-30,875.2698558797706,AutoETS,675.1576816410745,1075.3820301184667,609.4032898487882,1141.1364219107531
Q-CL-PAH-05,volume,2026-10-01,864.556186177828,AutoETS,664.4440119391319,1064.6683604165241,598.6896201468455,1130.4227522088104
Q-CL-PAH-05,volume,2026-10-02,846.9545694786701,AutoETS,646.842395239974,1047.066743717366,581.0880034476877,1112.8211355096525
Q-CL-PAH-05,volume,2026-10-03,409.1667953610247,AutoETS,209.05462112232863,609.2789695997208,143.30022933004227,675.0333613920071
Q-CL-PAH-05,volume,2026-10-04,275.8205541085481,AutoETS,75.70837986985202,475.93272834724416,9.953988077565668,541.6871201395305
Q-CL-PAH-05,volume,2026-10-05,1020.0319388055008,AutoETS,819.9197645668047,1220.1441130441967,754.1653727745183,1285.8985048364832
Q-CL-PAH-05,volume,2026-10-06,958.146332675729,AutoETS,758.0341584370329,1158.2585069144252,692.2797666447466,1224.0128987067114
Q-CL-PAH-05,volume,2026-10-07,886.6429432067112,AutoETS,681.1777869618088,1092.1080994516135,586.7624138324549,1186.5234725809673
Q-CL-PAH-05,volume,2026-10-08,875.769247814993,AutoETS,670.3040915700907,1081.2344040598955,575.8887184407367,1175.6497771892493
Q-CL-PAH-05,volume,2026-10-09,857.9190277182865,AutoETS,652.4538714733842,1063.384183963189,558.0384983440302,1157.7995570925427
Q-CL-PAH-05,volume,2026-10-10,414.453986438537,AutoETS,208.98883019363467,619.9191426834393,114.57345706428072,714.3345158127934
Q-CL-PAH-05,volume,2026-10-11,279.3780981953224,AutoETS,73.91294195042008,484.84325444022477,0.0,579.2586275695787
Q-CL-PAH-05,volume,2026-10-12,1033.164152764247,AutoETS,827.6989965193447,1238.6293090091494,733.2836233899908,1333.0446821385035
Q-CL-PAH-05,volume,2026-10-13,970.4591661417702,AutoETS,764.9940098968679,1175.9243223866724,670.5786367675139,1270.3396955160265
Q-CB-CAP-01,aht,2026-09-23,316.31375684459056,AutoARIMA,295.11221168395093,337.5153020052302,287.93442195311485,344.69309173606626
Q-CB-CAP-01,aht,2026-09-24,301.9222280320096,AutoARIMA,280.72068287137,323.12377319264925,273.5428931405339,330.30156292348533
Q-CB-CAP-01,aht,2026-09-25,306.6330768124271,AutoARIMA,285.43153165178745,327.8346219730667,278.25374192095137,335.0124117039028
Q-CB-CAP-01,aht,2026-09-26,308.9237630797158,AutoARIMA,287.7222179190762,330.1253082403554,280.5444281882401,337.3030979711915
Q-CB-CAP-01,aht,2026-09-27,306.0935120665399,AutoARIMA,284.8919669059003,327.29505722717954,277.7141771750642,334.4728469580156
Q-CB-CAP-01,aht,2026-09-28,304.47080545493714,AutoARIMA,283.2692602942975,325.67235061557676,276.0914705634614,332.85014034641284
Q-CB-CAP-01,aht,2026-09-29,303.985586420125,AutoARIMA,282.7840412594854,325.1871315807646,275.6062515286493,332.3649213116007
Q-CB-CAP-01,aht,2026-09-30,303.3276181061258,AutoARIMA,282.17627072926143,324.47896548299013,275.5445252710776,331.110710941174
Q-CB-CAP-01,aht,2026-10-01,302.35576871907665,AutoARIMA,281.2044213422123,323.507116095941,274.57267588402846,330.13886155412484
Q-CB-CAP-01,aht,2026-10-02,304.20980145087907,AutoARIMA,283.0584540740147,325.3611488277434,276.4267086158309,331.99289428592726
Q-CB-CAP-01,aht,2026-10-03,305.64940361717663,AutoARIMA,284.4980562403123,326.800750994041,277.86631078212844,333.4324964522248
Q-CB-CAP-01,aht,2026-10-04,306.1246982575601,AutoARIMA,284.97335088069576,327.27604563442446,278.3416054225119,333.9077910926083
Q-CB-CAP-01,aht,2026-10-05,301.0389491420141,AutoARIMA,279.8876017651497,322.1902965188784,273.2558563069659,328.82204197706227
Q-CB-CAP-01,aht,2026-10-06,301.1040257130751,AutoARIMA,279.95267833621074,322.25537308993944,273.3209328780269,328.8871185481233
Q-CB-CAP-01,aht,2026-10-07,300.437340612881,AutoARIMA,279.9353480847082,320.93933314105374,272.62924763224385,328.2454335935181
Q-CB-CAP-01,aht,2026-10-08,301.30814431204624,AutoARIMA,280.8061517838735,321.810136840219,273.5000513314091,329.11623729268337
Q-CB-CAP-01,aht,2026-10-09,301.59196345856236,AutoARIMA,281.0899709303896,322.0939559867351,273.78387047792523,329.4000564391995
Q-CB-CAP-01,aht,2026-10-10,301.59196345856236,AutoARIMA,281.0899709303896,322.0939559867351,273.78387047792523,329.4000564391995
Q-CB-CAP-01,aht,2026-10-11,301.59196345856236,AutoARIMA,281.0899709303896,322.0939559867351,273.78387047792523,329.4000564391995
Q-CB-CAP-01,aht,2026-10-12,301.59196345856236,AutoARIMA,281.0899709303896,322.0939559867351,273.78387047792523,329.4000564391995
Q-CB-CAP-01,aht,2026-10-13,301.59196345856236,AutoARIMA,281.0899709303896,322.0939559867351,273.78387047792523,329.4000564391995
Q-CB-CAP-02,aht,2026-09-23,400.83334611519183,AutoARIMA,374.0006868992739,427.6660053311098,357.2944647672986,444.37222746308504
Q-CB-CAP-02,aht,2026-09-24,396.7684116735653,AutoARIMA,369.93575245764737,423.60107088948325,353.2295303256721,440.3072930214585
Q-CB-CAP-02,aht,2026-09-25,395.6306889399022,AutoARIMA,368.79802972398426,422.46334815582014,352.091807592009,439.1695702877954
Q-CB-CAP-02,aht,2026-09-26,395.3122550174659,AutoARIMA,368.47959580154793,422.1449142333838,351.77337366957266,438.8511363653591
Q-CB-CAP-02,aht,2026-09-27,395.2231294687201,AutoARIMA,368.3904702528022,422.05578868463806,351.6842481208269,438.7620108166133
Q-CB-CAP-02,aht,2026-09-28,395.19818437688303,AutoARIMA,368.3655251609651,422.030843592801,351.6593030289898,438.73706572477624
Q-CB-CAP-02,aht,2026-09-29,395.19120256734,AutoARIMA,368.35854335142204,422.0238617832579,351.6523212194468,438.7300839152332
Q-CB-CAP-02,aht,2026-09-30,395.18924844887795,AutoARIMA,368.2606118923409,422.117885005415,350.4303205136036,439.9481763841523
Q-CB-CAP-02,aht,2026-10-01,395.1887015163184,AutoARIMA,368.26006495978135,422.1173380728555,350.42977358104406,439.9476294515928
Q-CB-CAP-02,aht,2026-10-02,395.1885484369476,AutoARIMA,368.2599118804105,422.11718499348467,350.42962050167324,439.94747637222196
Q-CB-CAP-02,aht,2026-10-03,395.18850559200564,AutoARIMA,368.25986903546857,422.1171421485427,350.4295776567313,439.94743352728
Q-CB-CAP-02,aht,2026-10-04,395.1884936002589,AutoARIMA,368.2598570437218,422.11713015679595,350.4295656649845,439.94742153553324
Q-CB-CAP-02,aht,2026-10-05,395.1884902439236,AutoARIMA,368.2598536873865,422.11712680046065,350.4295623086492,439.94741817919794
Q-CB-CAP-02,aht,2026-10-06,395.1884893045286,AutoARIMA,368.25985274799154,422.1171258610657,350.42956136925426,439.947417239803
Q-CB-CAP-02,aht,2026-10-07,395.18848904160404,AutoARIMA,368.44144124176285,421.93553684144524,358.1047007710835,432.2722773121246
Q-CB-CAP-02,aht,2026-10-08,395.1884889680149,AutoARIMA,368.4414411681737,421.9355367678561,358.10470069749437,432.2722772385354
Q-CB-CAP-02,aht,2026-10-09,395.1884889474182,AutoARIMA,368.441441147577,421.9355367472594,358.10470067689766,432.2722772179387
Q-CB-CAP-02,aht,2026-10-10,395.1884889416535,AutoARIMA,368.4414411418123,421.9355367414947,358.10470067113295,432.272277212174
Q-CB-CAP-02,aht,2026-10-11,395.18848894004,AutoARIMA,368.4414411401988,421.9355367398812,358.10470066951945,432.2722772105605
Q-CB-CAP-02,aht,2026-10-12,395.1884889395884,AutoARIMA,368.4414411397472,421.9355367394296,358.1047006690679,432.27227721010894
Q-CB-CAP-02,aht,2026-10-13,395.188488939462,AutoARIMA,368.4414411396208,421.9355367393032,358.10470066894146,432.2722772099825
Q-CB-CAP-03,aht,2026-09-23,368.87888257685654,WeekdayAverage,342.39202199215686,395.3657431615562,323.19665356717394,414.56111158653914
Q-CB-CAP-03,aht,2026-09-24,355.88974945449246,WeekdayAverage,329.4028888697928,382.37661003919214,310.20752044480986,401.57197846417506
Q-CB-CAP-03,aht,2026-09-25,357.8611536935787,WeekdayAverage,331.374293108879,384.34801427827836,312.17892468389607,403.5433827032613
Q-CB-CAP-03,aht,2026-09-26,362.73152999220974,WeekdayAverage,336.24466940751006,389.2183905769094,317.04930098252714,408.41375900189234
Q-CB-CAP-03,aht,2026-09-27,353.1190666137178,WeekdayAverage,326.6322060290181,379.6059271984175,307.4368376040352,398.8012956234004
Q-CB-CAP-03,aht,2026-09-28,364.7295255402557,WeekdayAverage,338.242664955556,391.21638612495536,319.0472965305731,410.4117545499383
Q-CB-CAP-03,aht,2026-09-29,367.1486315878702,WeekdayAverage,340.66177100317054,393.6354921725699,321.4664025781876,412.8308605975528
Q-CB-CAP-03,aht,2026-09-30,368.87888257685654,WeekdayAverage,341.0867910180393,396.67097413567376,321.737792053802,416.01997309991106
Q-CB-CAP-03,aht,2026-10-01,355.88974945449246,WeekdayAverage,328.09765789567524,383.6818410133097,308.74865893143794,403.030839977547
Q-CB-CAP-03,aht,2026-10-02,357.8611536935787,WeekdayAverage,330.06906213476145,385.6532452523959,310.72006317052416,405.0022442166332
Q-CB-CAP-03,aht,2026-10-03,362.73152999220974,WeekdayAverage,334.9394384333925,390.52362155102696,315.5904394691552,409.87262051526426
Q-CB-CAP-03,aht,2026-10-04,353.1190666137178,WeekdayAverage,325.3269750549006,380.911158172535,305.9779760906633,400.2601571367723
Q-CB-CAP-03,aht,2026-10-05,364.7295255402557,WeekdayAverage,336.93743398143846,392.5216170990729,317.58843501720116,411.8706160633102
Q-CB-CAP-03,aht,2026-10-06,367.1486315878702,WeekdayAverage,339.356540029053,394.94072314668745,320.0075410648157,414.28972211092474
Q-CB-CAP-03,aht,2026-10-07,368.87888257685654,WeekdayAverage,342.12139009317247,395.6363750605406,320.7016239484707,417.0561412052424
Q-CB-CAP-03,aht,2026-10-08,355.88974945449246,WeekdayAverage,329.1322569708084,382.64724193817653,307.7124908261066,404.0670080828783
Q-CB-CAP-03,aht,2026-10-09,357.8611536935787,WeekdayAverage,331.1036612098946,384.61864617726275,309.6838950651928,406.03841232196453
Q-CB-CAP-03,aht,2026-10-10,362.73152999220974,WeekdayAverage,335.97403750852567,389.4890224758938,314.5542713638239,410.9087886205956
Q-CB-CAP-03,aht,2026-10-11,353.1190666137178,WeekdayAverage,326.3615741300337,379.87655909740187,304.94180798533193,401.29632524210365
Q-CB-CAP-03,aht,2026-10-12,364.7295255402557,WeekdayAverage,337.9720330565716,391.48701802393975,316.5522669118698,412.90678416864154
Q-CB-CAP-03,aht,2026-10-13,367.1486315878702,WeekdayAverage,340.39113910418615,393.9061240715543,318.97137295948437,415.3258902162561
Q-CB-CAP-04,aht,2026-09-23,422.25238931512854,AutoARIMA,388.44021593796685,456.0645626922902,365.7108857517276,478.7938928785295
Q-CB-CAP-04,aht,2026-09-24,422.25238931512854,AutoARIMA,388.44021593796685,456.0645626922902,365.7108857517276,478.7938928785295
Q-CB-CAP-04,aht,2026-09-25,422.25238931512854,AutoARIMA,388.44021593796685,456.0645626922902,365.7108857517276,478.7938928785295
Q-CB-CAP-04,aht,2026-09-26,422.25238931512854,AutoARIMA,388.44021593796685,456.0645626922902,365.7108857517276,478.7938928785295
Q-CB-CAP-04,aht,2026-09-27,422.25238931512854,AutoARIMA,388.44021593796685,456.0645626922902,365.7108857517276,478.7938928785295
Q-CB-CAP-04,aht,2026-09-28,422.25238931512854,AutoARIMA,388.44021593796685,456.0645626922902,365.7108857517276,478.7938928785295
Q-CB-CAP-04,aht,2026-09-29,422.25238931512854,AutoARIMA,388.44021593796685,456.0645626922902,365.7108857517276,478.7938928785295
Q-CB-CAP-04,aht,2026-09-30,422.25238931512854,AutoARIMA,386.574228271877,457.93055035838006,374.59619909421644,469.90857953604063
Q-CB-CAP-04,aht,2026-10-01,422.25238931512854,AutoARIMA,386.574228271877,457.93055035838006,374.59619909421644,469.90857953604063
Q-CB-CAP-04,aht,2026-10-02,422.25238931512854,AutoARIMA,386.574228271877,457.93055035838006,374.59619909421644,469.90857953604063
Q-CB-CAP-04,aht,2026-10-03,422.25238931512854,AutoARIMA,386.574228271877,457.93055035838006,374.59619909421644,469.90857953604063
Q-CB-CAP-04,aht,2026-10-04,422.25238931512854,AutoARIMA,386.574228271877,457.93055035838006,374.59619909421644,469.90857953604063
Q-CB-CAP-04,aht,2026-10-05,422.25238931512854,AutoARIMA,386.574228271877,457.93055035838006,374.59619909421644,469.90857953604063
Q-CB-CAP-04,aht,2026-10-06,422.25238931512854,AutoARIMA,386.574228271877,457.93055035838006,374.59619909421644,469.90857953604063
Q-CB-CAP-04,aht,2026-10-07,422.25238931512854,AutoARIMA,389.5629447362465,454.9418338940106,376.684593576243,467.8201850540141
Q-CB-CAP-04,aht,2026-10-08,422.25238931512854,AutoARIMA,389.5629447362465,454.9418338940106,376.684593576243,467.8201850540141
Q-CB-CAP-04,aht,2026-10-09,422.25238931512854,AutoARIMA,389.5629447362465,454.9418338940106,376.684593576243,467.8201850540141
Q-CB-CAP-04,aht,2026-10-10,422.25238931512854,AutoARIMA,389.5629447362465,454.9418338940106,376.684593576243,467.8201850540141
Q-CB-CAP-04,aht,2026-10-11,422.25238931512854,AutoARIMA,389.5629447362465,454.9418338940106,376.684593576243,467.8201850540141
Q-CB-CAP-04,aht,2026-10-12,422.25238931512854,AutoARIMA,389.5629447362465,454.9418338940106,376.684593576243,467.8201850540141
Q-CB-CAP-04,aht,2026-10-13,422.25238931512854,AutoARIMA,389.5629447362465,454.9418338940106,376.684593576243,467.8201850540141
Q-CB-CAP-05,aht,2026-09-23,602.7197524854245,AutoARIMA,563.7653462116319,641.674158759217,531.5135887044617,673.9259162663873
Q-CB-CAP-05,aht,2026-09-24,608.0824202885494,AutoARIMA,569.1280140147569,647.036826562342,536.8762565075866,679.2885840695122
Q-CB-CAP-05,aht,2026-09-25,608.0824202885494,AutoARIMA,569.1280140147569,647.036826562342,536.8762565075866,679.2885840695122
Q-CB-CAP-05,aht,2026-09-26,608.0824202885494,AutoARIMA,569.1280140147569,647.036826562342,536.8762565075866,679.2885840695122
Q-CB-CAP-05,aht,2026-09-27,608.0824202885494,AutoARIMA,569.1280140147569,647.036826562342,536.8762565075866,679.2885840695122
Q-CB-CAP-05,aht,2026-09-28,608.0824202885494,AutoARIMA,569.1280140147569,647.036826562342,536.8762565075866,679.2885840695122
Q-CB-CAP-05,aht,2026-09-29,608.0824202885494,AutoARIMA,569.1280140147569,647.036826562342,536.8762565075866,679.2885840695122
Q-CB-CAP-05,aht,2026-09-30,608.0824202885494,AutoARIMA,573.9056870987283,642.2591534783705,552.6941382251281,663.4707023519708
Q-CB-CAP-05,aht,2026-10-01,608.0824202885494,AutoARIMA,573.9056870987283,642.2591534783705,552.6941382251281,663.4707023519708
Q-CB-CAP-05,aht,2026-10-02,608.0824202885494,AutoARIMA,573.9056870987283,642.2591534783705,552.6941382251281,663.4707023519708
Q-CB-CAP-05,aht,2026-10-03,608.0824202885494,AutoARIMA,573.9056870987283,642.2591534783705,552.6941382251281,663.4707023519708
Q-CB-CAP-05,aht,2026-10-04,608.0824202885494,AutoARIMA,573.9056870987283,642.2591534783705,552.6941382251281,663.4707023519708
Q-CB-CAP-05,aht,2026-10-05,608.0824202885494,AutoARIMA,573.9056870987283,642.2591534783705,552.6941382251281,663.4707023519708
Q-CB-CAP-05,aht,2026-10-06,608.0824202885494,AutoARIMA,573.9056870987283,642.2591534783705,552.6941382251281,663.4707023519708
Q-CB-CAP-05,aht,2026-10-07,608.0824202885494,AutoARIMA,571.3104844060445,644.8543561710544,546.7938873460273,669.3709532310716
Q-CB-CAP-05,aht,2026-10-08,608.0824202885494,AutoARIMA,571.3104844060445,644.8543561710544,546.7938873460273,669.3709532310716
Q-CB-CAP-05,aht,2026-10-09,608.0824202885494,AutoARIMA,571.3104844060445,644.8543561710544,546.7938873460273,669.3709532310716
Q-CB-CAP-05,aht,2026-10-10,608.0824202885494,AutoARIMA,571.3104844060445,644.8543561710544,546.7938873460273,669.3709532310716
Q-CB-CAP-05,aht,2026-10-11,608.0824202885494,AutoARIMA,571.3104844060445,644.8543561710544,546.7938873460273,669.3709532310716
Q-CB-CAP-05,aht,2026-10-12,608.0824202885494,AutoARIMA,571.3104844060445,644.8543561710544,546.7938873460273,669.3709532310716
Q-CB-CAP-05,aht,2026-10-13,608.0824202885494,AutoARIMA,571.3104844060445,644.8543561710544,546.7938873460273,669.3709532310716
Q-CB-DAS-01,aht,2026-09-23,326.3893189891179,AutoARIMA,307.9835861226509,344.7950518555849,297.14367246155075,355.63496551668504
Q-CB-DAS-01,aht,2026-09-24,327.3817697796737,AutoARIMA,308.97603691320666,345.7875026461407,298.13612325210653,356.6274163072408
Q-CB-DAS-01,aht,2026-09-25,328.20383740564677,AutoARIMA,309.79810453917975,346.6095702721138,298.9581908780796,357.4494839332139
Q-CB-DAS-01,aht,2026-09-26,328.88477311359713,AutoARIMA,310.4790402471301,347.29050598006415,299.63912658603,358.1304196411643
Q-CB-DAS-01,aht,2026-09-27,329.4488063192753,AutoARIMA,311.0430734528083,347.85453918574234,300.2031597917082,358.69445284684247
Q-CB-DAS-01,aht,2026-09-28,329.91600675155286,AutoARIMA,311.51027388508584,348.3217396180199,300.6703602239857,359.16165327912
Q-CB-DAS-01,aht,2026-09-29,330.30299858416646,AutoARIMA,311.89726571769944,348.7087314506335,301.0573520565993,359.5486451117336
Q-CB-DAS-01,aht,2026-09-30,330.6235519658908,AutoARIMA,312.16554992883067,349.0815540029509,299.6897176822518,361.55738624952977
Q-CB-DAS-01,aht,2026-10-01,330.8890729972804,AutoARIMA,312.43107096022027,349.3470750343405,299.9552387136414,361.82290728091937
Q-CB-DAS-01,aht,2026-10-02,331.109009588593,AutoARIMA,312.65100755153287,349.5670116256531,300.175175304954,362.04284387223197
Q-CB-DAS-01,aht,2026-10-03,331.2911876403468,AutoARIMA,312.83318560328667,349.7491896774069,300.3573533567078,362.22502192398576
Q-CB-DAS-01,aht,2026-10-04,331.44208950866584,AutoARIMA,312.98408747160573,349.90009154572596,300.50825522502686,362.37592379230483
Q-CB-DAS-01,aht,2026-10-05,331.5670846639164,AutoARIMA,313.10908262685626,350.0250867009765,300.6332503802774,362.50091894755536
Q-CB-DAS-01,aht,2026-10-06,331.6706207500505,AutoARIMA,313.2126187129904,350.1286227871106,300.7367864664115,362.6044550336895
Q-CB-DAS-01,aht,2026-10-07,331.7563818430345,AutoARIMA,314.01488424765057,349.4978794384184,301.99161911986096,361.521144566208
Q-CB-DAS-01,aht,2026-10-08,331.8274195395944,AutoARIMA,314.0859219442105,349.56891713497834,302.0626568164209,361.59218226276795
Q-CB-DAS-01,aht,2026-10-09,331.88626154075087,AutoARIMA,314.14476394536695,349.6277591361348,302.12149881757733,361.6510242639244
Q-CB-DAS-01,aht,2026-10-10,331.935001593818,AutoARIMA,314.1935039984341,349.67649918920193,302.1702388706445,361.69976431699155
Q-CB-DAS-01,aht,2026-10-11,331.97537399323164,AutoARIMA,314.2338763978477,349.71687158861556,302.2106112700581,361.7401367164052
Q-CB-DAS-01,aht,2026-10-12,332.00881529113445,AutoARIMA,314.26731769575053,349.7503128865184,302.2440525679609,361.773578014308
Q-CB-DAS-01,aht,2026-10-13,332.03651541353645,AutoARIMA,314.29501781815253,349.77801300892037,302.2717526903629,361.80127813671
Q-CB-DAS-02,aht,2026-09-23,364.37214703892755,AutoARIMA,337.2164257470226,391.5278683308325,326.8167588751111,401.927535202744
Q-CB-DAS-02,aht,2026-09-24,364.13160605020374,AutoARIMA,336.9758847582988,391.2873273421087,326.57621788638727,401.6869942140202
Q-CB-DAS-02,aht,2026-09-25,363.93931069074114,AutoARIMA,336.78358939883617,391.0950319826461,326.38392252692466,401.4946988545576
Q-CB-DAS-02,aht,2026-09-26,363.78558426986365,AutoARIMA,336.6298629779587,390.9413055617686,326.2301961060472,401.3409724336801
Q-CB-DAS-02,aht,2026-09-27,363.66269096374407,AutoARIMA,336.5069696718391,390.81841225564904,326.1073027999276,401.21807912756054
Q-CB-DAS-02,aht,2026-09-28,363.564446533133,AutoARIMA,336.408725241228,390.72016782503795,326.0090583693165,401.11983469694945
Q-CB-DAS-02,aht,2026-09-29,363.4859071199552,AutoARIMA,336.3301858280502,390.64162841186015,325.9305189561387,401.04129528377166
Q-CB-DAS-02,aht,2026-09-30,363.42312046239164,AutoARIMA,337.0327904735394,389.81345045124385,327.27104153460124,399.57519939018204
Q-CB-DAS-02,aht,2026-10-01,363.37292700908586,AutoARIMA,336.98259702023364,389.7632569979381,327.22084808129546,399.52500593687625
Q-CB-DAS-02,aht,2026-10-02,363.3328009241416,AutoARIMA,336.9424709352894,389.72313091299384,327.1807219963512,399.484879851932
Q-CB-DAS-02,aht,2026-10-03,363.3007229819617,AutoARIMA,336.9103929931095,389.6910529708139,327.1486440541713,399.4528019097521
Q-CB-DAS-02,aht,2026-10-04,363.2750789557397,AutoARIMA,336.88474896688746,389.6654089445919,327.1230000279493,399.42715788353007
Q-CB-DAS-02,aht,2026-10-05,363.25457838630825,AutoARIMA,336.86424839745604,389.64490837516047,327.10249945851785,399.40665731409865
Q-CB-DAS-02,aht,2026-10-06,363.238189643629,AutoARIMA,336.8478596547768,389.62851963248124,327.08611071583863,399.3902685714194
Q-CB-DAS-02,aht,2026-10-07,363.22508801308635,AutoARIMA,339.2517896273206,387.1983863988521,331.51948658076344,394.93068944540926
Q-CB-DAS-02,aht,2026-10-08,363.21461419418284,AutoARIMA,339.2413158084171,387.1879125799486,331.50901276185994,394.92021562650575
Q-CB-DAS-02,aht,2026-10-09,363.2062411232078,AutoARIMA,339.23294273744204,387.17953950897356,331.5006396908849,394.9118425555307
Q-CB-DAS-02,aht,2026-10-10,363.1995474503269,AutoARIMA,339.22624906456116,387.1728458360927,331.493946018004,394.9051488826498
Q-CB-DAS-02,aht,2026-10-11,363.19419633640837,AutoARIMA,339.2208979506426,387.1674947221741,331.48859490408546,394.8997977687313
Q-CB-DAS-02,aht,2026-10-12,363.1899185025973,AutoARIMA,339.21662011683156,387.1632168883631,331.4843170702744,394.89551993492023
Q-CB-DAS-02,aht,2026-10-13,363.1864986796608,AutoARIMA,339.21320029389506,387.1597970654266,331.4808972473379,394.8921001119837
Q-CB-DAS-03,aht,2026-09-23,397.52603076712245,AutoARIMA,368.894912293423,426.1571492408219,350.64162430169006,444.41043723255484
Q-CB-DAS-03,aht,2026-09-24,400.3493769275608,AutoARIMA,371.7182584538613,428.98049540126027,353.4649704621284,447.2337833929932
Q-CB-DAS-03,aht,2026-09-25,402.59059754811784,AutoARIMA,373.95947907441837,431.2217160218173,355.70619108268545,449.47500401355023
Q-CB-DAS-03,aht,2026-09-26,404.17016113733484,AutoARIMA,375.53904266363537,432.8012796110343,357.28575467190245,451.05456760276724
Q-CB-DAS-03,aht,2026-09-27,405.0393447079565,AutoARIMA,376.40822623425703,433.670463181656,358.1549382425241,451.9237511733889
Q-CB-DAS-03,aht,2026-09-28,405.1814334976867,AutoARIMA,376.55031502398725,433.8125519713862,358.29702703225433,452.0658399631191
Q-CB-DAS-03,aht,2026-09-29,404.6115074940734,AutoARIMA,375.98038902037393,433.2426259677729,357.727101028641,451.4959139595058
Q-CB-DAS-03,aht,2026-09-30,403.37486515640774,AutoARIMA,376.992281099601,429.7574492132145,365.31357326721496,441.4361570456005
Q-CB-DAS-03,aht,2026-10-01,401.5441919382761,AutoARIMA,375.1616078814693,427.92677599508283,363.4829000490833,439.60548382746884
Q-CB-DAS-03,aht,2026-10-02,399.2156321239777,AutoARIMA,372.8330480671709,425.59821618078445,361.1543402347849,437.27692401317046
Q-CB-DAS-03,aht,2026-10-03,396.50396509204893,AutoARIMA,370.12138103524217,422.8865491488557,358.44267320285616,434.5652569812417
Q-CB-DAS-03,aht,2026-10-04,393.53711981759415,AutoARIMA,367.1545357607874,419.9197038744009,355.4758279284014,431.5984117067869
Q-CB-DAS-03,aht,2026-10-05,390.4502831027482,AutoARIMA,364.0676990459414,416.83286715955495,352.3889912135554,428.51157499194096
Q-CB-DAS-03,aht,2026-10-06,387.37986706929433,AutoARIMA,360.99728301248757,413.7624511261011,349.31857518010156,425.4411589584871
Q-CB-DAS-03,aht,2026-10-07,384.4575997658764,AutoARIMA,355.0837390513788,413.831460480374,345.90693729120824,423.0082622405446
Q-CB-DAS-03,aht,2026-10-08,381.8049897486578,AutoARIMA,352.4311290341602,411.1788504631554,343.25432727398965,420.355652223326
Q-CB-DAS-03,aht,2026-10-09,379.52839207796933,AutoARIMA,350.15453136347173,408.9022527924669,340.97772960330116,418.0790545526375
Q-CB-DAS-03,aht,2026-10-10,377.71487064658345,AutoARIMA,348.34100993208585,407.08873136108105,339.1642081719153,416.2655331212516
Q-CB-DAS-03,aht,2026-10-11,376.429011783929,AutoARIMA,347.0551510694314,405.8028724984266,337.87834930926084,414.9796742585972
Q-CB-DAS-03,aht,2026-10-12,375.7107986029455,AutoARIMA,346.3369378884479,405.0846593174431,337.1601361282773,414.26146107761366
Q-CB-DAS-03,aht,2026-10-13,375.5746066910902,AutoARIMA,346.2007459765926,404.9484674055878,337.023944216422,414.12526916575837
Q-CB-DAS-04,aht,2026-09-23,519.1211864683835,AutoARIMA,474.2617773767811,563.9805955599859,449.3035860463163,588.9387868904507
Q-CB-DAS-04,aht,2026-09-24,522.4032373047747,AutoARIMA,477.54382821317233,567.2626463963771,452.58563688270755,592.2208377268419
Q-CB-DAS-04,aht,2026-09-25,513.7961011109186,AutoARIMA,468.9366920193162,558.655510202521,443.9785006888514,583.6137015329857
Q-CB-DAS-04,aht,2026-09-26,520.722065815997,AutoARIMA,475.8626567243946,565.5814749075994,450.9044653939298,590.5396662380642
Q-CB-DAS-04,aht,2026-09-27,524.6378388396545,AutoARIMA,479.7784297480521,569.4972479312569,454.8202384175873,594.4554392617217
Q-CB-DAS-04,aht,2026-09-28,517.2060506292386,AutoARIMA,472.3466415376362,562.065459720841,447.3884502071714,587.0236510513057
Q-CB-DAS-04,aht,2026-09-29,515.8448819034643,AutoARIMA,470.9854728118619,560.7042909950667,446.0272814813971,585.6624823255315
Q-CB-DAS-04,aht,2026-09-30,527.440764152768,AutoARIMA,482.12836011087415,572.7531681946618,456.02472347924873,598.8568048262873
Q-CB-DAS-04,aht,2026-10-01,524.306672985688,AutoARIMA,478.99426894379417,569.6190770275819,452.89063231216875,595.7227136592073
Q-CB-DAS-04,aht,2026-10-02,530.2977638889698,AutoARIMA,484.985359847076,575.6101679308637,458.88172321545056,601.713804562489
Q-CB-DAS-04,aht,2026-10-03,518.9001102234499,AutoARIMA,473.5877061815561,564.2125142653438,447.48406954993067,590.3161508969692
Q-CB-DAS-04,aht,2026-10-04,521.1698705950091,AutoARIMA,475.8574665531153,566.482274636903,449.75382992148985,592.5859112685284
Q-CB-DAS-04,aht,2026-10-05,512.4946244902862,AutoARIMA,467.1822204483924,557.8070285321801,441.078583816767,583.9106651638056
Q-CB-DAS-04,aht,2026-10-06,522.8616872631434,AutoARIMA,477.54928322124954,568.1740913050372,451.4456465896241,594.2777279366626
Q-CB-DAS-04,aht,2026-10-07,516.2588873952909,AutoARIMA,469.11134480355724,563.4064299870246,454.0210205953471,578.4967541952346
Q-CB-DAS-04,aht,2026-10-08,514.865876650771,AutoARIMA,467.7183340590374,562.0134192425047,452.62800985082725,577.1037434507148
Q-CB-DAS-04,aht,2026-10-09,518.2282213911029,AutoARIMA,471.08067879936925,565.3757639828366,455.99035459115913,580.4660881910468
Q-CB-DAS-04,aht,2026-10-10,514.6642018732047,AutoARIMA,467.516659281471,561.8117444649383,452.4263350732609,576.9020686731485
Q-CB-DAS-04,aht,2026-10-11,513.7865313233368,AutoARIMA,466.63898873160315,560.9340739150705,451.54866452339303,576.0243981232807
Q-CB-DAS-04,aht,2026-10-12,514.8822203730115,AutoARIMA,467.7346777812778,562.0297629647451,452.6443535730677,577.1200871729552
Q-CB-DAS-04,aht,2026-10-13,516.6434302373686,AutoARIMA,469.495887645635,563.7909728291023,454.40556343742486,578.8812970373124
Q-CB-DAS-05,aht,2026-09-23,424.69121581643,AutoARIMA,393.6095987121336,455.77283292072633,379.1468930637513,470.23553856910866
Q-CB-DAS-05,aht,2026-09-24,425.29567377640006,AutoARIMA,394.2140566721037,456.3772908806964,379.7513510237214,470.83999652907875
Q-CB-DAS-05,aht,2026-09-25,425.29567377640006,AutoARIMA,394.2140566721037,456.3772908806964,379.7513510237214,470.83999652907875
Q-CB-DAS-05,aht,2026-09-26,425.29567377640006,AutoARIMA,394.2140566721037,456.3772908806964,379.7513510237214,470.83999652907875
Q-CB-DAS-05,aht,2026-09-27,425.29567377640006,AutoARIMA,394.2140566721037,456.3772908806964,379.7513510237214,470.83999652907875
Q-CB-DAS-05,aht,2026-09-28,425.29567377640006,AutoARIMA,394.2140566721037,456.3772908806964,379.7513510237214,470.83999652907875
Q-CB-DAS-05,aht,2026-09-29,425.29567377640006,AutoARIMA,394.2140566721037,456.3772908806964,379.7513510237214,470.83999652907875
Q-CB-DAS-05,aht,2026-09-30,425.29567377640006,AutoARIMA,396.3412595398575,454.2500880129426,383.1873482433918,467.40399930940833
Q-CB-DAS-05,aht,2026-10-01,425.29567377640006,AutoARIMA,396.3412595398575,454.2500880129426,383.1873482433918,467.40399930940833
Q-CB-DAS-05,aht,2026-10-02,425.29567377640006,AutoARIMA,396.3412595398575,454.2500880129426,383.1873482433918,467.40399930940833
Q-CB-DAS-05,aht,2026-10-03,425.29567377640006,AutoARIMA,396.3412595398575,454.2500880129426,383.1873482433918,467.40399930940833
Q-CB-DAS-05,aht,2026-10-04,425.29567377640006,AutoARIMA,396.3412595398575,454.2500880129426,383.1873482433918,467.40399930940833
Q-CB-DAS-05,aht,2026-10-05,425.29567377640006,AutoARIMA,396.3412595398575,454.2500880129426,383.1873482433918,467.40399930940833
Q-CB-DAS-05,aht,2026-10-06,425.29567377640006,AutoARIMA,396.3412595398575,454.2500880129426,383.1873482433918,467.40399930940833
Q-CB-DAS-05,aht,2026-10-07,425.29567377640006,AutoARIMA,402.6736952968794,447.91765225592076,384.9264888416635,465.6648587111366
Q-CB-DAS-05,aht,2026-10-08,425.29567377640006,AutoARIMA,402.6736952968794,447.91765225592076,384.9264888416635,465.6648587111366
Q-CB-DAS-05,aht,2026-10-09,425.29567377640006,AutoARIMA,402.6736952968794,447.91765225592076,384.9264888416635,465.6648587111366
Q-CB-DAS-05,aht,2026-10-10,425.29567377640006,AutoARIMA,402.6736952968794,447.91765225592076,384.9264888416635,465.6648587111366
Q-CB-DAS-05,aht,2026-10-11,425.29567377640006,AutoARIMA,402.6736952968794,447.91765225592076,384.9264888416635,465.6648587111366
Q-CB-DAS-05,aht,2026-10-12,425.29567377640006,AutoARIMA,402.6736952968794,447.91765225592076,384.9264888416635,465.6648587111366
Q-CB-DAS-05,aht,2026-10-13,425.29567377640006,AutoARIMA,402.6736952968794,447.91765225592076,384.9264888416635,465.6648587111366
Q-CB-DFS-01,aht,2026-09-23,360.03244369821044,AutoARIMA,332.6799133231694,387.3849740732515,320.3808195591184,399.6840678373025
Q-CB-DFS-01,aht,2026-09-24,368.75055427844364,AutoARIMA,341.3980239034026,396.1030846534847,329.0989301393516,408.4021784175357
Q-CB-DFS-01,aht,2026-09-25,360.9572273083609,AutoARIMA,333.6046969333199,388.309757683402,321.30560316926886,400.608851447453
Q-CB-DFS-01,aht,2026-09-26,364.20748964445437,AutoARIMA,336.8549592694133,391.5600200194954,324.5558655053623,403.85911378354643
Q-CB-DFS-01,aht,2026-09-27,365.51376348324067,AutoARIMA,338.1612331081996,392.8662938582817,325.8621393441486,405.16538762233273
Q-CB-DFS-01,aht,2026-09-28,361.5512527252871,AutoARIMA,334.19872235024604,388.90378310032816,321.89962858619504,401.20287686437916
Q-CB-DFS-01,aht,2026-09-29,368.482574353885,AutoARIMA,341.13004397884396,395.83510472892607,328.83095021479295,408.1341984929771
Q-CB-DFS-01,aht,2026-09-30,362.12519859908537,AutoARIMA,336.5207500382265,387.72964715994425,327.65490941262055,396.5954877855502
Q-CB-DFS-01,aht,2026-10-01,364.62285541271297,AutoARIMA,339.0184068518541,390.22730397357185,330.15256622624815,399.0931445991778
Q-CB-DFS-01,aht,2026-10-02,361.11268550171275,AutoARIMA,335.50823694085386,386.71713406257163,326.64239631524794,395.58297468817756
Q-CB-DFS-01,aht,2026-10-03,363.90326079592535,AutoARIMA,338.29881223506646,389.50770935678423,329.43297160946054,398.37354998239016
Q-CB-DFS-01,aht,2026-10-04,360.3425795683147,AutoARIMA,334.7381310074558,385.9470281291736,325.8722903818499,394.8128687547795
Q-CB-DFS-01,aht,2026-10-05,361.9684950764121,AutoARIMA,336.36404651555324,387.572943637271,327.4982058899473,396.43878426287694
Q-CB-DFS-01,aht,2026-10-06,355.96865675084666,AutoARIMA,330.3642081899878,381.57310531170555,321.49836756438185,390.4389459373115
Q-CB-DFS-01,aht,2026-10-07,360.2336679814131,AutoARIMA,336.58489216707727,383.8824437957489,323.5154769072959,396.95185905553024
Q-CB-DFS-01,aht,2026-10-08,358.2420388773696,AutoARIMA,334.5932630630338,381.89081469170543,321.52384780325247,394.9602299514868
Q-CB-DFS-01,aht,2026-10-09,359.7915686613782,AutoARIMA,336.1427928470424,383.440344475714,323.07337758726106,396.5097597354954
Q-CB-DFS-01,aht,2026-10-10,359.147656807619,AutoARIMA,335.4988809932832,382.7964326219548,322.42946573350184,395.86584788173616
Q-CB-DFS-01,aht,2026-10-11,359.7208656692886,AutoARIMA,336.0720898549528,383.36964148362443,323.00267459517147,396.4390567434058
Q-CB-DFS-01,aht,2026-10-12,359.52197246817843,AutoARIMA,335.8731966538426,383.17074828251424,322.8037813940613,396.2401635422956
Q-CB-DFS-01,aht,2026-10-13,359.73907129624973,AutoARIMA,336.0902954819139,383.38784711058554,323.0208802221326,396.4572623703669
Q-CB-DFS-02,aht,2026-09-23,425.0315450138873,WeekdayAverage,396.1705488620806,453.892541165694,381.82108573789094,468.24200428988365
Q-CB-DFS-02,aht,2026-09-24,425.6638802843835,WeekdayAverage,396.80288413257676,454.5248764361902,382.4534210083871,468.87433956037984
Q-CB-DFS-02,aht,2026-09-25,423.6120791611407,WeekdayAverage,394.75108300933397,452.4730753129474,380.4016198851443,466.82253843713704
Q-CB-DFS-02,aht,2026-09-26,418.2988625306708,WeekdayAverage,389.4378663788641,447.15985868247753,375.08840325467446,461.5093218066672
Q-CB-DFS-02,aht,2026-09-27,415.46001809606713,WeekdayAverage,386.5990219442604,444.32101424787385,372.2495588200708,458.6704773720635
Q-CB-DFS-02,aht,2026-09-28,417.20463633579806,WeekdayAverage,388.34364018399134,446.0656324876048,373.9941770598017,460.4150956117944
Q-CB-DFS-02,aht,2026-09-29,407.2125633885152,WeekdayAverage,378.3515672367085,436.0735595403219,364.00210411251885,450.42302266451156
Q-CB-DFS-02,aht,2026-09-30,425.0315450138873,WeekdayAverage,393.81338897064063,456.24970105713396,379.641935771348,470.4211542564266
Q-CB-DFS-02,aht,2026-10-01,425.6638802843835,WeekdayAverage,394.4457242411368,456.88203632763015,380.2742710418442,471.05348952692276
Q-CB-DFS-02,aht,2026-10-02,423.6120791611407,WeekdayAverage,392.393923117894,454.83023520438735,378.2224699186014,469.00168840367996
Q-CB-DFS-02,aht,2026-10-03,418.2988625306708,WeekdayAverage,387.08070648742415,449.5170185739175,372.90925328813154,463.6884717732101
Q-CB-DFS-02,aht,2026-10-04,415.46001809606713,WeekdayAverage,384.24186205282047,446.6781741393138,370.07040885352785,460.8496273386064
Q-CB-DFS-02,aht,2026-10-05,417.20463633579806,WeekdayAverage,385.9864802925514,448.4227923790447,371.8150270932588,462.59424557833734
Q-CB-DFS-02,aht,2026-10-06,407.2125633885152,WeekdayAverage,375.99440734526854,438.4307194317619,361.8229541459759,452.6021726310545
Q-CB-DFS-02,aht,2026-10-07,425.0315450138873,WeekdayAverage,399.5418075171936,450.521282510581,372.6366568434093,477.4264331843653
Q-CB-DFS-02,aht,2026-10-08,425.6638802843835,WeekdayAverage,400.1741427876898,451.1536177810772,373.2689921139055,478.0587684548615
Q-CB-DFS-02,aht,2026-10-09,423.6120791611407,WeekdayAverage,398.122341664447,449.1018166578344,371.2171909906627,476.0069673316187
Q-CB-DFS-02,aht,2026-10-10,418.2988625306708,WeekdayAverage,392.8091250339771,443.7886000273645,365.9039743601928,470.6937507011488
Q-CB-DFS-02,aht,2026-10-11,415.46001809606713,WeekdayAverage,389.97028059937344,440.9497555927608,363.06512992558913,467.85490626654513
Q-CB-DFS-02,aht,2026-10-12,417.20463633579806,WeekdayAverage,391.71489883910436,442.69437383249175,364.80974816532006,469.59952450627605
Q-CB-DFS-02,aht,2026-10-13,407.2125633885152,WeekdayAverage,381.7228258918215,432.7023008852089,354.8176752180372,459.6074515589932
Q-CB-DFS-03,aht,2026-09-23,603.8307315599424,AutoETS,553.6714053737912,653.9900577460935,540.2848088607458,667.376654259139
Q-CB-DFS-03,aht,2026-09-24,603.8307315599424,AutoETS,553.6714053737912,653.9900577460935,540.2848088607458,667.376654259139
Q-CB-DFS-03,aht,2026-09-25,603.8307315599424,AutoETS,553.6714053737912,653.9900577460935,540.2848088607458,667.376654259139
Q-CB-DFS-03,aht,2026-09-26,603.8307315599424,AutoETS,553.6714053737912,653.9900577460935,540.2848088607458,667.376654259139
Q-CB-DFS-03,aht,2026-09-27,603.8307315599424,AutoETS,553.6714053737912,653.9900577460935,540.2848088607458,667.376654259139
Q-CB-DFS-03,aht,2026-09-28,603.8307315599424,AutoETS,553.6714053737912,653.9900577460935,540.2848088607458,667.376654259139
Q-CB-DFS-03,aht,2026-09-29,603.8307315599424,AutoETS,553.6714053737912,653.9900577460935,540.2848088607458,667.376654259139
Q-CB-DFS-03,aht,2026-09-30,603.8307315599424,AutoETS,550.0663473464585,657.5951157734262,540.2616804170635,667.3997827028212
Q-CB-DFS-03,aht,2026-10-01,603.8307315599424,AutoETS,550.0663473464585,657.5951157734262,540.2616804170635,667.3997827028212
Q-CB-DFS-03,aht,2026-10-02,603.8307315599424,AutoETS,550.0663473464585,657.5951157734262,540.2616804170635,667.3997827028212
Q-CB-DFS-03,aht,2026-10-03,603.8307315599424,AutoETS,550.0663473464585,657.5951157734262,540.2616804170635,667.3997827028212
Q-CB-DFS-03,aht,2026-10-04,603.8307315599424,AutoETS,550.0663473464585,657.5951157734262,540.2616804170635,667.3997827028212
Q-CB-DFS-03,aht,2026-10-05,603.8307315599424,AutoETS,550.0663473464585,657.5951157734262,540.2616804170635,667.3997827028212
Q-CB-DFS-03,aht,2026-10-06,603.8307315599424,AutoETS,550.0663473464585,657.5951157734262,540.2616804170635,667.3997827028212
Q-CB-DFS-03,aht,2026-10-07,603.8307315599424,AutoETS,556.2817767356579,651.3796863842268,538.1854705289091,669.4759925909756
Q-CB-DFS-03,aht,2026-10-08,603.8307315599424,AutoETS,556.2817767356579,651.3796863842268,538.1854705289091,669.4759925909756
Q-CB-DFS-03,aht,2026-10-09,603.8307315599424,AutoETS,556.2817767356579,651.3796863842268,538.1854705289091,669.4759925909756
Q-CB-DFS-03,aht,2026-10-10,603.8307315599424,AutoETS,556.2817767356579,651.3796863842268,538.1854705289091,669.4759925909756
Q-CB-DFS-03,aht,2026-10-11,603.8307315599424,AutoETS,556.2817767356579,651.3796863842268,538.1854705289091,669.4759925909756
Q-CB-DFS-03,aht,2026-10-12,603.8307315599424,AutoETS,556.2817767356579,651.3796863842268,538.1854705289091,669.4759925909756
Q-CB-DFS-03,aht,2026-10-13,603.8307315599424,AutoETS,556.2817767356579,651.3796863842268,538.1854705289091,669.4759925909756
Q-CB-DFS-04,aht,2026-09-23,704.679185508307,AutoARIMA,666.2482354119331,743.1101356046809,630.6279665576974,778.7304044589166
Q-CB-DFS-04,aht,2026-09-24,718.0571217788039,AutoARIMA,679.62617168243,756.4880718751778,644.0059028281943,792.1083407294135
Q-CB-DFS-04,aht,2026-09-25,723.7752969133812,AutoARIMA,685.3443468170074,762.2062470097551,649.7240779627716,797.8265158639908
Q-CB-DFS-04,aht,2026-09-26,726.2194352474686,AutoARIMA,687.7884851510947,764.6503853438425,652.168216296859,800.2706541980782
Q-CB-DFS-04,aht,2026-09-27,727.264141304132,AutoARIMA,688.8331912077581,765.6950914005058,653.2129223535223,801.3153602547416
Q-CB-DFS-04,aht,2026-09-28,727.7106834370416,AutoARIMA,689.2797333406677,766.1416335334154,653.659464486432,801.7619023876512
Q-CB-DFS-04,aht,2026-09-29,727.901550404062,AutoARIMA,689.4706003076882,766.3325005004359,653.8503314534524,801.9527693546717
Q-CB-DFS-04,aht,2026-09-30,727.9831332971752,AutoARIMA,676.4004304060883,779.5658361882621,640.6793841621901,815.2868824321603
Q-CB-DFS-04,aht,2026-10-01,728.018004540495,AutoARIMA,676.4353016494081,779.6007074315819,640.7142554055099,815.3217536754801
Q-CB-DFS-04,aht,2026-10-02,728.0329096702872,AutoARIMA,676.4502067792002,779.6156125613741,640.7291605353021,815.3366588052722
Q-CB-DFS-04,aht,2026-10-03,728.0392806187527,AutoARIMA,676.4565777276658,779.6219835098397,640.7355314837677,815.3430297537378
Q-CB-DFS-04,aht,2026-10-04,728.0420037741306,AutoARIMA,676.4593008830437,779.6247066652176,640.7382546391456,815.3457529091157
Q-CB-DFS-04,aht,2026-10-05,728.0431677413566,AutoARIMA,676.4604648502697,779.6258706324435,640.7394186063715,815.3469168763417
Q-CB-DFS-04,aht,2026-10-06,728.0436652596818,AutoARIMA,676.4609623685949,779.6263681507687,640.7399161246967,815.3474143946669
Q-CB-DFS-04,aht,2026-10-07,728.0438779155697,AutoARIMA,679.875411824755,776.2123440063845,649.5730444346467,806.5147113964928
Q-CB-DFS-04,aht,2026-10-08,728.0439688117727,AutoARIMA,679.875502720958,776.2124349025875,649.5731353308497,806.5148022926958
Q-CB-DFS-04,aht,2026-10-09,728.0440076638346,AutoARIMA,679.8755415730199,776.2124737546493,649.5731741829115,806.5148411447576
Q-CB-DFS-04,aht,2026-10-10,728.0440242704987,AutoARIMA,679.8755581796839,776.2124903613134,649.5731907895756,806.5148577514217
Q-CB-DFS-04,aht,2026-10-11,728.0440313687395,AutoARIMA,679.8755652779248,776.2124974595542,649.5731978878165,806.5148648496626
Q-CB-DFS-04,aht,2026-10-12,728.0440344027639,AutoARIMA,679.8755683119492,776.2125004935787,649.5732009218409,806.514867883687
Q-CB-DFS-04,aht,2026-10-13,728.0440356996069,AutoARIMA,679.8755696087921,776.2125017904216,649.5732022186838,806.5148691805299
Q-CB-DFS-05,aht,2026-09-23,670.8785572164738,WeekdayAverage,605.9463101334483,735.8108042994994,593.7725642734471,747.9845501595006
Q-CB-DFS-05,aht,2026-09-24,654.131193765005,WeekdayAverage,589.1989466819795,719.0634408480306,577.0252008219783,731.2371867080318
Q-CB-DFS-05,aht,2026-09-25,645.5551105769546,WeekdayAverage,580.622863493929,710.4873576599801,568.4491176339278,722.6611035199813
Q-CB-DFS-05,aht,2026-09-26,664.6869310031514,WeekdayAverage,599.7546839201258,729.6191780861769,587.5809380601246,741.7929239461781
Q-CB-DFS-05,aht,2026-09-27,653.5735321027081,WeekdayAverage,588.6412850196825,718.5057791857337,576.4675391596813,730.6795250457349
Q-CB-DFS-05,aht,2026-09-28,676.67779271863,WeekdayAverage,611.7455456356045,741.6100398016556,599.5717997756033,753.7837856616568
Q-CB-DFS-05,aht,2026-09-29,679.2725470349864,WeekdayAverage,614.3402999519608,744.2047941180119,602.1665540919596,756.3785399780131
Q-CB-DFS-05,aht,2026-09-30,670.8785572164738,WeekdayAverage,607.7552372556203,734.0018771773274,587.2746173792639,754.4824970536838
Q-CB-DFS-05,aht,2026-10-01,654.131193765005,WeekdayAverage,591.0078738041515,717.2545137258586,570.5272539277951,737.735133602215
Q-CB-DFS-05,aht,2026-10-02,645.5551105769546,WeekdayAverage,582.431790616101,708.6784305378081,561.9511707397446,729.1590504141645
Q-CB-DFS-05,aht,2026-10-03,664.6869310031514,WeekdayAverage,601.5636110422978,727.8102509640049,581.0829911659414,748.2908708403613
Q-CB-DFS-05,aht,2026-10-04,653.5735321027081,WeekdayAverage,590.4502121418545,716.6968520635617,569.9695922654981,737.1774719399181
Q-CB-DFS-05,aht,2026-10-05,676.67779271863,WeekdayAverage,613.5544727577765,739.8011126794836,593.0738528814201,760.28173255584
Q-CB-DFS-05,aht,2026-10-06,679.2725470349864,WeekdayAverage,616.1492270741328,742.3958669958399,595.6686071977764,762.8764868721963
Q-CB-DFS-05,aht,2026-10-07,670.8785572164738,WeekdayAverage,615.2024573738057,726.554657059142,592.9825163975943,748.7745980353534
Q-CB-DFS-05,aht,2026-10-08,654.131193765005,WeekdayAverage,598.4550939223369,709.8072936076732,576.2351529461255,732.0272345838846
Q-CB-DFS-05,aht,2026-10-09,645.5551105769546,WeekdayAverage,589.8790107342865,701.2312104196227,567.659069758075,723.4511513958341
Q-CB-DFS-05,aht,2026-10-10,664.6869310031514,WeekdayAverage,609.0108311604832,720.3630308458195,586.7908901842718,742.5829718220309
Q-CB-DFS-05,aht,2026-10-11,653.5735321027081,WeekdayAverage,597.89743226004,709.2496319453762,575.6774912838285,731.4695729215877
Q-CB-DFS-05,aht,2026-10-12,676.67779271863,WeekdayAverage,621.0016928759619,732.3538925612982,598.7817518997505,754.5738335375096
Q-CB-DFS-05,aht,2026-10-13,679.2725470349864,WeekdayAverage,623.5964471923182,734.9486468776545,601.3765062161068,757.1685878538659
Q-CL-ALS-01,aht,2026-09-23,504.00604413296514,AutoARIMA,477.47181488568725,530.540273380243,456.72018512316527,551.291903142765
Q-CL-ALS-01,aht,2026-09-24,488.6248390005963,AutoARIMA,462.0906097533184,515.1590682478742,441.3389799907964,535.9106980103961
Q-CL-ALS-01,aht,2026-09-25,496.7598832271865,AutoARIMA,470.2256539799086,523.2941124744643,449.4740242173866,544.0457422369864
Q-CL-ALS-01,aht,2026-09-26,484.4246947286822,AutoARIMA,457.8904654814043,510.9589239759601,437.1388357188823,531.7105537384821
Q-CL-ALS-01,aht,2026-09-27,491.61237537879197,AutoARIMA,465.0781461315141,518.1466046260698,444.3265163689921,538.8982343885918
Q-CL-ALS-01,aht,2026-09-28,484.10057023242734,AutoARIMA,457.56634098514945,510.63479947970524,436.81471122262747,531.3864292422272
Q-CL-ALS-01,aht,2026-09-29,488.39656817066617,AutoARIMA,461.8623389233883,514.9307974179441,441.1107091608663,535.682427180466
Q-CL-ALS-01,aht,2026-09-30,484.6173626881146,AutoARIMA,456.0496254088493,513.18509996738,438.4675876981687,530.7671376780605
Q-CL-ALS-01,aht,2026-10-01,486.6213640801098,AutoARIMA,458.0536268008445,515.1891013593752,440.4715890901639,532.7711390700557
Q-CL-ALS-01,aht,2026-10-02,485.05875943356745,AutoARIMA,456.49102215430213,513.6264967128327,438.90898444362153,531.2085344235134
Q-CL-ALS-01,aht,2026-10-03,485.75693646126604,AutoARIMA,457.1891991820007,514.3246737405314,439.6071614713201,531.906711451212
Q-CL-ALS-01,aht,2026-10-04,485.2809396175943,AutoARIMA,456.713202338329,513.8486768968596,439.1311646276484,531.4307146075403
Q-CL-ALS-01,aht,2026-10-05,485.3932658417805,AutoARIMA,456.82552856251516,513.9610031210458,439.24349085183457,531.5430408317263
Q-CL-ALS-01,aht,2026-10-06,485.3503118352669,AutoARIMA,456.7825745560016,513.9180491145322,439.200536845321,531.5000868252127
Q-CL-ALS-01,aht,2026-10-07,485.26985417342974,AutoARIMA,456.1281520927347,514.4115562541248,440.92867911671175,529.6110292301478
Q-CL-ALS-01,aht,2026-10-08,485.3482545797886,AutoARIMA,456.20655249909356,514.4899566604836,441.0070795230706,529.6894296365066
Q-CL-ALS-01,aht,2026-10-09,485.244643917247,AutoARIMA,456.10294183655196,514.386345997942,440.903468860529,529.5858189739649
Q-CL-ALS-01,aht,2026-10-10,485.32512569920374,AutoARIMA,456.1834236185087,514.4668277798987,440.98395064248575,529.6663007559217
Q-CL-ALS-01,aht,2026-10-11,485.2506943541143,AutoARIMA,456.10899227341923,514.3923964348094,440.9095192973963,529.5918694108323
Q-CL-ALS-01,aht,2026-10-12,485.3031168392851,AutoARIMA,456.16141475859007,514.4448189199802,440.9619417825671,529.6442918960031
Q-CL-ALS-01,aht,2026-10-13,485.2615408668528,AutoARIMA,456.11983878615774,514.4032429475478,440.9203658101348,529.6027159235707
Q-CL-ALS-02,aht,2026-09-23,424.4763323232043,AutoARIMA,392.9635189920322,455.9891456543764,367.01043140308616,481.94223324332245
Q-CL-ALS-02,aht,2026-09-24,420.35361514763974,AutoARIMA,388.84080181646766,451.8664284788118,362.8877142275216,477.8195160677579
Q-CL-ALS-02,aht,2026-09-25,424.0832342831614,AutoARIMA,392.5704209519893,455.5960476143335,366.61733336304326,481.54913520327955
Q-CL-ALS-02,aht,2026-09-26,423.96808564299835,AutoARIMA,392.45527231182626,455.48089897417043,366.5021847228802,481.4339865631165
Q-CL-ALS-02,aht,2026-09-27,424.68246904210224,AutoARIMA,393.16965571093016,456.1952823732743,367.2165681219841,482.1483699622204
Q-CL-ALS-02,aht,2026-09-28,424.7935143134678,AutoARIMA,393.28070098229574,456.3063276446399,367.3276133933497,482.25941523358597
Q-CL-ALS-02,aht,2026-09-29,424.9552725814525,AutoARIMA,393.4424592502804,456.4680859126246,367.48937166133436,482.42117350157065
Q-CL-ALS-02,aht,2026-09-30,425.0074734416803,AutoARIMA,400.49747439424675,449.51747248911386,382.1214840093592,467.8934628740014
Q-CL-ALS-02,aht,2026-10-01,425.0491668002685,AutoARIMA,400.53916775283494,449.55916584770205,382.1631773679474,467.9351562325896
Q-CL-ALS-02,aht,2026-10-02,425.0672743027513,AutoARIMA,400.55727525531773,449.57727335018484,382.1812848704302,467.95326373507237
Q-CL-ALS-02,aht,2026-10-03,425.07889201329095,AutoARIMA,400.5688929658574,449.5888910607245,382.19290258096987,467.96488144561204
Q-CL-ALS-02,aht,2026-10-04,425.08464045861433,AutoARIMA,400.5746414111808,449.5946395060479,382.19865102629325,467.9706298909354
Q-CL-ALS-02,aht,2026-10-05,425.08800930129246,AutoARIMA,400.5780102538589,449.598008348726,382.2020198689714,467.97399873361354
Q-CL-ALS-02,aht,2026-10-06,425.08977441891454,AutoARIMA,400.579775371481,449.5997734663481,382.20378498659346,467.9757638512356
Q-CL-ALS-02,aht,2026-10-07,425.09076968853265,AutoARIMA,399.17052081828376,451.01101855878153,388.28928548007286,461.89225389699243
Q-CL-ALS-02,aht,2026-10-08,425.091304351565,AutoARIMA,399.1710554813161,451.01155322181387,388.2898201431052,461.89278856002477
Q-CL-ALS-02,aht,2026-10-09,425.09160085713347,AutoARIMA,399.1713519868846,451.01184972738236,388.2901166486737,461.89308506559325
Q-CL-ALS-02,aht,2026-10-10,425.0917618792733,AutoARIMA,399.1715130090244,451.0120107495222,388.2902776708135,461.8932460877331
Q-CL-ALS-02,aht,2026-10-11,425.09185053813184,AutoARIMA,399.17160166788295,451.0120994083807,388.29036632967205,461.8933347465916
Q-CL-ALS-02,aht,2026-10-12,425.0918989129238,AutoARIMA,399.1716500426749,451.0121477831727,388.290414704464,461.8933831213836
Q-CL-ALS-02,aht,2026-10-13,425.0919254655634,AutoARIMA,399.1716765953145,451.0121743358123,388.2904412571036,461.8934096740232
Q-CL-ALS-03,aht,2026-09-23,420.8042876885933,AutoARIMA,387.71167410685604,453.8969012703306,366.79380411327287,474.81477126391377
Q-CL-ALS-03,aht,2026-09-24,415.8476664442003,AutoARIMA,382.755052862463,448.94028002593757,361.83718286887984,469.85815001952074
Q-CL-ALS-03,aht,2026-09-25,420.51128074305774,AutoARIMA,387.41866716132046,453.603894324795,366.5007971677373,474.5217643183782
Q-CL-ALS-03,aht,2026-09-26,420.20720071040967,AutoARIMA,387.1145871286724,453.29981429214695,366.1967171350892,474.2176842857301
Q-CL-ALS-03,aht,2026-09-27,421.4464044986069,AutoARIMA,388.3537909168696,454.5390180803442,367.43592092328646,475.45688807392736
Q-CL-ALS-03,aht,2026-09-28,421.65018651958195,AutoARIMA,388.55757293784467,454.74280010131923,367.6397029442615,475.6606700949024
Q-CL-ALS-03,aht,2026-09-29,422.04588096772676,AutoARIMA,388.9532673859895,455.13849454946404,368.0353973924063,476.0563645430472
Q-CL-ALS-03,aht,2026-09-30,422.1954786049722,AutoARIMA,391.2474644305352,453.1434927794092,373.7035537276201,470.6874034823243
Q-CL-ALS-03,aht,2026-10-01,422.34155637008416,AutoARIMA,391.39354219564717,453.28957054452115,373.84963149273204,470.8334812474363
Q-CL-ALS-03,aht,2026-10-02,422.4176755402443,AutoARIMA,391.4696613658073,453.3656897146813,373.9257506628922,470.90960041759644
Q-CL-ALS-03,aht,2026-10-03,422.47647873580894,AutoARIMA,391.52846456137195,453.42449291024593,373.9845538584568,470.96840361316106
Q-CL-ALS-03,aht,2026-10-04,422.51158689135474,AutoARIMA,391.56357271691775,453.45960106579173,374.0196620140026,471.00351176870686
Q-CL-ALS-03,aht,2026-10-05,422.53630037922113,AutoARIMA,391.58828620478414,453.4843145536581,374.044375501869,471.02822525657325
Q-CL-ALS-03,aht,2026-10-06,422.55193117480957,AutoARIMA,391.6039170003726,453.49994534924656,374.06000629745745,471.0438560521617
Q-CL-ALS-03,aht,2026-10-07,422.56252200564404,AutoARIMA,393.89197268783585,451.23307132345224,383.1152367156248,462.0098072956633
Q-CL-ALS-03,aht,2026-10-08,422.56938495342195,AutoARIMA,393.89883563561375,451.23993427123014,383.1220996634027,462.0166702434412
Q-CL-ALS-03,aht,2026-10-09,422.5739619774,AutoARIMA,393.9034126595918,451.2445112952082,383.1266766873808,462.02124726741926
Q-CL-ALS-03,aht,2026-10-10,422.5769582150099,AutoARIMA,393.9064088972017,451.2475075328181,383.12967292499064,462.0242435050291
Q-CL-ALS-03,aht,2026-10-11,422.5789433293758,AutoARIMA,393.9083940115676,451.249492647184,383.1316580393566,462.02622861939506
Q-CL-ALS-03,aht,2026-10-12,422.58024836750127,AutoARIMA,393.9096990496931,451.25079768530946,383.13296307748203,462.0275336575205
Q-CL-ALS-03,aht,2026-10-13,422.5811106281074,AutoARIMA,393.9105613102992,451.2516599459156,383.1338253380882,462.02839591812665
Q-CL-ALS-04,aht,2026-09-23,495.32491104793746,WeekdayAverage,459.5576631885461,531.0921589073289,434.8144193380106,555.8354027578644
Q-CL-ALS-04,aht,2026-09-24,466.11202790443787,WeekdayAverage,430.3447800450465,501.87927576382924,405.601536194511,526.6225196143647
Q-CL-ALS-04,aht,2026-09-25,504.3618980030872,WeekdayAverage,468.59465014369584,540.1291458624786,443.8514062931604,564.8723897130141
Q-CL-ALS-04,aht,2026-09-26,478.3666202945483,WeekdayAverage,442.5993724351569,514.1338681539396,417.85612858462144,538.8771120044751
Q-CL-ALS-04,aht,2026-09-27,473.4173610778962,WeekdayAverage,437.6501132185048,509.1846089372876,412.90686936796936,533.927852787823
Q-CL-ALS-04,aht,2026-09-28,468.85222425612665,WeekdayAverage,433.08497639673527,504.619472115518,408.3417325461998,529.3627159660534
Q-CL-ALS-04,aht,2026-09-29,474.70288700794026,WeekdayAverage,438.9356391485489,510.47013486733164,414.1923952980134,535.213378717867
Q-CL-ALS-04,aht,2026-09-30,495.32491104793746,WeekdayAverage,449.35364234299186,541.2961797528831,433.0427060599003,557.6071160359746
Q-CL-ALS-04,aht,2026-10-01,466.11202790443787,WeekdayAverage,420.14075919949227,512.0832966093835,403.8298229164007,528.394232892475
Q-CL-ALS-04,aht,2026-10-02,504.3618980030872,WeekdayAverage,458.3906292981416,550.3331667080329,442.07969301505005,566.6441029911243
Q-CL-ALS-04,aht,2026-10-03,478.3666202945483,WeekdayAverage,432.3953515896027,524.3378889994939,416.0844153065111,540.6488252825854
Q-CL-ALS-04,aht,2026-10-04,473.4173610778962,WeekdayAverage,427.4460923729506,519.3886297828418,411.13515608985904,535.6995660659334
Q-CL-ALS-04,aht,2026-10-05,468.85222425612665,WeekdayAverage,422.88095555118105,514.8234929610722,406.5700192680895,531.1344292441638
Q-CL-ALS-04,aht,2026-10-06,474.70288700794026,WeekdayAverage,428.73161830299466,520.6741557128859,412.4206820199031,536.9850919959774
Q-CL-ALS-04,aht,2026-10-07,495.32491104793746,WeekdayAverage,451.647927580618,539.0018945152569,439.07928223908897,551.5705398567859
Q-CL-ALS-04,aht,2026-10-08,466.11202790443787,WeekdayAverage,422.4350444371184,509.78901137175734,409.8663990955894,522.3576567132864
Q-CL-ALS-04,aht,2026-10-09,504.3618980030872,WeekdayAverage,460.68491453576775,548.0388814704067,448.1162691942387,560.6075268119357
Q-CL-ALS-04,aht,2026-10-10,478.3666202945483,WeekdayAverage,434.6896368272288,522.0436037618678,422.1209914856998,534.6122491033968
Q-CL-ALS-04,aht,2026-10-11,473.4173610778962,WeekdayAverage,429.74037761057673,517.0943445452157,417.1717322690477,529.6629898867448
Q-CL-ALS-04,aht,2026-10-12,468.85222425612665,WeekdayAverage,425.1752407888072,512.5292077234461,412.60659544727815,525.0978530649752
Q-CL-ALS-04,aht,2026-10-13,474.70288700794026,WeekdayAverage,431.0259035406208,518.3798704752597,418.45725819909177,530.9485158167888
Q-CL-ALS-05,aht,2026-09-23,393.8324494153517,AutoARIMA,370.5989616344276,417.06593719627574,361.2188127943074,426.44608603639597
Q-CL-ALS-05,aht,2026-09-24,391.5234276708199,AutoARIMA,368.28993988989583,414.75691545174396,358.9097910497756,424.1370642918642
Q-CL-ALS-05,aht,2026-09-25,391.5234276708199,AutoARIMA,368.28993988989583,414.75691545174396,358.9097910497756,424.1370642918642
Q-CL-ALS-05,aht,2026-09-26,391.5234276708199,AutoARIMA,368.28993988989583,414.75691545174396,358.9097910497756,424.1370642918642
Q-CL-ALS-05,aht,2026-09-27,391.5234276708199,AutoARIMA,368.28993988989583,414.75691545174396,358.9097910497756,424.1370642918642
Q-CL-ALS-05,aht,2026-09-28,391.5234276708199,AutoARIMA,368.28993988989583,414.75691545174396,358.9097910497756,424.1370642918642
Q-CL-ALS-05,aht,2026-09-29,391.5234276708199,AutoARIMA,368.28993988989583,414.75691545174396,358.9097910497756,424.1370642918642
Q-CL-ALS-05,aht,2026-09-30,391.5234276708199,AutoARIMA,366.10949635328336,416.93735898835644,358.0443377032109,425.0025176384289
Q-CL-ALS-05,aht,2026-10-01,391.5234276708199,AutoARIMA,366.10949635328336,416.93735898835644,358.0443377032109,425.0025176384289
Q-CL-ALS-05,aht,2026-10-02,391.5234276708199,AutoARIMA,366.10949635328336,416.93735898835644,358.0443377032109,425.0025176384289
Q-CL-ALS-05,aht,2026-10-03,391.5234276708199,AutoARIMA,366.10949635328336,416.93735898835644,358.0443377032109,425.0025176384289
Q-CL-ALS-05,aht,2026-10-04,391.5234276708199,AutoARIMA,366.10949635328336,416.93735898835644,358.0443377032109,425.0025176384289
Q-CL-ALS-05,aht,2026-10-05,391.5234276708199,AutoARIMA,366.10949635328336,416.93735898835644,358.0443377032109,425.0025176384289
Q-CL-ALS-05,aht,2026-10-06,391.5234276708199,AutoARIMA,366.10949635328336,416.93735898835644,358.0443377032109,425.0025176384289
Q-CL-ALS-05,aht,2026-10-07,391.5234276708199,AutoARIMA,365.8043804472874,417.2424748943524,351.67332309942685,431.37353224221295
Q-CL-ALS-05,aht,2026-10-08,391.5234276708199,AutoARIMA,365.8043804472874,417.2424748943524,351.67332309942685,431.37353224221295
Q-CL-ALS-05,aht,2026-10-09,391.5234276708199,AutoARIMA,365.8043804472874,417.2424748943524,351.67332309942685,431.37353224221295
Q-CL-ALS-05,aht,2026-10-10,391.5234276708199,AutoARIMA,365.8043804472874,417.2424748943524,351.67332309942685,431.37353224221295
Q-CL-ALS-05,aht,2026-10-11,391.5234276708199,AutoARIMA,365.8043804472874,417.2424748943524,351.67332309942685,431.37353224221295
Q-CL-ALS-05,aht,2026-10-12,391.5234276708199,AutoARIMA,365.8043804472874,417.2424748943524,351.67332309942685,431.37353224221295
Q-CL-ALS-05,aht,2026-10-13,391.5234276708199,AutoARIMA,365.8043804472874,417.2424748943524,351.67332309942685,431.37353224221295
Q-CL-MCS-01,aht,2026-09-23,667.7496511739696,WeekdayAverage,603.7812683426542,731.718034005285,589.7164756159386,745.7828267320006
Q-CL-MCS-01,aht,2026-09-24,690.891446826426,WeekdayAverage,626.9230639951106,754.8598296577413,612.858271268395,768.9246223844569
Q-CL-MCS-01,aht,2026-09-25,673.184969066769,WeekdayAverage,609.2165862354536,737.1533518980843,595.151793508738,751.2181446248
Q-CL-MCS-01,aht,2026-09-26,635.5644377714199,WeekdayAverage,571.5960549401045,699.5328206027352,557.5312622133889,713.5976133294508
Q-CL-MCS-01,aht,2026-09-27,690.6210202917971,WeekdayAverage,626.6526374604817,754.5894031231124,612.5878447337661,768.654195849828
Q-CL-MCS-01,aht,2026-09-28,653.1714944280916,WeekdayAverage,589.2031115967762,717.139877259407,575.1383188700606,731.2046699861226
Q-CL-MCS-01,aht,2026-09-29,658.2565018187399,WeekdayAverage,594.2881189874246,722.2248846500553,580.223326260709,736.2896773767709
Q-CL-MCS-01,aht,2026-09-30,667.7496511739696,WeekdayAverage,614.2850523213756,721.2142500265636,596.089349643849,739.4099527040902
Q-CL-MCS-01,aht,2026-10-01,690.891446826426,WeekdayAverage,637.426847973832,744.35604567902,619.2311452963054,762.5517483565466
Q-CL-MCS-01,aht,2026-10-02,673.184969066769,WeekdayAverage,619.720370214175,726.649567919363,601.5246675366484,744.8452705968896
Q-CL-MCS-01,aht,2026-10-03,635.5644377714199,WeekdayAverage,582.0998389188259,689.0290366240139,563.9041362412993,707.2247393015405
Q-CL-MCS-01,aht,2026-10-04,690.6210202917971,WeekdayAverage,637.1564214392031,744.0856191443911,618.9607187616765,762.2813218219177
Q-CL-MCS-01,aht,2026-10-05,653.1714944280916,WeekdayAverage,599.7068955754976,706.6360932806856,581.511192897971,724.8317959582122
Q-CL-MCS-01,aht,2026-10-06,658.2565018187399,WeekdayAverage,604.7919029661459,711.7211006713339,586.5962002886193,729.9168033488605
Q-CL-MCS-01,aht,2026-10-07,667.7496511739696,WeekdayAverage,614.9788771317268,720.5204252162124,598.2446013315314,737.2547010164078
Q-CL-MCS-01,aht,2026-10-08,690.891446826426,WeekdayAverage,638.1206727841832,743.6622208686688,621.3863969839878,760.3964966688642
Q-CL-MCS-01,aht,2026-10-09,673.184969066769,WeekdayAverage,620.4141950245262,725.9557431090118,603.6799192243308,742.6900189092072
Q-CL-MCS-01,aht,2026-10-10,635.5644377714199,WeekdayAverage,582.7936637291771,688.3352118136627,566.0593879289817,705.0694876138581
Q-CL-MCS-01,aht,2026-10-11,690.6210202917971,WeekdayAverage,637.8502462495543,743.3917943340399,621.1159704493589,760.1260701342353
Q-CL-MCS-01,aht,2026-10-12,653.1714944280916,WeekdayAverage,600.4007203858488,705.9422684703344,583.6664445856534,722.6765442705298
Q-CL-MCS-01,aht,2026-10-13,658.2565018187399,WeekdayAverage,605.4857277764971,711.0272758609827,588.7514519763017,727.7615516611781
Q-CL-MCS-02,aht,2026-09-23,589.3793759404621,AutoETS,547.4418201114755,631.3169317694486,494.8556335107819,683.9031183701422
Q-CL-MCS-02,aht,2026-09-24,589.3793759404621,AutoETS,547.4418201114755,631.3169317694486,494.8556335107819,683.9031183701422
Q-CL-MCS-02,aht,2026-09-25,589.3793759404621,AutoETS,547.4418201114755,631.3169317694486,494.8556335107819,683.9031183701422
Q-CL-MCS-02,aht,2026-09-26,589.3793759404621,AutoETS,547.4418201114755,631.3169317694486,494.8556335107819,683.9031183701422
Q-CL-MCS-02,aht,2026-09-27,589.3793759404621,AutoETS,547.4418201114755,631.3169317694486,494.8556335107819,683.9031183701422
Q-CL-MCS-02,aht,2026-09-28,589.3793759404621,AutoETS,547.4418201114755,631.3169317694486,494.8556335107819,683.9031183701422
Q-CL-MCS-02,aht,2026-09-29,589.3793759404621,AutoETS,547.4418201114755,631.3169317694486,494.8556335107819,683.9031183701422
Q-CL-MCS-02,aht,2026-09-30,589.3793759404621,AutoETS,549.0047074075328,629.7540444733913,493.0836726420222,685.675079238902
Q-CL-MCS-02,aht,2026-10-01,589.3793759404621,AutoETS,549.0047074075328,629.7540444733913,493.0836726420222,685.675079238902
Q-CL-MCS-02,aht,2026-10-02,589.3793759404621,AutoETS,549.0047074075328,629.7540444733913,493.0836726420222,685.675079238902
Q-CL-MCS-02,aht,2026-10-03,589.3793759404621,AutoETS,549.0047074075328,629.7540444733913,493.0836726420222,685.675079238902
Q-CL-MCS-02,aht,2026-10-04,589.3793759404621,AutoETS,549.0047074075328,629.7540444733913,493.0836726420222,685.675079238902
Q-CL-MCS-02,aht,2026-10-05,589.3793759404621,AutoETS,549.0047074075328,629.7540444733913,493.0836726420222,685.675079238902
Q-CL-MCS-02,aht,2026-10-06,589.3793759404621,AutoETS,549.0047074075328,629.7540444733913,493.0836726420222,685.675079238902
Q-CL-MCS-02,aht,2026-10-07,589.3793759404621,AutoETS,550.5738211373391,628.184930743585,493.44916445729666,685.3095874236275
Q-CL-MCS-02,aht,2026-10-08,589.3793759404621,AutoETS,550.5738211373391,628.184930743585,493.44916445729666,685.3095874236275
Q-CL-MCS-02,aht,2026-10-09,589.3793759404621,AutoETS,550.5738211373391,628.184930743585,493.44916445729666,685.3095874236275
Q-CL-MCS-02,aht,2026-10-10,589.3793759404621,AutoETS,550.5738211373391,628.184930743585,493.44916445729666,685.3095874236275
Q-CL-MCS-02,aht,2026-10-11,589.3793759404621,AutoETS,550.5738211373391,628.184930743585,493.44916445729666,685.3095874236275
Q-CL-MCS-02,aht,2026-10-12,589.3793759404621,AutoETS,550.5738211373391,628.184930743585,493.44916445729666,685.3095874236275
Q-CL-MCS-02,aht,2026-10-13,589.3793759404621,AutoETS,550.5738211373391,628.184930743585,493.44916445729666,685.3095874236275
Q-CL-MCS-03,aht,2026-09-23,479.6165892397272,WeekdayAverage,442.8737797959329,516.3593986835215,391.95071290141345,567.282465578041
Q-CL-MCS-03,aht,2026-09-24,469.24870785333144,WeekdayAverage,432.5058984095371,505.99151729712577,381.5828315150177,556.9145841916452
Q-CL-MCS-03,aht,2026-09-25,485.8627420809558,WeekdayAverage,449.11993263716147,522.6055515247501,398.19686574264205,573.5286184192696
Q-CL-MCS-03,aht,2026-09-26,478.27000798962877,WeekdayAverage,441.52719854583444,515.0128174334232,390.604131651315,565.9358843279425
Q-CL-MCS-03,aht,2026-09-27,468.8263070077702,WeekdayAverage,432.08349756397587,505.5691164515645,381.16043066945645,556.492183346084
Q-CL-MCS-03,aht,2026-09-28,479.22190984776523,WeekdayAverage,442.4791004039709,515.9647192915595,391.5560335094515,566.887786186079
Q-CL-MCS-03,aht,2026-09-29,489.59046080142144,WeekdayAverage,452.8476513576271,526.3332702452158,401.9245844631077,577.2563371397353
Q-CL-MCS-03,aht,2026-09-30,479.6165892397272,WeekdayAverage,446.59344151775264,512.6397369617018,388.87233860875347,570.3608398707009
Q-CL-MCS-03,aht,2026-10-01,469.24870785333144,WeekdayAverage,436.2255601313569,502.271855575306,378.5044572223577,559.9929584843052
Q-CL-MCS-03,aht,2026-10-02,485.8627420809558,WeekdayAverage,452.83959435898123,518.8858898029304,395.11849144998206,576.6069927119295
Q-CL-MCS-03,aht,2026-10-03,478.27000798962877,WeekdayAverage,445.2468602676542,511.29315571160333,387.525757358655,569.0142586206025
Q-CL-MCS-03,aht,2026-10-04,468.8263070077702,WeekdayAverage,435.80315928579563,501.84945472974476,378.08205637679646,559.5705576387439
Q-CL-MCS-03,aht,2026-10-05,479.22190984776523,WeekdayAverage,446.19876212579067,512.2450575697399,388.4776592167915,569.966160478739
Q-CL-MCS-03,aht,2026-10-06,489.59046080142144,WeekdayAverage,456.5673130794469,522.613608523396,398.8462101704477,580.3347114323951
Q-CL-MCS-03,aht,2026-10-07,479.6165892397272,WeekdayAverage,443.60115553586695,515.6320229435875,394.8141167851339,564.4190616943206
Q-CL-MCS-03,aht,2026-10-08,469.24870785333144,WeekdayAverage,433.2332741494712,505.2641415571917,384.4462353987381,554.0511803079248
Q-CL-MCS-03,aht,2026-10-09,485.8627420809558,WeekdayAverage,449.84730837709554,521.878175784816,401.06026962636247,570.6652145355491
Q-CL-MCS-03,aht,2026-10-10,478.27000798962877,WeekdayAverage,442.2545742857685,514.285441693489,393.46753553503544,563.072480444222
Q-CL-MCS-03,aht,2026-10-11,468.8263070077702,WeekdayAverage,432.81087330390994,504.84174071163045,384.02383455317687,553.6287794623636
Q-CL-MCS-03,aht,2026-10-12,479.22190984776523,WeekdayAverage,443.206476143905,515.2373435516255,394.4194373931719,564.0243823023586
Q-CL-MCS-03,aht,2026-10-13,489.59046080142144,WeekdayAverage,453.5750270975612,525.6058945052816,404.7879883468281,574.3929332560148
Q-CL-MCS-04,aht,2026-09-23,651.6664566220755,AutoARIMA,587.0024751055838,716.3304381385673,541.7952458532196,761.5376673909315
Q-CL-MCS-04,aht,2026-09-24,662.8580808706363,AutoARIMA,598.1940993541446,727.522062387128,552.9868701017804,772.7292916394922
Q-CL-MCS-04,aht,2026-09-25,655.5031907350544,AutoARIMA,590.8392092185627,720.1671722515462,545.6319799661985,765.3744015039103
Q-CL-MCS-04,aht,2026-09-26,664.9926652615377,AutoARIMA,600.328683745046,729.6566467780294,555.1214544926818,774.8638760303936
Q-CL-MCS-04,aht,2026-09-27,657.8230396498345,AutoARIMA,593.1590581333428,722.4870211663263,547.9518288809786,767.6942504186904
Q-CL-MCS-04,aht,2026-09-28,666.0563480769088,AutoARIMA,601.392366560417,730.7203295934005,556.1851373080528,775.9275588457647
Q-CL-MCS-04,aht,2026-09-29,659.271216690149,AutoARIMA,594.6072351736573,723.9351982066407,549.4000059212931,769.1424274590049
Q-CL-MCS-04,aht,2026-09-30,666.5278208985608,AutoARIMA,603.3564033783445,729.6992384187771,557.6402928960381,775.4153489010835
Q-CL-MCS-04,aht,2026-10-01,660.213844503741,AutoARIMA,597.0424269835247,723.3852620239574,551.3263165012183,769.1013725062637
Q-CL-MCS-04,aht,2026-10-02,666.6765143722546,AutoARIMA,603.5050968520383,729.8479318924709,557.7889863697319,775.5640423747773
Q-CL-MCS-04,aht,2026-10-03,660.8591183670095,AutoARIMA,597.6877008467932,724.0305358872258,551.9715903644868,769.7466463695322
Q-CL-MCS-04,aht,2026-10-04,666.653651274994,AutoARIMA,603.4822337547777,729.8250687952103,557.7661232724713,775.5411792775167
Q-CL-MCS-04,aht,2026-10-05,661.3258269714996,AutoARIMA,598.1544094512833,724.497244491716,552.4382989689769,770.2133549740223
Q-CL-MCS-04,aht,2026-10-06,666.5437201331874,AutoARIMA,603.3723026129711,729.7151376534038,557.6561921306647,775.4312481357101
Q-CL-MCS-04,aht,2026-10-07,661.6821064186447,AutoARIMA,605.1494579180732,718.2147549192163,556.2627947916545,767.1014180456349
Q-CL-MCS-04,aht,2026-10-08,666.3935703560859,AutoARIMA,609.8609218555143,722.9262188566574,560.9742587290957,771.8128819830761
Q-CL-MCS-04,aht,2026-10-09,661.9673621811725,AutoARIMA,605.4347136806009,718.500010681744,556.5480505541823,767.3866738081626
Q-CL-MCS-04,aht,2026-10-10,666.228854763487,AutoARIMA,609.6962062629154,722.7615032640585,560.8095431364968,771.6481663904772
Q-CL-MCS-04,aht,2026-10-11,662.2046728418236,AutoARIMA,605.672024341252,718.7373213423951,556.7853612148334,767.6239844688138
Q-CL-MCS-04,aht,2026-10-12,666.0633187447429,AutoARIMA,609.5306702441713,722.5959672453145,560.6440071177527,771.4826303717331
Q-CL-MCS-04,aht,2026-10-13,662.4078111496349,AutoARIMA,605.8751626490633,718.9404596502064,556.9884995226447,767.8271227766251
Q-CL-MCS-05,aht,2026-09-23,539.8134780879963,AutoARIMA,505.47461120475344,574.152344971239,465.44462439377673,614.1823317822158
Q-CL-MCS-05,aht,2026-09-24,540.1984060476035,AutoARIMA,505.8595391643607,574.5372729308463,465.829552353384,614.567259741823
Q-CL-MCS-05,aht,2026-09-25,540.4998415225133,AutoARIMA,506.1609746392705,574.838708405756,466.13098782829377,614.8686952167328
Q-CL-MCS-05,aht,2026-09-26,540.7358943819285,AutoARIMA,506.39702749868565,575.0747612651712,466.36704068770894,615.104748076148
Q-CL-MCS-05,aht,2026-09-27,540.9207463886629,AutoARIMA,506.5818795054201,575.2596132719057,466.5518926944434,615.2896000828824
Q-CL-MCS-05,aht,2026-09-28,541.0655032218505,AutoARIMA,506.72663633860765,575.4043701050932,466.69664952763094,615.43435691607
Q-CL-MCS-05,aht,2026-09-29,541.1788616923623,AutoARIMA,506.83999480911945,575.5177285756051,466.81000799814274,615.5477153865818
Q-CL-MCS-05,aht,2026-09-30,541.2676322364107,AutoARIMA,504.1643307636741,578.3709337091473,472.476016108905,610.0592483639164
Q-CL-MCS-05,aht,2026-10-01,541.3371480781036,AutoARIMA,504.23384660536703,578.4404495508402,472.54553195059793,610.1287642056093
Q-CL-MCS-05,aht,2026-10-02,541.3915856429296,AutoARIMA,504.28828417019304,578.4948871156662,472.59996951542394,610.1832017704353
Q-CL-MCS-05,aht,2026-10-03,541.4342154722177,AutoARIMA,504.33091399948114,578.5375169449543,472.64259934471204,610.2258315997234
Q-CL-MCS-05,aht,2026-10-04,541.467598713201,AutoARIMA,504.36429724046445,578.5709001859376,472.67598258569535,610.2592148407067
Q-CL-MCS-05,aht,2026-10-05,541.4937409895639,AutoARIMA,504.3904395168273,578.5970424623005,472.7021248620582,610.2853571170696
Q-CL-MCS-05,aht,2026-10-06,541.5142128968233,AutoARIMA,504.41091142408675,578.6175143695599,472.72259676931765,610.305829024329
Q-CL-MCS-05,aht,2026-10-07,541.5302443617587,AutoARIMA,507.70466676591195,575.3558219576055,470.92804463772654,612.1324440857909
Q-CL-MCS-05,aht,2026-10-08,541.5427985348855,AutoARIMA,507.7172209390387,575.3683761307323,470.9405988108533,612.1449982589177
Q-CL-MCS-05,aht,2026-10-09,541.5526296553437,AutoARIMA,507.72705205949694,575.3782072511905,470.95042993131153,612.1548293793759
Q-CL-MCS-05,aht,2026-10-10,541.5603283646482,AutoARIMA,507.7347507688014,575.3859059604949,470.958128640616,612.1625280886803
Q-CL-MCS-05,aht,2026-10-11,541.5663571916987,AutoARIMA,507.7407795958519,575.3919347875454,470.9641574676665,612.1685569157308
Q-CL-MCS-05,aht,2026-10-12,541.5710783409418,AutoARIMA,507.745500745095,575.3966559367885,470.9688786169096,612.1732780649739
Q-CL-MCS-05,aht,2026-10-13,541.5747754531642,AutoARIMA,507.7491978573174,575.400353049011,470.972575729132,612.1769751771964
Q-CL-PAH-01,aht,2026-09-23,837.2575420498003,AutoARIMA,791.3776232956702,883.1374608039305,737.520401658917,936.9946824406837
Q-CL-PAH-01,aht,2026-09-24,845.0045879654435,AutoARIMA,799.1246692113134,890.8845067195737,745.2674475745602,944.7417283563269
Q-CL-PAH-01,aht,2026-09-25,845.0045879654435,AutoARIMA,799.1246692113134,890.8845067195737,745.2674475745602,944.7417283563269
Q-CL-PAH-01,aht,2026-09-26,845.0045879654435,AutoARIMA,799.1246692113134,890.8845067195737,745.2674475745602,944.7417283563269
Q-CL-PAH-01,aht,2026-09-27,845.0045879654435,AutoARIMA,799.1246692113134,890.8845067195737,745.2674475745602,944.7417283563269
Q-CL-PAH-01,aht,2026-09-28,845.0045879654435,AutoARIMA,799.1246692113134,890.8845067195737,745.2674475745602,944.7417283563269
Q-CL-PAH-01,aht,2026-09-29,845.0045879654435,AutoARIMA,799.1246692113134,890.8845067195737,745.2674475745602,944.7417283563269
Q-CL-PAH-01,aht,2026-09-30,845.0045879654435,AutoARIMA,796.0262221803732,893.9829537505138,723.0760105025469,966.9331654283402
Q-CL-PAH-01,aht,2026-10-01,845.0045879654435,AutoARIMA,796.0262221803732,893.9829537505138,723.0760105025469,966.9331654283402
Q-CL-PAH-01,aht,2026-10-02,845.0045879654435,AutoARIMA,796.0262221803732,893.9829537505138,723.0760105025469,966.9331654283402
Q-CL-PAH-01,aht,2026-10-03,845.0045879654435,AutoARIMA,796.0262221803732,893.9829537505138,723.0760105025469,966.9331654283402
Q-CL-PAH-01,aht,2026-10-04,845.0045879654435,AutoARIMA,796.0262221803732,893.9829537505138,723.0760105025469,966.9331654283402
Q-CL-PAH-01,aht,2026-10-05,845.0045879654435,AutoARIMA,796.0262221803732,893.9829537505138,723.0760105025469,966.9331654283402
Q-CL-PAH-01,aht,2026-10-06,845.0045879654435,AutoARIMA,796.0262221803732,893.9829537505138,723.0760105025469,966.9331654283402
Q-CL-PAH-01,aht,2026-10-07,845.0045879654435,AutoARIMA,789.8528655610746,900.1563103698124,728.4981137230684,961.5110622078187
Q-CL-PAH-01,aht,2026-10-08,845.0045879654435,AutoARIMA,789.8528655610746,900.1563103698124,728.4981137230684,961.5110622078187
Q-CL-PAH-01,aht,2026-10-09,845.0045879654435,AutoARIMA,789.8528655610746,900.1563103698124,728.4981137230684,961.5110622078187
Q-CL-PAH-01,aht,2026-10-10,845.0045879654435,AutoARIMA,789.8528655610746,900.1563103698124,728.4981137230684,961.5110622078187
Q-CL-PAH-01,aht,2026-10-11,845.0045879654435,AutoARIMA,789.8528655610746,900.1563103698124,728.4981137230684,961.5110622078187
Q-CL-PAH-01,aht,2026-10-12,845.0045879654435,AutoARIMA,789.8528655610746,900.1563103698124,728.4981137230684,961.5110622078187
Q-CL-PAH-01,aht,2026-10-13,845.0045879654435,AutoARIMA,789.8528655610746,900.1563103698124,728.4981137230684,961.5110622078187
Q-CL-PAH-02,aht,2026-09-23,728.5633075400192,AutoARIMA,669.1216714655269,788.0049436145115,650.8492524979899,806.2773625820485
Q-CL-PAH-02,aht,2026-09-24,727.4595694002988,AutoARIMA,668.0179333258066,786.9012054747911,649.7455143582696,805.1736244423281
Q-CL-PAH-02,aht,2026-09-25,723.8166118180617,AutoARIMA,664.3749757435694,783.258247892554,646.1025567760324,801.530666860091
Q-CL-PAH-02,aht,2026-09-26,722.8949299762832,AutoARIMA,663.4532939017909,782.3365660507754,645.1808749342539,800.6089850183124
Q-CL-PAH-02,aht,2026-09-27,721.9373858634663,AutoARIMA,662.495749788974,781.3790219379586,644.223330821437,799.6514409054955
Q-CL-PAH-02,aht,2026-09-28,721.5591194146576,AutoARIMA,662.1174833401653,781.0007554891499,643.8450643726284,799.2731744566869
Q-CL-PAH-02,aht,2026-09-29,721.2818948404056,AutoARIMA,661.8402587659133,780.7235309148979,643.5678397983763,798.9959498824348
Q-CL-PAH-02,aht,2026-09-30,721.1483859137546,AutoARIMA,666.3899747279979,775.9067970995113,633.2977346703018,808.9990371572075
Q-CL-PAH-02,aht,2026-10-01,721.0636196852704,AutoARIMA,666.3052084995137,775.8220308710271,633.2129684418176,808.9142709287232
Q-CL-PAH-02,aht,2026-10-02,721.018953678995,AutoARIMA,666.2605424932383,775.7773648647517,633.1683024355422,808.8696049224478
Q-CL-PAH-02,aht,2026-10-03,720.9923133119149,AutoARIMA,666.2339021261582,775.7507244976716,633.1416620684621,808.8429645553678
Q-CL-PAH-02,aht,2026-10-04,720.9776927742125,AutoARIMA,666.2192815884558,775.7361039599692,633.1270415307597,808.8283440176654
Q-CL-PAH-02,aht,2026-10-05,720.9692107860026,AutoARIMA,666.2107996002459,775.7276219717593,633.1185595425497,808.8198620294554
Q-CL-PAH-02,aht,2026-10-06,720.9644697672004,AutoARIMA,666.2060585814437,775.7228809529571,633.1138185237476,808.8151210106532
Q-CL-PAH-02,aht,2026-10-07,720.9617530506039,AutoARIMA,668.9886222262973,772.9348838749105,635.9130809706567,806.0104251305511
Q-CL-PAH-02,aht,2026-10-08,720.9602220113285,AutoARIMA,668.9870911870219,772.9333528356351,635.9115499313813,806.0088940912757
Q-CL-PAH-02,aht,2026-10-09,720.9593495155444,AutoARIMA,668.9862186912378,772.932480339851,635.9106774355972,806.0080215954916
Q-CL-PAH-02,aht,2026-10-10,720.9588559960571,AutoARIMA,668.9857251717505,772.9319868203637,635.9101839161099,806.0075280760043
Q-CL-PAH-02,aht,2026-10-11,720.9585754463548,AutoARIMA,668.9854446220481,772.9317062706614,635.9099033664075,806.007247526302
Q-CL-PAH-02,aht,2026-10-12,720.9584164940243,AutoARIMA,668.9852856697177,772.9315473183309,635.9097444140771,806.0070885739715
Q-CL-PAH-02,aht,2026-10-13,720.9583262345197,AutoARIMA,668.9851954102131,772.9314570588264,635.9096541545725,806.006998314467
Q-CL-PAH-03,aht,2026-09-23,670.6283043302099,WeekdayAverage,623.3770000793193,717.8796085811005,602.1561421854403,739.1004664749794
Q-CL-PAH-03,aht,2026-09-24,680.3141966665437,WeekdayAverage,633.0628924156531,727.5655009174343,611.8420345217742,748.7863588113132
Q-CL-PAH-03,aht,2026-09-25,642.5159441579685,WeekdayAverage,595.2646399070779,689.7672484088591,574.043782013199,710.9881063027381
Q-CL-PAH-03,aht,2026-09-26,643.7289165094988,WeekdayAverage,596.4776122586082,690.9802207603894,575.2567543647293,712.2010786542684
Q-CL-PAH-03,aht,2026-09-27,669.9618752083957,WeekdayAverage,622.7105709575051,717.2131794592863,601.4897130636261,738.4340373531652
Q-CL-PAH-03,aht,2026-09-28,684.9187812055072,WeekdayAverage,637.6674769546166,732.1700854563978,616.4466190607377,753.3909433502768
Q-CL-PAH-03,aht,2026-09-29,694.2076584293133,WeekdayAverage,646.9563541784227,741.4589626802039,625.7354962845437,762.6798205740828
Q-CL-PAH-03,aht,2026-09-30,670.6283043302099,WeekdayAverage,620.9072449274553,720.3493637329644,604.9254472421422,736.3311614182775
Q-CL-PAH-03,aht,2026-10-01,680.3141966665437,WeekdayAverage,630.5931372637891,730.0352560692983,614.6113395784761,746.0170537546113
Q-CL-PAH-03,aht,2026-10-02,642.5159441579685,WeekdayAverage,592.794884755214,692.2370035607231,576.8130870699009,708.2188012460362
Q-CL-PAH-03,aht,2026-10-03,643.7289165094988,WeekdayAverage,594.0078571067443,693.4499759122534,578.0260594214312,709.4317735975665
Q-CL-PAH-03,aht,2026-10-04,669.9618752083957,WeekdayAverage,620.2408158056411,719.6829346111502,604.259018120328,735.6647322964633
Q-CL-PAH-03,aht,2026-10-05,684.9187812055072,WeekdayAverage,635.1977218027527,734.6398406082618,619.2159241174396,750.6216382935748
Q-CL-PAH-03,aht,2026-10-06,694.2076584293133,WeekdayAverage,644.4865990265587,743.9287178320678,628.5048013412456,759.9105155173809
Q-CL-PAH-03,aht,2026-10-07,670.6283043302099,WeekdayAverage,615.6729255041557,725.583683156264,592.9990132331117,748.257595427308
Q-CL-PAH-03,aht,2026-10-08,680.3141966665437,WeekdayAverage,625.3588178404896,735.2695754925978,602.6849055694455,757.9434877636419
Q-CL-PAH-03,aht,2026-10-09,642.5159441579685,WeekdayAverage,587.5605653319144,697.4713229840227,564.8866530608703,720.1452352550667
Q-CL-PAH-03,aht,2026-10-10,643.7289165094988,WeekdayAverage,588.7735376834447,698.684295335553,566.0996254124007,721.358207606597
Q-CL-PAH-03,aht,2026-10-11,669.9618752083957,WeekdayAverage,615.0064963823415,724.9172540344498,592.3325841112975,747.5911663054939
Q-CL-PAH-03,aht,2026-10-12,684.9187812055072,WeekdayAverage,629.9634023794531,739.8741600315614,607.289490108409,762.5480723026054
Q-CL-PAH-03,aht,2026-10-13,694.2076584293133,WeekdayAverage,639.2522796032591,749.1630372553674,616.5783673322151,771.8369495264114
Q-CL-PAH-04,aht,2026-09-23,615.7746070331903,AutoARIMA,559.261477289738,672.2877367766425,526.5750896538932,704.9741244124873
Q-CL-PAH-04,aht,2026-09-24,609.5230932630326,AutoARIMA,553.0099635195803,666.0362230064849,520.3235758837355,698.7226106423296
Q-CL-PAH-04,aht,2026-09-25,623.415584171237,AutoARIMA,566.9024544277847,679.9287139146893,534.21606679194,712.6151015505341
Q-CL-PAH-04,aht,2026-09-26,611.3838059191154,AutoARIMA,554.8706761756631,667.8969356625677,522.1842885398183,700.5833232984124
Q-CL-PAH-04,aht,2026-09-27,602.205918341904,AutoARIMA,545.6927885984517,658.7190480853562,513.0064009626069,691.405435721201
Q-CL-PAH-04,aht,2026-09-28,616.4952458434215,AutoARIMA,559.9821160999692,673.0083755868737,527.2957284641244,705.6947632227185
Q-CL-PAH-04,aht,2026-09-29,596.9994750378269,AutoARIMA,540.4863452943746,653.5126047812792,507.7999576585298,686.1989924171239
Q-CL-PAH-04,aht,2026-09-30,608.1271304545205,AutoARIMA,541.9862434542131,674.2680174548279,521.4488829351598,694.8053779738813
Q-CL-PAH-04,aht,2026-10-01,600.2046743054215,AutoARIMA,534.063787305114,666.3455613057289,513.5264267860607,686.8829218247822
Q-CL-PAH-04,aht,2026-10-02,603.379487562742,AutoARIMA,537.2386005624346,669.5203745630495,516.7012400433813,690.0577350821028
Q-CL-PAH-04,aht,2026-10-03,612.5850139704551,AutoARIMA,546.4441269701476,678.7259009707625,525.9067664510943,699.2632614898158
Q-CL-PAH-04,aht,2026-10-04,587.6049117018081,AutoARIMA,521.4640247015006,653.7457987021155,500.9266641824473,674.2831592211688
Q-CL-PAH-04,aht,2026-10-05,607.0329022205771,AutoARIMA,540.8920152202696,673.1737892208845,520.3546547012163,693.7111497399378
Q-CL-PAH-04,aht,2026-10-06,609.1116268485684,AutoARIMA,542.970739848261,675.2525138488759,522.4333793292077,695.7898743679292
Q-CL-PAH-04,aht,2026-10-07,599.5472296864866,AutoARIMA,538.1386533076899,660.9558060652834,517.419805487396,681.6746538855772
Q-CL-PAH-04,aht,2026-10-08,601.1815502018273,AutoARIMA,539.7729738230306,662.5901265806241,519.0541260027368,683.3089744009179
Q-CL-PAH-04,aht,2026-10-09,595.7420965330439,AutoARIMA,534.3335201542471,657.1506729118406,513.6146723339533,677.8695207321344
Q-CL-PAH-04,aht,2026-10-10,601.9504629072708,AutoARIMA,540.541886528474,663.3590392860675,519.8230387081802,684.0778871063613
Q-CL-PAH-04,aht,2026-10-11,602.6777603115931,AutoARIMA,541.2691839327964,664.0863366903899,520.5503361125026,684.8051845106837
Q-CL-PAH-04,aht,2026-10-12,599.1073844130746,AutoARIMA,537.6988080342778,660.5159607918713,516.979960213984,681.2348086121651
Q-CL-PAH-04,aht,2026-10-13,607.5591715595422,AutoARIMA,546.1505951807454,668.9677479383389,525.4317473604516,689.6865957586327
Q-CL-PAH-05,aht,2026-09-23,556.815415736362,WeekdayAverage,512.2710241486316,601.3598073240923,486.45494200984905,627.1758894628749
Q-CL-PAH-05,aht,2026-09-24,528.7131649798154,WeekdayAverage,484.16877339208503,573.2575565675456,458.35269125330245,599.0736387063282
Q-CL-PAH-05,aht,2026-09-25,546.283252023356,WeekdayAverage,501.73886043562567,590.8276436110864,475.9227782968431,616.643725749869
Q-CL-PAH-05,aht,2026-09-26,529.1859016621846,WeekdayAverage,484.6415100744543,573.7302932499149,458.8254279356717,599.5463753886975
Q-CL-PAH-05,aht,2026-09-27,559.4944593768857,WeekdayAverage,514.9500677891554,604.0388509646161,489.13398565037284,629.8549331033987
Q-CL-PAH-05,aht,2026-09-28,546.9978232531496,WeekdayAverage,502.45343166541926,591.54221484088,476.6373495266367,617.3582969796626
Q-CL-PAH-05,aht,2026-09-29,542.893002666296,WeekdayAverage,498.3486110785656,587.4373942540262,472.53252893978305,613.2534763928088
Q-CL-PAH-05,aht,2026-09-30,556.815415736362,WeekdayAverage,519.1886216963276,594.4422097763963,488.6873311774592,624.9435002952647
Q-CL-PAH-05,aht,2026-10-01,528.7131649798154,WeekdayAverage,491.086370939781,566.3399590198497,460.5850804209126,596.8412495387181
Q-CL-PAH-05,aht,2026-10-02,546.283252023356,WeekdayAverage,508.6564579833216,583.9100460633904,478.15516746445326,614.4113365822587
Q-CL-PAH-05,aht,2026-10-03,529.1859016621846,WeekdayAverage,491.55910762215024,566.812695702219,461.0578171032819,597.3139862210874
Q-CL-PAH-05,aht,2026-10-04,559.4944593768857,WeekdayAverage,521.8676653368514,597.1212534169201,491.366374817983,627.6225439357885
Q-CL-PAH-05,aht,2026-10-05,546.9978232531496,WeekdayAverage,509.3710292131152,584.624617293184,478.86973869424685,615.1259078120523
Q-CL-PAH-05,aht,2026-10-06,542.893002666296,WeekdayAverage,505.2662086262616,580.5197967063303,474.7649181073932,611.0210872251987
Q-CL-PAH-05,aht,2026-10-07,556.815415736362,WeekdayAverage,516.180739341058,597.4500921316659,483.3370673431571,630.2937641295669
Q-CL-PAH-05,aht,2026-10-08,528.7131649798154,WeekdayAverage,488.07848858451143,569.3478413751193,455.2348165866105,602.1915133730201
Q-CL-PAH-05,aht,2026-10-09,546.283252023356,WeekdayAverage,505.6485756280521,586.9179284186599,472.80490363015116,619.7616004165609
Q-CL-PAH-05,aht,2026-10-10,529.1859016621846,WeekdayAverage,488.5512252668807,569.8205780574885,455.7075532689798,602.6642500553894
Q-CL-PAH-05,aht,2026-10-11,559.4944593768857,WeekdayAverage,518.8597829815818,600.1291357721897,486.0161109836809,632.9728077700906
Q-CL-PAH-05,aht,2026-10-12,546.9978232531496,WeekdayAverage,506.36314685784566,587.6324996484535,473.51947485994475,620.4761716463545
Q-CL-PAH-05,aht,2026-10-13,542.893002666296,WeekdayAverage,502.25832627099203,583.5276790615999,469.4146542730911,616.3713510595007
