queue_id,target,date,value,model,lo_80,hi_80,lo_95,hi_95
Q-CB-CAP-01,volume,2026-09-23,1708.371463996413,AutoETS,1355.1451080651118,2061.597819927714,750.9882763100279,2665.754651682798
Q-CB-CAP-01,volume,2026-09-24,1737.404947285143,AutoETS,1384.1785913538417,2090.6313032164444,780.0217595987579,2694.788134971528
Q-CB-CAP-01,volume,2026-09-25,1605.371591792811,AutoETS,1252.1452358615097,1958.5979477241121,647.9884041064258,2562.7547794791963
Q-CB-CAP-01,volume,2026-09-26,956.7836664151238,AutoETS,603.5573104838226,1310.010022346425,0.0,1914.1668541015088
Q-CB-CAP-01,volume,2026-09-27,786.4796422677795,AutoETS,433.25328633647825,1139.7059981990806,0.0,1743.8628299541647
Q-CB-CAP-01,volume,2026-09-28,1906.391166060306,AutoETS,1553.1648101290048,2259.617521991607,949.0079783739209,2863.7743537466913
Q-CB-CAP-01,volume,2026-09-29,1818.5326602091945,AutoETS,1465.3063042778933,2171.759016140496,861.1494725228094,2775.9158478955796
Q-CB-CAP-01,volume,2026-09-30,1708.371463996413,AutoETS,1408.2867126746114,2008.4562153182146,738.2859124072922,2678.4570155855336
Q-CB-CAP-01,volume,2026-10-01,1737.404947285143,AutoETS,1437.3201959633413,2037.4896986069446,767.3193956960222,2707.4904988742637
Q-CB-CAP-01,volume,2026-10-02,1605.371591792811,AutoETS,1305.2868404710093,1905.4563431146125,635.2860402036902,2575.457143381932
Q-CB-CAP-01,volume,2026-10-03,956.7836664151238,AutoETS,656.6989150933222,1256.8684177369255,0.0,1926.8692180042444
Q-CB-CAP-01,volume,2026-10-04,786.4796422677795,AutoETS,486.39489094597786,1086.564393589581,0.0,1756.5651938569004
Q-CB-CAP-01,volume,2026-10-05,1906.391166060306,AutoETS,1606.3064147385044,2206.4759173821076,936.3056144711852,2876.476717649427
Q-CB-CAP-01,volume,2026-10-06,1818.5326602091945,AutoETS,1518.447908887393,2118.617411530996,848.4471086200738,2788.6182117983153
Q-CB-CAP-01,volume,2026-10-07,1708.371463996413,AutoETS,1415.8384328392165,2000.9044951536096,718.4870096002219,2698.255918392604
Q-CB-CAP-01,volume,2026-10-08,1737.404947285143,AutoETS,1444.8719161279464,2029.9379784423395,747.5204928889518,2727.2894016813343
Q-CB-CAP-01,volume,2026-10-09,1605.371591792811,AutoETS,1312.8385606356144,1897.9046229500075,615.4871373966198,2595.256046189002
Q-CB-CAP-01,volume,2026-10-10,956.7836664151238,AutoETS,664.2506352579272,1249.3166975723202,0.0,1946.668120811315
Q-CB-CAP-01,volume,2026-10-11,786.4796422677795,AutoETS,493.9466111105829,1079.0126734249761,0.0,1776.3640966639705
Q-CB-CAP-01,volume,2026-10-12,1906.391166060306,AutoETS,1613.8581349031094,2198.9241972175023,916.5067116641148,2896.275620456497
Q-CB-CAP-01,volume,2026-10-13,1818.5326602091945,AutoETS,1525.999629051998,2111.065691366391,828.6482058130034,2808.417114605386
Q-CB-CAP-02,volume,2026-09-23,1095.25,WeekdayAverage,872.25,1318.25,664.5,1526.0
Q-CB-CAP-02,volume,2026-09-24,910.25,WeekdayAverage,687.25,1133.25,479.5,1341.0
Q-CB-CAP-02,volume,2026-09-25,916.0,WeekdayAverage,693.0,1139.0,485.25,1346.75
Q-CB-CAP-02,volume,2026-09-26,587.25,WeekdayAverage,364.25,810.25,156.5,1018.0
Q-CB-CAP-02,volume,2026-09-27,486.5,WeekdayAverage,263.5,709.5,55.75,917.25
Q-CB-CAP-02,volume,2026-09-28,1165.5,WeekdayAverage,942.5,1388.5,734.75,1596.25
Q-CB-CAP-02,volume,2026-09-29,1384.75,WeekdayAverage,1161.75,1607.75,954.0,1815.5
Q-CB-CAP-02,volume,2026-09-30,1095.25,WeekdayAverage,852.75,1337.75,654.5,1536.0
Q-CB-CAP-02,volume,2026-10-01,910.25,WeekdayAverage,667.75,1152.75,469.5,1351.0
Q-CB-CAP-02,volume,2026-10-02,916.0,WeekdayAverage,673.5,1158.5,475.25,1356.75
Q-CB-CAP-02,volume,2026-10-03,587.25,WeekdayAverage,344.75,829.75,146.5,1028.0
Q-CB-CAP-02,volume,2026-10-04,486.5,WeekdayAverage,244.0,729.0,45.75,927.25
Q-CB-CAP-02,volume,2026-10-05,1165.5,WeekdayAverage,923.0,1408.0,724.75,1606.25
Q-CB-CAP-02,volume,2026-10-06,1384.75,WeekdayAverage,1142.25,1627.25,944.0,1825.5
Q-CB-CAP-02,volume,2026-10-07,1095.25,WeekdayAverage,838.75,1351.75,691.25,1499.25
Q-CB-CAP-02,volume,2026-10-08,910.25,WeekdayAverage,653.75,1166.75,506.25,1314.25
Q-CB-CAP-02,volume,2026-10-09,916.0,WeekdayAverage,659.5,1172.5,512.0,1320.0
Q-CB-CAP-02,volume,2026-10-10,587.25,WeekdayAverage,330.75,843.75,183.25,991.25
Q-CB-CAP-02,volume,2026-10-11,486.5,WeekdayAverage,230.0,743.0,82.5,890.5
Q-CB-CAP-02,volume,2026-10-12,1165.5,WeekdayAverage,909.0,1422.0,761.5,1569.5
Q-CB-CAP-02,volume,2026-10-13,1384.75,WeekdayAverage,1128.25,1641.25,980.75,1788.75
Q-CB-CAP-03,volume,2026-09-23,1113.25,WeekdayAverage,854.0,1372.5,684.0,1542.5
Q-CB-CAP-03,volume,2026-09-24,1045.25,WeekdayAverage,786.0,1304.5,616.0,1474.5
Q-CB-CAP-03,volume,2026-09-25,1016.75,WeekdayAverage,757.5,1276.0,587.5,1446.0
Q-CB-CAP-03,volume,2026-09-26,702.0,WeekdayAverage,442.75,961.25,272.75,1131.25
Q-CB-CAP-03,volume,2026-09-27,545.0,WeekdayAverage,285.75,804.25,115.75,974.25
Q-CB-CAP-03,volume,2026-09-28,1184.25,WeekdayAverage,925.0,1443.5,755.0,1613.5
Q-CB-CAP-03,volume,2026-09-29,1394.0,WeekdayAverage,1134.75,1653.25,964.75,1823.25
Q-CB-CAP-03,volume,2026-09-30,1113.25,WeekdayAverage,835.5,1391.0,652.0,1574.5
Q-CB-CAP-03,volume,2026-10-01,1045.25,WeekdayAverage,767.5,1323.0,584.0,1506.5
Q-CB-CAP-03,volume,2026-10-02,1016.75,WeekdayAverage,739.0,1294.5,555.5,1478.0
Q-CB-CAP-03,volume,2026-10-03,702.0,WeekdayAverage,424.25,979.75,240.75,1163.25
Q-CB-CAP-03,volume,2026-10-04,545.0,WeekdayAverage,267.25,822.75,83.75,1006.25
Q-CB-CAP-03,volume,2026-10-05,1184.25,WeekdayAverage,906.5,1462.0,723.0,1645.5
Q-CB-CAP-03,volume,2026-10-06,1394.0,WeekdayAverage,1116.25,1671.75,932.75,1855.25
Q-CB-CAP-03,volume,2026-10-07,1113.25,WeekdayAverage,852.5,1374.0,657.0,1569.5
Q-CB-CAP-03,volume,2026-10-08,1045.25,WeekdayAverage,784.5,1306.0,589.0,1501.5
Q-CB-CAP-03,volume,2026-10-09,1016.75,WeekdayAverage,756.0,1277.5,560.5,1473.0
Q-CB-CAP-03,volume,2026-10-10,702.0,WeekdayAverage,441.25,962.75,245.75,1158.25
Q-CB-CAP-03,volume,2026-10-11,545.0,WeekdayAverage,284.25,805.75,88.75,1001.25
Q-CB-CAP-03,volume,2026-10-12,1184.25,WeekdayAverage,923.5,1445.0,728.0,1640.5
Q-CB-CAP-03,volume,2026-10-13,1394.0,WeekdayAverage,1133.25,1654.75,937.75,1850.25
Q-CB-CAP-04,volume,2026-09-23,1242.646815263798,AutoETS,935.9779071749599,1549.3157233526363,872.8214677922374,1612.4721627353588
Q-CB-CAP-04,volume,2026-09-24,1237.3609422674197,AutoETS,930.6920341785815,1544.0298503562578,867.535594795859,1607.1862897389803
Q-CB-CAP-04,volume,2026-09-25,1138.3916591950513,AutoETS,831.7227511062131,1445.0605672838894,768.5663117234906,1508.217006666612
Q-CB-CAP-04,volume,2026-09-26,664.5821456704175,AutoETS,357.9132375815793,971.2510537592557,294.7567981988568,1034.4074931419782
Q-CB-CAP-04,volume,2026-09-27,498.18132859915454,AutoETS,191.51242051031636,804.8502366879927,128.35598112759385,868.0066760707152
Q-CB-CAP-04,volume,2026-09-28,1356.7803261175948,AutoETS,1050.1114180287566,1663.449234206433,986.9549786460341,1726.6056735891555
Q-CB-CAP-04,volume,2026-09-29,1292.8904089788232,AutoETS,986.221500889985,1599.5593170676614,923.0650615072625,1662.7157564503839
Q-CB-CAP-04,volume,2026-09-30,1242.646815263798,AutoETS,976.6725477981386,1508.6210827294576,869.0629089740651,1616.230721553531
Q-CB-CAP-04,volume,2026-10-01,1237.3609422674197,AutoETS,971.3866748017601,1503.3352097330792,863.7770359776866,1610.9448485571527
Q-CB-CAP-04,volume,2026-10-02,1138.3916591950513,AutoETS,872.4173917293917,1404.3659266607108,764.8077529053182,1511.9755654847843
Q-CB-CAP-04,volume,2026-10-03,664.5821456704175,AutoETS,398.607878204758,930.556413136077,290.9982393806845,1038.1660519601505
Q-CB-CAP-04,volume,2026-10-04,498.18132859915454,AutoETS,232.20706113349502,764.1555960648141,124.59742230942152,871.7652348888876
Q-CB-CAP-04,volume,2026-10-05,1356.7803261175948,AutoETS,1090.8060586519352,1622.7545935832543,983.1964198278617,1730.3642324073278
Q-CB-CAP-04,volume,2026-10-06,1292.8904089788232,AutoETS,1026.9161415131637,1558.8646764444827,919.3065026890902,1666.4743152685562
Q-CB-CAP-04,volume,2026-10-07,1242.646815263798,AutoETS,971.7581280697063,1513.5355024578898,894.7676776791491,1590.525952848447
Q-CB-CAP-04,volume,2026-10-08,1237.3609422674197,AutoETS,966.4722550733279,1508.2496294615114,889.4818046827706,1585.2400798520687
Q-CB-CAP-04,volume,2026-10-09,1138.3916591950513,AutoETS,867.5029720009595,1409.280346389143,790.5125216104022,1486.2707967797003
Q-CB-CAP-04,volume,2026-10-10,664.5821456704175,AutoETS,393.69345847632576,935.4708328645092,316.7030080857685,1012.4612832550665
Q-CB-CAP-04,volume,2026-10-11,498.18132859915454,AutoETS,227.2926414050628,769.0700157932463,150.30219101450552,846.0604661838036
Q-CB-CAP-04,volume,2026-10-12,1356.7803261175948,AutoETS,1085.891638923503,1627.6690133116865,1008.9011885329458,1704.6594637022438
Q-CB-CAP-04,volume,2026-10-13,1292.8904089788232,AutoETS,1022.0017217847314,1563.779096172915,945.0112713941742,1640.7695465634722
Q-CB-CAP-05,volume,2026-09-23,925.0,WeekdayAverage,734.5,1115.5,490.0,1360.0
Q-CB-CAP-05,volume,2026-09-24,933.25,WeekdayAverage,742.75,1123.75,498.25,1368.25
Q-CB-CAP-05,volume,2026-09-25,959.25,WeekdayAverage,768.75,1149.75,524.25,1394.25
Q-CB-CAP-05,volume,2026-09-26,545.25,WeekdayAverage,354.75,735.75,110.25,980.25
Q-CB-CAP-05,volume,2026-09-27,423.5,WeekdayAverage,233.0,614.0,0.0,858.5
Q-CB-CAP-05,volume,2026-09-28,1004.75,WeekdayAverage,814.25,1195.25,569.75,1439.75
Q-CB-CAP-05,volume,2026-09-29,1017.75,WeekdayAverage,827.25,1208.25,582.75,1452.75
Q-CB-CAP-05,volume,2026-09-30,925.0,WeekdayAverage,730.75,1119.25,506.25,1343.75
Q-CB-CAP-05,volume,2026-10-01,933.25,WeekdayAverage,739.0,1127.5,514.5,1352.0
Q-CB-CAP-05,volume,2026-10-02,959.25,WeekdayAverage,765.0,1153.5,540.5,1378.0
Q-CB-CAP-05,volume,2026-10-03,545.25,WeekdayAverage,351.0,739.5,126.5,964.0
Q-CB-CAP-05,volume,2026-10-04,423.5,WeekdayAverage,229.25,617.75,4.75,842.25
Q-CB-CAP-05,volume,2026-10-05,1004.75,WeekdayAverage,810.5,1199.0,586.0,1423.5
Q-CB-CAP-05,volume,2026-10-06,1017.75,WeekdayAverage,823.5,1212.0,599.0,1436.5
Q-CB-CAP-05,volume,2026-10-07,925.0,WeekdayAverage,700.25,1149.75,531.25,1318.75
Q-CB-CAP-05,volume,2026-10-08,933.25,WeekdayAverage,708.5,1158.0,539.5,1327.0
Q-CB-CAP-05,volume,2026-10-09,959.25,WeekdayAverage,734.5,1184.0,565.5,1353.0
Q-CB-CAP-05,volume,2026-10-10,545.25,WeekdayAverage,320.5,770.0,151.5,939.0
Q-CB-CAP-05,volume,2026-10-11,423.5,WeekdayAverage,198.75,648.25,29.75,817.25
Q-CB-CAP-05,volume,2026-10-12,1004.75,WeekdayAverage,780.0,1229.5,611.0,1398.5
Q-CB-CAP-05,volume,2026-10-13,1017.75,WeekdayAverage,793.0,1242.5,624.0,1411.5
Q-CB-DAS-01,volume,2026-09-23,1391.5,WeekdayAverage,1131.75,1651.25,1036.0,1747.0
Q-CB-DAS-01,volume,2026-09-24,1184.25,WeekdayAverage,924.5,1444.0,828.75,1539.75
Q-CB-DAS-01,volume,2026-09-25,1241.75,WeekdayAverage,982.0,1501.5,886.25,1597.25
Q-CB-DAS-01,volume,2026-09-26,737.0,WeekdayAverage,477.25,996.75,381.5,1092.5
Q-CB-DAS-01,volume,2026-09-27,557.25,WeekdayAverage,297.5,817.0,201.75,912.75
Q-CB-DAS-01,volume,2026-09-28,1323.0,WeekdayAverage,1063.25,1582.75,967.5,1678.5
Q-CB-DAS-01,volume,2026-09-29,1405.5,WeekdayAverage,1145.75,1665.25,1050.0,1761.0
Q-CB-DAS-01,volume,2026-09-30,1391.5,WeekdayAverage,1156.25,1626.75,1034.5,1748.5
Q-CB-DAS-01,volume,2026-10-01,1184.25,WeekdayAverage,949.0,1419.5,827.25,1541.25
Q-CB-DAS-01,volume,2026-10-02,1241.75,WeekdayAverage,1006.5,1477.0,884.75,1598.75
Q-CB-DAS-01,volume,2026-10-03,737.0,WeekdayAverage,501.75,972.25,380.0,1094.0
Q-CB-DAS-01,volume,2026-10-04,557.25,WeekdayAverage,322.0,792.5,200.25,914.25
Q-CB-DAS-01,volume,2026-10-05,1323.0,WeekdayAverage,1087.75,1558.25,966.0,1680.0
Q-CB-DAS-01,volume,2026-10-06,1405.5,WeekdayAverage,1170.25,1640.75,1048.5,1762.5
Q-CB-DAS-01,volume,2026-10-07,1391.5,WeekdayAverage,1173.0,1610.0,1035.25,1747.75
Q-CB-DAS-01,volume,2026-10-08,1184.25,WeekdayAverage,965.75,1402.75,828.0,1540.5
Q-CB-DAS-01,volume,2026-10-09,1241.75,WeekdayAverage,1023.25,1460.25,885.5,1598.0
Q-CB-DAS-01,volume,2026-10-10,737.0,WeekdayAverage,518.5,955.5,380.75,1093.25
Q-CB-DAS-01,volume,2026-10-11,557.25,WeekdayAverage,338.75,775.75,201.0,913.5
Q-CB-DAS-01,volume,2026-10-12,1323.0,WeekdayAverage,1104.5,1541.5,966.75,1679.25
Q-CB-DAS-01,volume,2026-10-13,1405.5,WeekdayAverage,1187.0,1624.0,1049.25,1761.75
Q-CB-DAS-02,volume,2026-09-23,954.3752621263877,AutoETS,746.8603530272311,1161.8901712255442,645.7169696475721,1263.0335546052033
Q-CB-DAS-02,volume,2026-09-24,952.5898149462267,AutoETS,745.0749058470701,1160.1047240453834,643.9315224674111,1261.2481074250422
Q-CB-DAS-02,volume,2026-09-25,962.3273521708512,AutoETS,754.8124430716946,1169.8422612700078,653.6690596920356,1270.985644649667
Q-CB-DAS-02,volume,2026-09-26,580.5770563863488,AutoETS,373.06214728719215,788.0919654855054,271.91876390753316,889.2353488651644
Q-CB-DAS-02,volume,2026-09-27,461.59065970154927,AutoETS,254.07575060239265,669.1055688007059,152.93236722273366,770.2489521803649
Q-CB-DAS-02,volume,2026-09-28,1114.0402010818634,AutoETS,906.5252919827068,1321.5551101810202,805.3819086030478,1422.698493560679
Q-CB-DAS-02,volume,2026-09-29,1053.0070176300273,AutoETS,845.4921085308707,1260.521926729184,744.3487251512117,1361.665310108843
Q-CB-DAS-02,volume,2026-09-30,954.3752621263877,AutoETS,784.9740419511244,1123.776482301651,683.384731128235,1225.3657931245405
Q-CB-DAS-02,volume,2026-10-01,952.5898149462267,AutoETS,783.1885947709634,1121.99103512149,681.599283948074,1223.5803459443796
Q-CB-DAS-02,volume,2026-10-02,962.3273521708512,AutoETS,792.9261319955879,1131.7285723461146,691.3368211726985,1233.3178831690038
Q-CB-DAS-02,volume,2026-10-03,580.5770563863488,AutoETS,411.1758362110854,749.9782765616121,309.58652538819604,851.5675873845015
Q-CB-DAS-02,volume,2026-10-04,461.59065970154927,AutoETS,292.1894395262859,630.9918798768126,190.60012870339654,732.581190699702
Q-CB-DAS-02,volume,2026-10-05,1114.0402010818634,AutoETS,944.6389809066001,1283.4414212571269,843.0496700837107,1385.0307320800162
Q-CB-DAS-02,volume,2026-10-06,1053.0070176300273,AutoETS,883.605797454764,1222.4082378052908,782.0164866318746,1323.99754862818
Q-CB-DAS-02,volume,2026-10-07,954.3752621263877,AutoETS,743.3603438499179,1165.3901804028576,648.16040210805,1260.5901221447255
Q-CB-DAS-02,volume,2026-10-08,952.5898149462267,AutoETS,741.5748966697569,1163.6047332226967,646.374954927889,1258.8046749645646
Q-CB-DAS-02,volume,2026-10-09,962.3273521708512,AutoETS,751.3124338943813,1173.342270447321,656.1124921525135,1268.5422121891888
Q-CB-DAS-02,volume,2026-10-10,580.5770563863488,AutoETS,369.5621381098789,791.5919746628186,274.36219636801104,886.7919164046865
Q-CB-DAS-02,volume,2026-10-11,461.59065970154927,AutoETS,250.5757414250794,672.6055779780191,155.37579968321154,767.805519719887
Q-CB-DAS-02,volume,2026-10-12,1114.0402010818634,AutoETS,903.0252828053935,1325.0551193583333,807.8253410635257,1420.2550611002011
Q-CB-DAS-02,volume,2026-10-13,1053.0070176300273,AutoETS,841.9920993535575,1264.0219359064972,746.7921576116896,1359.221877648365
Q-CB-DAS-03,volume,2026-09-23,921.1623387957186,AutoETS,753.3320506213342,1088.992626970103,553.7168422790373,1288.6078353123999
Q-CB-DAS-03,volume,2026-09-24,922.7939571308198,AutoETS,754.9636689564354,1090.624245305204,555.3484606141385,1290.239453647501
Q-CB-DAS-03,volume,2026-09-25,937.7693146985207,AutoETS,769.9390265241364,1105.599602872905,570.3238181818394,1305.214811215202
Q-CB-DAS-03,volume,2026-09-26,572.5286699297051,AutoETS,404.6983817553207,740.3589581040894,205.08317341302381,939.9741664463863
Q-CB-DAS-03,volume,2026-09-27,449.7741075267045,AutoETS,281.94381935232013,617.6043957010888,82.32861101002322,817.2196040433857
Q-CB-DAS-03,volume,2026-09-28,1120.4799524224936,AutoETS,952.6496642481093,1288.310240596878,753.0344559058124,1487.9254489391749
Q-CB-DAS-03,volume,2026-09-29,1041.4462310195925,AutoETS,873.6159428452081,1209.2765191939768,674.0007345029112,1408.8917275362737
Q-CB-DAS-03,volume,2026-09-30,921.1623387957186,AutoETS,774.471975785011,1067.8527018064262,690.0547552103894,1152.2699223810478
Q-CB-DAS-03,volume,2026-10-01,922.7939571308198,AutoETS,776.1035941201121,1069.4843201415274,691.6863735454906,1153.901540716149
Q-CB-DAS-03,volume,2026-10-02,937.7693146985207,AutoETS,791.0789516878131,1084.4596777092283,706.6617311131915,1168.8768982838499
Q-CB-DAS-03,volume,2026-10-03,572.5286699297051,AutoETS,425.83830691899743,719.2190329404127,341.4210863443759,803.6362535150342
Q-CB-DAS-03,volume,2026-10-04,449.7741075267045,AutoETS,303.08374451599684,596.4644705374121,218.66652394137532,680.8816911120336
Q-CB-DAS-03,volume,2026-10-05,1120.4799524224936,AutoETS,973.789589411786,1267.1703154332013,889.3723688371645,1351.5875360078228
Q-CB-DAS-03,volume,2026-10-06,1041.4462310195925,AutoETS,894.7558680088848,1188.1365940303,810.3386474342633,1272.5538146049216
Q-CB-DAS-03,volume,2026-10-07,921.1623387957186,AutoETS,770.2736529639765,1072.0510246274607,654.7997353915848,1187.5249421998524
Q-CB-DAS-03,volume,2026-10-08,922.7939571308198,AutoETS,771.9052712990776,1073.6826429625619,656.431353726686,1189.1565605349535
Q-CB-DAS-03,volume,2026-10-09,937.7693146985207,AutoETS,786.8806288667786,1088.6580005302628,671.4067112943869,1204.1319181026545
Q-CB-DAS-03,volume,2026-10-10,572.5286699297051,AutoETS,421.63998409796295,723.4173557614472,306.1660665255713,838.8912733338389
Q-CB-DAS-03,volume,2026-10-11,449.7741075267045,AutoETS,298.88542169496236,600.6627933584466,183.4115041225707,716.1367109308383
Q-CB-DAS-03,volume,2026-10-12,1120.4799524224936,AutoETS,969.5912665907515,1271.3686382542357,854.1173490183598,1386.8425558266274
Q-CB-DAS-03,volume,2026-10-13,1041.4462310195925,AutoETS,890.5575451878503,1192.3349168513346,775.0836276154587,1307.8088344237262
Q-CB-DAS-04,volume,2026-09-23,745.7783676565318,AutoETS,621.7173423635179,869.8393929495458,392.6780998335835,1098.8786354794802
Q-CB-DAS-04,volume,2026-09-24,684.9742396296896,AutoETS,560.9132143366757,809.0352649227035,331.8739718067412,1038.074507452638
Q-CB-DAS-04,volume,2026-09-25,688.4974289349882,AutoETS,564.4364036419743,812.5584542280021,335.39716111203984,1041.5976967579365
Q-CB-DAS-04,volume,2026-09-26,422.8003626753487,AutoETS,298.7393373823348,546.8613879683626,69.70009485240035,775.900630498297
Q-CB-DAS-04,volume,2026-09-27,345.86503379569456,AutoETS,221.80400850268063,469.9260590887085,0.0,698.9653016186429
Q-CB-DAS-04,volume,2026-09-28,881.711001194491,AutoETS,757.6499759014771,1005.772026487505,528.6107333715427,1234.8112690174394
Q-CB-DAS-04,volume,2026-09-29,788.6332866918905,AutoETS,664.5722613988765,912.6943119849044,435.5330188689421,1141.733554514839
Q-CB-DAS-04,volume,2026-09-30,745.7783676565318,AutoETS,628.230998349512,863.3257369635517,528.0888471078068,963.4678882052568
Q-CB-DAS-04,volume,2026-10-01,684.9742396296896,AutoETS,567.4268703226697,802.5216089367094,467.2847190809646,902.6637601784146
Q-CB-DAS-04,volume,2026-10-02,688.4974289349882,AutoETS,570.9500596279684,806.044798242008,470.8079083862632,906.1869494837132
Q-CB-DAS-04,volume,2026-10-03,422.8003626753487,AutoETS,305.2529933683289,540.3477319823685,205.1108421266237,640.4898832240738
Q-CB-DAS-04,volume,2026-10-04,345.86503379569456,AutoETS,228.31766448867472,463.4124031027144,128.17551324696956,563.5545543444196
Q-CB-DAS-04,volume,2026-10-05,881.711001194491,AutoETS,764.1636318874712,999.2583705015109,664.021480645766,1099.400521743216
Q-CB-DAS-04,volume,2026-10-06,788.6332866918905,AutoETS,671.0859173848706,906.1806559989103,570.9437661431655,1006.3228072406155
Q-CB-DAS-04,volume,2026-10-07,745.7783676565318,AutoETS,642.6853914818113,848.8713438312524,537.4453350959134,954.1114002171503
Q-CB-DAS-04,volume,2026-10-08,684.9742396296896,AutoETS,581.881263454969,788.0672158044101,476.64120706907113,893.307272190308
Q-CB-DAS-04,volume,2026-10-09,688.4974289349882,AutoETS,585.4044527602676,791.5904051097087,480.16439637436974,896.8304614956066
Q-CB-DAS-04,volume,2026-10-10,422.8003626753487,AutoETS,319.70738650062816,525.8933388500693,214.46733011473026,631.1333952359671
Q-CB-DAS-04,volume,2026-10-11,345.86503379569456,AutoETS,242.772057620974,448.9580099704151,137.5320012350761,554.198066356313
Q-CB-DAS-04,volume,2026-10-12,881.711001194491,AutoETS,778.6180250197705,984.8039773692116,673.3779686338726,1090.0440337551095
Q-CB-DAS-04,volume,2026-10-13,788.6332866918905,AutoETS,685.5403105171699,891.726262866611,580.300254131272,996.9663192525089
Q-CB-DAS-05,volume,2026-09-23,1008.0798103676248,AutoETS,907.7391829741068,1108.4204377611427,544.0592246203673,1472.1003961148822
Q-CB-DAS-05,volume,2026-09-24,1017.6151189340782,AutoETS,917.2744915405602,1117.955746327596,553.5945331868207,1481.6357046813355
Q-CB-DAS-05,volume,2026-09-25,1077.7875581059998,AutoETS,977.4469307124818,1178.1281854995177,613.7669723587424,1541.8081438532572
Q-CB-DAS-05,volume,2026-09-26,622.9575885084482,AutoETS,522.6169611149303,723.2982159019662,158.9370027611908,1086.9781742557057
Q-CB-DAS-05,volume,2026-09-27,485.18964918705683,AutoETS,384.8490217935389,585.5302765805748,21.1690634397994,949.2102349343143
Q-CB-DAS-05,volume,2026-09-28,1259.5116476903402,AutoETS,1159.1710202968222,1359.852275083858,795.4910619430827,1723.5322334375976
Q-CB-DAS-05,volume,2026-09-29,1167.4911791649674,AutoETS,1067.1505517714495,1267.8318065584854,703.47059341771,1631.5117649122249
Q-CB-DAS-05,volume,2026-09-30,1008.0798103676248,AutoETS,860.7740425987879,1155.3855781364616,622.8600808539632,1393.2995398812864
Q-CB-DAS-05,volume,2026-10-01,1017.6151189340782,AutoETS,870.3093511652413,1164.9208867029151,632.3953894204166,1402.8348484477397
Q-CB-DAS-05,volume,2026-10-02,1077.7875581059998,AutoETS,930.4817903371629,1225.0933258748366,692.5678285923382,1463.0072876196614
Q-CB-DAS-05,volume,2026-10-03,622.9575885084482,AutoETS,475.65182073961137,770.2633562772851,237.73785899478662,1008.1773180221098
Q-CB-DAS-05,volume,2026-10-04,485.18964918705683,AutoETS,337.88388141821997,632.4954169558937,99.96991967339522,870.4093787007184
Q-CB-DAS-05,volume,2026-10-05,1259.5116476903402,AutoETS,1112.2058799215033,1406.817415459177,874.2919181766786,1644.7313772040018
Q-CB-DAS-05,volume,2026-10-06,1167.4911791649674,AutoETS,1020.1854113961306,1314.7969469338043,782.2714496513058,1552.710908678629
Q-CB-DAS-05,volume,2026-10-07,1008.0798103676248,AutoETS,865.3551066452353,1150.8045140900142,616.5334607929176,1399.626159942332
Q-CB-DAS-05,volume,2026-10-08,1017.6151189340782,AutoETS,874.8904152116887,1160.3398226564677,626.068769359371,1409.1614685087852
Q-CB-DAS-05,volume,2026-10-09,1077.7875581059998,AutoETS,935.0628543836103,1220.5122618283892,686.2412085312926,1469.333907680707
Q-CB-DAS-05,volume,2026-10-10,622.9575885084482,AutoETS,480.2328847860588,765.6822922308377,231.41123893374106,1014.5039380831554
Q-CB-DAS-05,volume,2026-10-11,485.18964918705683,AutoETS,342.4649454646674,627.9143529094463,93.64329961234967,876.735998761764
Q-CB-DAS-05,volume,2026-10-12,1259.5116476903402,AutoETS,1116.7869439679507,1402.2363514127296,867.965298115633,1651.0579972650473
Q-CB-DAS-05,volume,2026-10-13,1167.4911791649674,AutoETS,1024.766475442578,1310.2158828873569,775.9448295902603,1559.0375287396746
Q-CB-DFS-01,volume,2026-09-23,861.2343136991271,AutoETS,706.0993110998448,1016.3693162984094,649.9989501464895,1072.4696772517648
Q-CB-DFS-01,volume,2026-09-24,875.5003483799661,AutoETS,720.3653457806838,1030.6353509792484,664.2649848273285,1086.7357119326039
Q-CB-DFS-01,volume,2026-09-25,838.8587438236835,AutoETS,683.7237412244012,993.9937464229658,627.6233802710459,1050.094107376321
Q-CB-DFS-01,volume,2026-09-26,501.19696289897445,AutoETS,346.06196029969215,656.3319654982567,289.9615993463368,712.4323264516121
Q-CB-DFS-01,volume,2026-09-27,407.2038309534897,AutoETS,252.06882835420743,562.338833552772,195.9684674008521,618.4391945061274
Q-CB-DFS-01,volume,2026-09-28,1061.9492977287025,AutoETS,906.8142951294202,1217.0843003279847,850.7139341760649,1273.1846612813401
Q-CB-DFS-01,volume,2026-09-29,1000.9735700534961,AutoETS,845.8385674542138,1156.1085726527785,789.7382065008585,1212.2089336061338
Q-CB-DFS-01,volume,2026-09-30,861.2343136991271,AutoETS,714.2400171862928,1008.2286102119615,637.7134421368551,1084.7551852613992
Q-CB-DFS-01,volume,2026-10-01,875.5003483799661,AutoETS,728.5060518671318,1022.4946448928005,651.979476817694,1099.021219942238
Q-CB-DFS-01,volume,2026-10-02,838.8587438236835,AutoETS,691.8644473108492,985.8530403365179,615.3378722614115,1062.3796153859557
Q-CB-DFS-01,volume,2026-10-03,501.19696289897445,AutoETS,354.2026663861401,648.1912594118088,277.67609133670237,724.7178344612465
Q-CB-DFS-01,volume,2026-10-04,407.2038309534897,AutoETS,260.2095344406554,554.1981274663241,183.68295939121765,630.7247025157618
Q-CB-DFS-01,volume,2026-10-05,1061.9492977287025,AutoETS,914.9550012158682,1208.9435942415369,838.4284261664304,1285.4701692909746
Q-CB-DFS-01,volume,2026-10-06,1000.9735700534961,AutoETS,853.9792735406618,1147.9678665663305,777.452698491224,1224.4944416157682
Q-CB-DFS-01,volume,2026-10-07,861.2343136991271,AutoETS,697.7104352905894,1024.7581921076649,658.0877132554257,1064.3809141428287
Q-CB-DFS-01,volume,2026-10-08,875.5003483799661,AutoETS,711.9764699714284,1039.0242267885037,672.3537479362647,1078.6469488236676
Q-CB-DFS-01,volume,2026-10-09,838.8587438236835,AutoETS,675.3348654151458,1002.3826222322213,635.7121433799821,1042.005344267385
Q-CB-DFS-01,volume,2026-10-10,501.19696289897445,AutoETS,337.67308449043674,664.7208413075122,298.050362455273,704.3435633426759
Q-CB-DFS-01,volume,2026-10-11,407.2038309534897,AutoETS,243.67995254495202,570.7277093620274,204.05723050978827,610.3504313971912
Q-CB-DFS-01,volume,2026-10-12,1061.9492977287025,AutoETS,898.4254193201648,1225.4731761372402,858.802697285001,1265.0958981724038
Q-CB-DFS-01,volume,2026-10-13,1000.9735700534961,AutoETS,837.4496916449584,1164.4974484620338,797.8269696097947,1204.1201704971977
Q-CB-DFS-02,volume,2026-09-23,748.0189614439416,AutoETS,613.7875272835189,882.2503956043644,500.2717736243112,995.7661492635721
Q-CB-DFS-02,volume,2026-09-24,740.0648202704389,AutoETS,605.8333861100161,874.2962544308616,492.31763245080845,987.8120080900693
Q-CB-DFS-02,volume,2026-09-25,715.6889870418046,AutoETS,581.4575528813818,849.9204212022273,467.94179922217415,963.436174861435
Q-CB-DFS-02,volume,2026-09-26,455.7299945632373,AutoETS,321.4985604028146,589.96142872366,207.9828067436069,703.4771823828678
Q-CB-DFS-02,volume,2026-09-27,336.796332057294,AutoETS,202.5648978968713,471.02776621771676,89.0491442376636,584.5435198769244
Q-CB-DFS-02,volume,2026-09-28,892.3498450863382,AutoETS,758.1184109259154,1026.581279246761,644.6026572667078,1140.0970329059687
Q-CB-DFS-02,volume,2026-09-29,843.6077401263927,AutoETS,709.37630596597,977.8391742868155,595.8605523067623,1091.354927946023
Q-CB-DFS-02,volume,2026-09-30,748.0189614439416,AutoETS,611.0343811644395,885.0035417234437,509.25039560436437,986.7875272835189
Q-CB-DFS-02,volume,2026-10-01,740.0648202704389,AutoETS,603.0802399909368,877.049400549941,501.2962544308616,978.8333861100161
Q-CB-DFS-02,volume,2026-10-02,715.6889870418046,AutoETS,578.7044067623025,852.6735673213067,476.9204212022273,954.4575528813818
Q-CB-DFS-02,volume,2026-10-03,455.7299945632373,AutoETS,318.7454142837352,592.7145748427395,216.96142872366005,694.4985604028145
Q-CB-DFS-02,volume,2026-10-04,336.796332057294,AutoETS,199.81175177779193,473.7809123367961,98.02776621771676,575.5648978968713
Q-CB-DFS-02,volume,2026-10-05,892.3498450863382,AutoETS,755.3652648068361,1029.3344253658402,653.5812792467609,1131.1184109259154
Q-CB-DFS-02,volume,2026-10-06,843.6077401263927,AutoETS,706.6231598468906,980.5923204058948,604.8391742868155,1082.37630596597
Q-CB-DFS-02,volume,2026-10-07,748.0189614439416,AutoETS,576.2717736243112,919.7661492635721,514.8183331263966,981.2195897614866
Q-CB-DFS-02,volume,2026-10-08,740.0648202704389,AutoETS,568.3176324508084,911.8120080900693,506.86419195289386,973.2654485879839
Q-CB-DFS-02,volume,2026-10-09,715.6889870418046,AutoETS,543.9417992221742,887.436174861435,482.48835872425957,948.8896153593496
Q-CB-DFS-02,volume,2026-10-10,455.7299945632373,AutoETS,283.9828067436069,627.4771823828678,222.5293662456923,688.9306228807823
Q-CB-DFS-02,volume,2026-10-11,336.796332057294,AutoETS,165.0491442376636,508.54351987692445,103.59570373974901,569.9969603748391
Q-CB-DFS-02,volume,2026-10-12,892.3498450863382,AutoETS,720.6026572667078,1064.0970329059687,659.1492167687932,1125.5504734038832
Q-CB-DFS-02,volume,2026-10-13,843.6077401263927,AutoETS,671.8605523067623,1015.3549279460232,610.4071118088477,1076.8083684439378
Q-CB-DFS-03,volume,2026-09-23,598.5392685329152,AutoETS,472.0848812421864,724.9936558236441,424.6170634736545,772.4614735921759
Q-CB-DFS-03,volume,2026-09-24,594.4069062781748,AutoETS,467.95251898744596,720.8612935689036,420.4847012189141,768.3291113374355
Q-CB-DFS-03,volume,2026-09-25,588.7157924325384,AutoETS,462.2614051418095,715.1701797232672,414.79358737327766,762.6379974917991
Q-CB-DFS-03,volume,2026-09-26,379.5445245292074,AutoETS,253.09013723847858,505.99891181993627,205.62231946994672,553.4667295884681
Q-CB-DFS-03,volume,2026-09-27,264.9355935447467,AutoETS,138.48120625401788,391.38998083547557,91.01338848548602,438.8577986040074
Q-CB-DFS-03,volume,2026-09-28,695.0909734644961,AutoETS,568.6365861737672,821.5453607552249,521.1687684052354,869.0131785237568
Q-CB-DFS-03,volume,2026-09-29,669.9610490560157,AutoETS,543.5066617652868,796.4154363467445,496.03884399675496,843.8832541152764
Q-CB-DFS-03,volume,2026-09-30,598.5392685329152,AutoETS,476.9951088007384,720.083428265092,427.8874957459856,769.1910413198449
Q-CB-DFS-03,volume,2026-10-01,594.4069062781748,AutoETS,472.862746545998,715.9510660103516,423.75513349124515,765.0586790651045
Q-CB-DFS-03,volume,2026-10-02,588.7157924325384,AutoETS,467.17163270036156,710.2599521647152,418.0640196456087,759.367565219468
Q-CB-DFS-03,volume,2026-10-03,379.5445245292074,AutoETS,258.0003647970306,501.08868426138423,208.89275174227777,550.1962973161371
Q-CB-DFS-03,volume,2026-10-04,264.9355935447467,AutoETS,143.39143381256991,386.47975327692353,94.28382075781707,435.5873663316764
Q-CB-DFS-03,volume,2026-10-05,695.0909734644961,AutoETS,573.5468137323193,816.6351331966729,524.4392006775664,865.7427462514257
Q-CB-DFS-03,volume,2026-10-06,669.9610490560157,AutoETS,548.4168893238389,791.5052087881925,499.309276269086,840.6128218429453
Q-CB-DFS-03,volume,2026-10-07,598.5392685329152,AutoETS,484.7613013793157,712.3172356865148,418.59847061930304,778.4800664465274
Q-CB-DFS-03,volume,2026-10-08,594.4069062781748,AutoETS,480.62893912457525,708.1848734317743,414.4661083645626,774.347704191787
Q-CB-DFS-03,volume,2026-10-09,588.7157924325384,AutoETS,474.9378252789388,702.4937595861379,408.7749945189262,768.6565903461506
Q-CB-DFS-03,volume,2026-10-10,379.5445245292074,AutoETS,265.7665573756079,493.32249168280697,199.60372661559524,559.4853224428196
Q-CB-DFS-03,volume,2026-10-11,264.9355935447467,AutoETS,151.15762639114718,378.71356069834627,84.99479563113454,444.8763914583589
Q-CB-DFS-03,volume,2026-10-12,695.0909734644961,AutoETS,581.3130063108965,808.8689406180956,515.1501755508839,875.0317713781083
Q-CB-DFS-03,volume,2026-10-13,669.9610490560157,AutoETS,556.1830819024161,783.7390162096152,490.0202511424035,849.9018469696279
Q-CB-DFS-04,volume,2026-09-23,580.0,WeekdayAverage,475.0,685.0,418.25,741.75
Q-CB-DFS-04,volume,2026-09-24,585.5,WeekdayAverage,480.5,690.5,423.75,747.25
Q-CB-DFS-04,volume,2026-09-25,572.0,WeekdayAverage,467.0,677.0,410.25,733.75
Q-CB-DFS-04,volume,2026-09-26,370.5,WeekdayAverage,265.5,475.5,208.75,532.25
Q-CB-DFS-04,volume,2026-09-27,265.0,WeekdayAverage,160.0,370.0,103.25,426.75
Q-CB-DFS-04,volume,2026-09-28,616.75,WeekdayAverage,511.75,721.75,455.0,778.5
Q-CB-DFS-04,volume,2026-09-29,689.0,WeekdayAverage,584.0,794.0,527.25,850.75
Q-CB-DFS-04,volume,2026-09-30,580.0,WeekdayAverage,488.75,671.25,429.75,730.25
Q-CB-DFS-04,volume,2026-10-01,585.5,WeekdayAverage,494.25,676.75,435.25,735.75
Q-CB-DFS-04,volume,2026-10-02,572.0,WeekdayAverage,480.75,663.25,421.75,722.25
Q-CB-DFS-04,volume,2026-10-03,370.5,WeekdayAverage,279.25,461.75,220.25,520.75
Q-CB-DFS-04,volume,2026-10-04,265.0,WeekdayAverage,173.75,356.25,114.75,415.25
Q-CB-DFS-04,volume,2026-10-05,616.75,WeekdayAverage,525.5,708.0,466.5,767.0
Q-CB-DFS-04,volume,2026-10-06,689.0,WeekdayAverage,597.75,780.25,538.75,839.25
Q-CB-DFS-04,volume,2026-10-07,580.0,WeekdayAverage,483.5,676.5,415.75,744.25
Q-CB-DFS-04,volume,2026-10-08,585.5,WeekdayAverage,489.0,682.0,421.25,749.75
Q-CB-DFS-04,volume,2026-10-09,572.0,WeekdayAverage,475.5,668.5,407.75,736.25
Q-CB-DFS-04,volume,2026-10-10,370.5,WeekdayAverage,274.0,467.0,206.25,534.75
Q-CB-DFS-04,volume,2026-10-11,265.0,WeekdayAverage,168.5,361.5,100.75,429.25
Q-CB-DFS-04,volume,2026-10-12,616.75,WeekdayAverage,520.25,713.25,452.5,781.0
Q-CB-DFS-04,volume,2026-10-13,689.0,WeekdayAverage,592.5,785.5,524.75,853.25
Q-CB-DFS-05,volume,2026-09-23,423.5015570021944,AutoETS,345.50644668607123,501.4966673183175,328.0511595532196,518.9519544511692
Q-CB-DFS-05,volume,2026-09-24,399.3323545056649,AutoETS,321.33724418954176,477.32746482178806,303.8819570566901,494.7827519546397
Q-CB-DFS-05,volume,2026-09-25,403.9528593568682,AutoETS,325.95774904074506,481.94796967299135,308.5024619078934,499.403256805843
Q-CB-DFS-05,volume,2026-09-26,234.24101586079982,AutoETS,156.24590554467667,312.236126176923,138.79061841182502,329.6914133097746
Q-CB-DFS-05,volume,2026-09-27,179.2977497111845,AutoETS,101.30263939506136,257.29286002730765,83.84735226220971,274.7481471601593
Q-CB-DFS-05,volume,2026-09-28,465.4525635484611,AutoETS,387.45745323233797,543.4476738645842,370.0021660994863,560.9029609974359
Q-CB-DFS-05,volume,2026-09-29,437.59834178356226,AutoETS,359.6032314674391,515.5934520996855,342.14794433458746,533.0487392325371
Q-CB-DFS-05,volume,2026-09-30,423.5015570021944,AutoETS,349.6340027335247,497.36911127086404,330.59288610568177,516.410227898707
Q-CB-DFS-05,volume,2026-10-01,399.3323545056649,AutoETS,325.46480023699525,473.1999087743346,306.4236836091523,492.2410254021775
Q-CB-DFS-05,volume,2026-10-02,403.9528593568682,AutoETS,330.08530508819854,477.82041362553787,311.0441884603556,496.8615302533808
Q-CB-DFS-05,volume,2026-10-03,234.24101586079982,AutoETS,160.37346159213016,308.1085701294695,141.33234496428722,327.14968675731245
Q-CB-DFS-05,volume,2026-10-04,179.2977497111845,AutoETS,105.43019544251484,253.16530397985417,86.3890788146719,272.2064206076971
Q-CB-DFS-05,volume,2026-10-05,465.4525635484611,AutoETS,391.58500927979145,539.3201178171307,372.5438926519485,558.3612344449737
Q-CB-DFS-05,volume,2026-10-06,437.59834178356226,AutoETS,363.7307875148926,511.4658960522319,344.68967088704966,530.5070126800749
Q-CB-DFS-05,volume,2026-10-07,423.5015570021944,AutoETS,345.13374873077595,501.8693652736128,329.59288610568177,517.410227898707
Q-CB-DFS-05,volume,2026-10-08,399.3323545056649,AutoETS,320.9645462342465,477.70016277708334,305.4236836091523,493.2410254021775
Q-CB-DFS-05,volume,2026-10-09,403.9528593568682,AutoETS,325.5850510854498,482.3206676282866,310.0441884603556,497.8615302533808
Q-CB-DFS-05,volume,2026-10-10,234.24101586079982,AutoETS,155.8732075893814,312.6088241322183,140.33234496428722,328.14968675731245
Q-CB-DFS-05,volume,2026-10-11,179.2977497111845,AutoETS,100.92994143976608,257.66555798260293,85.3890788146719,273.2064206076971
Q-CB-DFS-05,volume,2026-10-12,465.4525635484611,AutoETS,387.0847552770427,543.8203718198795,371.5438926519485,559.3612344449737
Q-CB-DFS-05,volume,2026-10-13,437.59834178356226,AutoETS,359.23053351214384,515.9661500549807,343.68967088704966,531.5070126800749
Q-CL-ALS-01,volume,2026-09-23,893.0,WeekdayAverage,764.5,1021.5,626.25,1159.75
Q-CL-ALS-01,volume,2026-09-24,771.25,WeekdayAverage,642.75,899.75,504.5,1038.0
Q-CL-ALS-01,volume,2026-09-25,829.25,WeekdayAverage,700.75,957.75,562.5,1096.0
Q-CL-ALS-01,volume,2026-09-26,406.0,WeekdayAverage,277.5,534.5,139.25,672.75
Q-CL-ALS-01,volume,2026-09-27,300.5,WeekdayAverage,172.0,429.0,33.75,567.25
Q-CL-ALS-01,volume,2026-09-28,1013.0,WeekdayAverage,884.5,1141.5,746.25,1279.75
Q-CL-ALS-01,volume,2026-09-29,1018.75,WeekdayAverage,890.25,1147.25,752.0,1285.5
Q-CL-ALS-01,volume,2026-09-30,893.0,WeekdayAverage,784.5,1001.5,647.75,1138.25
Q-CL-ALS-01,volume,2026-10-01,771.25,WeekdayAverage,662.75,879.75,526.0,1016.5
Q-CL-ALS-01,volume,2026-10-02,829.25,WeekdayAverage,720.75,937.75,584.0,1074.5
Q-CL-ALS-01,volume,2026-10-03,406.0,WeekdayAverage,297.5,514.5,160.75,651.25
Q-CL-ALS-01,volume,2026-10-04,300.5,WeekdayAverage,192.0,409.0,55.25,545.75
Q-CL-ALS-01,volume,2026-10-05,1013.0,WeekdayAverage,904.5,1121.5,767.75,1258.25
Q-CL-ALS-01,volume,2026-10-06,1018.75,WeekdayAverage,910.25,1127.25,773.5,1264.0
Q-CL-ALS-01,volume,2026-10-07,893.0,WeekdayAverage,760.75,1025.25,683.5,1102.5
Q-CL-ALS-01,volume,2026-10-08,771.25,WeekdayAverage,639.0,903.5,561.75,980.75
Q-CL-ALS-01,volume,2026-10-09,829.25,WeekdayAverage,697.0,961.5,619.75,1038.75
Q-CL-ALS-01,volume,2026-10-10,406.0,WeekdayAverage,273.75,538.25,196.5,615.5
Q-CL-ALS-01,volume,2026-10-11,300.5,WeekdayAverage,168.25,432.75,91.0,510.0
Q-CL-ALS-01,volume,2026-10-12,1013.0,WeekdayAverage,880.75,1145.25,803.5,1222.5
Q-CL-ALS-01,volume,2026-10-13,1018.75,WeekdayAverage,886.5,1151.0,809.25,1228.25
Q-CL-ALS-02,volume,2026-09-23,1290.75,WeekdayAverage,1080.75,1500.75,983.25,1598.25
Q-CL-ALS-02,volume,2026-09-24,1151.0,WeekdayAverage,941.0,1361.0,843.5,1458.5
Q-CL-ALS-02,volume,2026-09-25,1101.5,WeekdayAverage,891.5,1311.5,794.0,1409.0
Q-CL-ALS-02,volume,2026-09-26,552.75,WeekdayAverage,342.75,762.75,245.25,860.25
Q-CL-ALS-02,volume,2026-09-27,380.25,WeekdayAverage,170.25,590.25,72.75,687.75
Q-CL-ALS-02,volume,2026-09-28,1394.75,WeekdayAverage,1184.75,1604.75,1087.25,1702.25
Q-CL-ALS-02,volume,2026-09-29,1423.5,WeekdayAverage,1213.5,1633.5,1116.0,1731.0
Q-CL-ALS-02,volume,2026-09-30,1290.75,WeekdayAverage,1054.0,1527.5,1001.25,1580.25
Q-CL-ALS-02,volume,2026-10-01,1151.0,WeekdayAverage,914.25,1387.75,861.5,1440.5
Q-CL-ALS-02,volume,2026-10-02,1101.5,WeekdayAverage,864.75,1338.25,812.0,1391.0
Q-CL-ALS-02,volume,2026-10-03,552.75,WeekdayAverage,316.0,789.5,263.25,842.25
Q-CL-ALS-02,volume,2026-10-04,380.25,WeekdayAverage,143.5,617.0,90.75,669.75
Q-CL-ALS-02,volume,2026-10-05,1394.75,WeekdayAverage,1158.0,1631.5,1105.25,1684.25
Q-CL-ALS-02,volume,2026-10-06,1423.5,WeekdayAverage,1186.75,1660.25,1134.0,1713.0
Q-CL-ALS-02,volume,2026-10-07,1290.75,WeekdayAverage,1036.5,1545.0,944.5,1637.0
Q-CL-ALS-02,volume,2026-10-08,1151.0,WeekdayAverage,896.75,1405.25,804.75,1497.25
Q-CL-ALS-02,volume,2026-10-09,1101.5,WeekdayAverage,847.25,1355.75,755.25,1447.75
Q-CL-ALS-02,volume,2026-10-10,552.75,WeekdayAverage,298.5,807.0,206.5,899.0
Q-CL-ALS-02,volume,2026-10-11,380.25,WeekdayAverage,126.0,634.5,34.0,726.5
Q-CL-ALS-02,volume,2026-10-12,1394.75,WeekdayAverage,1140.5,1649.0,1048.5,1741.0
Q-CL-ALS-02,volume,2026-10-13,1423.5,WeekdayAverage,1169.25,1677.75,1077.25,1769.75
Q-CL-ALS-03,volume,2026-09-23,875.5,WeekdayAverage,785.75,965.25,624.0,1127.0
Q-CL-ALS-03,volume,2026-09-24,754.0,WeekdayAverage,664.25,843.75,502.5,1005.5
Q-CL-ALS-03,volume,2026-09-25,775.25,WeekdayAverage,685.5,865.0,523.75,1026.75
Q-CL-ALS-03,volume,2026-09-26,392.5,WeekdayAverage,302.75,482.25,141.0,644.0
Q-CL-ALS-03,volume,2026-09-27,280.5,WeekdayAverage,190.75,370.25,29.0,532.0
Q-CL-ALS-03,volume,2026-09-28,916.75,WeekdayAverage,827.0,1006.5,665.25,1168.25
Q-CL-ALS-03,volume,2026-09-29,1025.75,WeekdayAverage,936.0,1115.5,774.25,1277.25
Q-CL-ALS-03,volume,2026-09-30,875.5,WeekdayAverage,776.25,974.75,568.0,1183.0
Q-CL-ALS-03,volume,2026-10-01,754.0,WeekdayAverage,654.75,853.25,446.5,1061.5
Q-CL-ALS-03,volume,2026-10-02,775.25,WeekdayAverage,676.0,874.5,467.75,1082.75
Q-CL-ALS-03,volume,2026-10-03,392.5,WeekdayAverage,293.25,491.75,85.0,700.0
Q-CL-ALS-03,volume,2026-10-04,280.5,WeekdayAverage,181.25,379.75,0.0,588.0
Q-CL-ALS-03,volume,2026-10-05,916.75,WeekdayAverage,817.5,1016.0,609.25,1224.25
Q-CL-ALS-03,volume,2026-10-06,1025.75,WeekdayAverage,926.5,1125.0,718.25,1333.25
Q-CL-ALS-03,volume,2026-10-07,875.5,WeekdayAverage,782.5,968.5,575.5,1175.5
Q-CL-ALS-03,volume,2026-10-08,754.0,WeekdayAverage,661.0,847.0,454.0,1054.0
Q-CL-ALS-03,volume,2026-10-09,775.25,WeekdayAverage,682.25,868.25,475.25,1075.25
Q-CL-ALS-03,volume,2026-10-10,392.5,WeekdayAverage,299.5,485.5,92.5,692.5
Q-CL-ALS-03,volume,2026-10-11,280.5,WeekdayAverage,187.5,373.5,0.0,580.5
Q-CL-ALS-03,volume,2026-10-12,916.75,WeekdayAverage,823.75,1009.75,616.75,1216.75
Q-CL-ALS-03,volume,2026-10-13,1025.75,WeekdayAverage,932.75,1118.75,725.75,1325.75
Q-CL-ALS-04,volume,2026-09-23,653.25,WeekdayAverage,533.0,773.5,449.75,856.75
Q-CL-ALS-04,volume,2026-09-24,568.75,WeekdayAverage,448.5,689.0,365.25,772.25
Q-CL-ALS-04,volume,2026-09-25,536.25,WeekdayAverage,416.0,656.5,332.75,739.75
Q-CL-ALS-04,volume,2026-09-26,292.75,WeekdayAverage,172.5,413.0,89.25,496.25
Q-CL-ALS-04,volume,2026-09-27,204.25,WeekdayAverage,84.0,324.5,0.75,407.75
Q-CL-ALS-04,volume,2026-09-28,642.25,WeekdayAverage,522.0,762.5,438.75,845.75
Q-CL-ALS-04,volume,2026-09-29,717.0,WeekdayAverage,596.75,837.25,513.5,920.5
Q-CL-ALS-04,volume,2026-09-30,653.25,WeekdayAverage,543.25,763.25,446.0,860.5
Q-CL-ALS-04,volume,2026-10-01,568.75,WeekdayAverage,458.75,678.75,361.5,776.0
Q-CL-ALS-04,volume,2026-10-02,536.25,WeekdayAverage,426.25,646.25,329.0,743.5
Q-CL-ALS-04,volume,2026-10-03,292.75,WeekdayAverage,182.75,402.75,85.5,500.0
Q-CL-ALS-04,volume,2026-10-04,204.25,WeekdayAverage,94.25,314.25,0.0,411.5
Q-CL-ALS-04,volume,2026-10-05,642.25,WeekdayAverage,532.25,752.25,435.0,849.5
Q-CL-ALS-04,volume,2026-10-06,717.0,WeekdayAverage,607.0,827.0,509.75,924.25
Q-CL-ALS-04,volume,2026-10-07,653.25,WeekdayAverage,571.5,735.0,427.0,879.5
Q-CL-ALS-04,volume,2026-10-08,568.75,WeekdayAverage,487.0,650.5,342.5,795.0
Q-CL-ALS-04,volume,2026-10-09,536.25,WeekdayAverage,454.5,618.0,310.0,762.5
Q-CL-ALS-04,volume,2026-10-10,292.75,WeekdayAverage,211.0,374.5,66.5,519.0
Q-CL-ALS-04,volume,2026-10-11,204.25,WeekdayAverage,122.5,286.0,0.0,430.5
Q-CL-ALS-04,volume,2026-10-12,642.25,WeekdayAverage,560.5,724.0,416.0,868.5
Q-CL-ALS-04,volume,2026-10-13,717.0,WeekdayAverage,635.25,798.75,490.75,943.25
Q-CL-ALS-05,volume,2026-09-23,761.720563048054,AutoETS,609.2644595552754,914.1766665408327,519.9246848142864,1003.5164412818217
Q-CL-ALS-05,volume,2026-09-24,750.2464215782,AutoETS,597.7903180854214,902.7025250709787,508.4505433444324,992.0422998119677
Q-CL-ALS-05,volume,2026-09-25,756.9836360615992,AutoETS,604.5275325688206,909.4397395543779,515.1877578278315,998.7795142953669
Q-CL-ALS-05,volume,2026-09-26,377.5490372297606,AutoETS,225.09293373698193,530.0051407225392,135.75315899599292,619.3449154635282
Q-CL-ALS-05,volume,2026-09-27,251.04574189407273,AutoETS,98.58963840129408,403.5018453868514,9.249863660305067,492.84162012784043
Q-CL-ALS-05,volume,2026-09-28,871.2638936195252,AutoETS,718.8077901267466,1023.7199971123039,629.4680153857576,1113.059771853293
Q-CL-ALS-05,volume,2026-09-29,797.8192924137433,AutoETS,645.3631889209646,950.2753959065219,556.0234141799756,1039.615170647511
Q-CL-ALS-05,volume,2026-09-30,761.720563048054,AutoETS,616.0392809720237,907.4018451240844,472.67804271791044,1050.7630833781977
Q-CL-ALS-05,volume,2026-10-01,750.2464215782,AutoETS,604.5651395021697,895.9277036542304,461.20390124805647,1039.2889419083435
Q-CL-ALS-05,volume,2026-10-02,756.9836360615992,AutoETS,611.3023539855689,902.6649181376296,467.9411157314556,1046.026156391743
Q-CL-ALS-05,volume,2026-10-03,377.5490372297606,AutoETS,231.86775515373023,523.230319305791,88.506516899617,666.5915575599042
Q-CL-ALS-05,volume,2026-10-04,251.04574189407273,AutoETS,105.36445981804238,396.7270239701031,0.0,540.0882622242164
Q-CL-ALS-05,volume,2026-10-05,871.2638936195252,AutoETS,725.5826115434949,1016.9451756955556,582.2213732893816,1160.3064139496687
Q-CL-ALS-05,volume,2026-10-06,797.8192924137433,AutoETS,652.1380103377129,943.5005744897736,508.77677208359967,1086.8618127438867
Q-CL-ALS-05,volume,2026-10-07,761.720563048054,AutoETS,614.6780427179104,908.7630833781976,445.5670302246857,1077.8740958714225
Q-CL-ALS-05,volume,2026-10-08,750.2464215782,AutoETS,603.2039012480565,897.2889419083436,434.09288875483173,1066.3999544015683
Q-CL-ALS-05,volume,2026-10-09,756.9836360615992,AutoETS,609.9411157314556,904.0261563917428,440.8301032382309,1073.1371688849677
Q-CL-ALS-05,volume,2026-10-10,377.5490372297606,AutoETS,230.506516899617,524.5915575599042,61.39550440639226,693.702570053129
Q-CL-ALS-05,volume,2026-10-11,251.04574189407273,AutoETS,104.00322156392915,398.08826222421635,0.0,567.1992747174411
Q-CL-ALS-05,volume,2026-10-12,871.2638936195252,AutoETS,724.2213732893816,1018.3064139496688,555.1103607961569,1187.4174264428934
Q-CL-ALS-05,volume,2026-10-13,797.8192924137433,AutoETS,650.7767720835997,944.8618127438868,481.66575959037493,1113.9728252371115
Q-CL-MCS-01,volume,2026-09-23,905.30210162966,AutoETS,736.3881481981864,1074.2160550611336,552.3665881474269,1258.237615111893
Q-CL-MCS-01,volume,2026-09-24,936.0842724707361,AutoETS,767.1703190392625,1104.9982259022097,583.148758988503,1289.0197859529692
Q-CL-MCS-01,volume,2026-09-25,855.2983602308042,AutoETS,686.3844067993306,1024.2123136622777,502.3628467485711,1208.2338737130372
Q-CL-MCS-01,volume,2026-09-26,398.5788567922505,AutoETS,229.66490336077692,567.4928102237241,45.64334331001743,751.5143702744836
Q-CL-MCS-01,volume,2026-09-27,310.1955311529027,AutoETS,141.28157772142907,479.1094845843763,0.0,663.1310446351358
Q-CL-MCS-01,volume,2026-09-28,1143.8523736281882,AutoETS,974.9384201967146,1312.7663270596618,790.9168601459551,1496.7878871104213
Q-CL-MCS-01,volume,2026-09-29,1064.8940140335578,AutoETS,895.9800606020842,1233.8079674650314,711.9585005513247,1417.829527515791
Q-CL-MCS-01,volume,2026-09-30,916.1646441582523,AutoETS,764.7466244118798,1067.5826639046247,556.4537381035681,1275.8755502129366
Q-CL-MCS-01,volume,2026-10-01,947.2969444279778,AutoETS,795.8789246816053,1098.7149641743504,587.5860383732936,1307.007850482662
Q-CL-MCS-01,volume,2026-10-02,865.5258554610901,AutoETS,714.1078357147177,1016.9438752074626,505.81494940640596,1225.2367615157743
Q-CL-MCS-01,volume,2026-10-03,403.33685910811914,AutoETS,251.91883936174668,554.7548788544916,43.625953053434955,763.0477651628033
Q-CL-MCS-01,volume,2026-10-04,313.89216075909945,AutoETS,162.474141012727,465.3101805054719,0.0,673.6030668137837
Q-CL-MCS-01,volume,2026-10-05,1157.4606037799515,AutoETS,1006.042584033579,1308.878623526324,797.7496977252673,1517.1715098346358
Q-CL-MCS-01,volume,2026-10-06,1077.5413942731072,AutoETS,926.1233745267348,1228.9594140194797,717.830488218423,1437.2523003277915
Q-CL-MCS-01,volume,2026-10-07,927.0271866868445,AutoETS,774.0414630911313,1080.0129102825576,629.4530516360373,1224.6013217376517
Q-CL-MCS-01,volume,2026-10-08,958.5096163852195,AutoETS,805.5238927895062,1111.4953399809328,660.9354813344123,1256.0837514360267
Q-CL-MCS-01,volume,2026-10-09,875.7533506913761,AutoETS,722.7676270956629,1028.7390742870894,578.1792156405689,1173.3274857421834
Q-CL-MCS-01,volume,2026-10-10,408.0948614239878,AutoETS,255.10913782827458,561.0805850197011,110.52072637318065,705.668996474795
Q-CL-MCS-01,volume,2026-10-11,317.5887903652963,AutoETS,164.60306676958305,470.57451396100953,20.01465531448912,615.1629254161035
Q-CL-MCS-01,volume,2026-10-12,1171.0688339317148,AutoETS,1018.0831103360016,1324.0545575274282,873.4946988809077,1468.642968982522
Q-CL-MCS-01,volume,2026-10-13,1090.188774512657,AutoETS,937.2030509169437,1243.1744981083702,792.6146394618497,1387.762909563464
Q-CL-MCS-02,volume,2026-09-23,732.2003990970552,AutoETS,597.6648052193436,866.7359929747668,452.56625034823503,1011.8345478458754
Q-CL-MCS-02,volume,2026-09-24,676.0460326384614,AutoETS,541.5104387607498,810.581626516173,396.4118838896412,955.6801813872816
Q-CL-MCS-02,volume,2026-09-25,698.5572504323123,AutoETS,564.0216565546008,833.0928443100239,418.9231016834922,978.1913991811325
Q-CL-MCS-02,volume,2026-09-26,339.16263561941787,AutoETS,204.6270417417063,473.69822949712943,59.5284868705977,618.796784368238
Q-CL-MCS-02,volume,2026-09-27,241.426553510624,AutoETS,106.89095963291243,375.96214738833555,0.0,521.0607022594442
Q-CL-MCS-02,volume,2026-09-28,853.5575660060153,AutoETS,719.0219721283038,988.0931598837269,573.9234172571952,1133.1917147548356
Q-CL-MCS-02,volume,2026-09-29,810.8199460294607,AutoETS,676.2843521517491,945.3555399071722,531.1857972806405,1090.4540947782807
Q-CL-MCS-02,volume,2026-09-30,732.2003990970552,AutoETS,617.9231727988474,846.477625395263,454.821849813461,1009.5789483806494
Q-CL-MCS-02,volume,2026-10-01,676.0460326384614,AutoETS,561.7688063402536,790.3232589366692,398.66748335486716,953.4245819220556
Q-CL-MCS-02,volume,2026-10-02,698.5572504323123,AutoETS,584.2800241341046,812.8344767305201,421.1787011487181,975.9357997159066
Q-CL-MCS-02,volume,2026-10-03,339.16263561941787,AutoETS,224.8854093212101,453.43986191762565,61.784086335823645,616.5411849030121
Q-CL-MCS-02,volume,2026-10-04,241.426553510624,AutoETS,127.14932721241621,355.70377980883177,0.0,518.8051027942182
Q-CL-MCS-02,volume,2026-10-05,853.5575660060153,AutoETS,739.2803397078076,967.8347923042231,576.1790167224211,1130.9361152896095
Q-CL-MCS-02,volume,2026-10-06,810.8199460294607,AutoETS,696.5427197312529,925.0971723276684,533.4413967458664,1088.198495313055
Q-CL-MCS-02,volume,2026-10-07,732.2003990970552,AutoETS,603.5888745489664,860.811923645144,451.80896288949737,1012.591835304613
Q-CL-MCS-02,volume,2026-10-08,676.0460326384614,AutoETS,547.4345080903726,804.6575571865502,395.65459643090355,956.4374688460192
Q-CL-MCS-02,volume,2026-10-09,698.5572504323123,AutoETS,569.9457258842235,827.1687749804012,418.1658142247545,978.9486866398702
Q-CL-MCS-02,volume,2026-10-10,339.16263561941787,AutoETS,210.55111107132905,467.7741601675067,58.77119941186004,619.5540718269757
Q-CL-MCS-02,volume,2026-10-11,241.426553510624,AutoETS,112.81502896253517,370.0380780587128,0.0,521.8179897181818
Q-CL-MCS-02,volume,2026-10-12,853.5575660060153,AutoETS,724.9460414579265,982.1690905541042,573.1661297984575,1133.9490022135733
Q-CL-MCS-02,volume,2026-10-13,810.8199460294607,AutoETS,682.2084214813718,939.4314705775495,530.4285098219028,1091.2113822370184
Q-CL-MCS-03,volume,2026-09-23,1121.2380461744453,AutoETS,893.9149357508846,1348.5611565980062,752.0456528847515,1490.4304394641392
Q-CL-MCS-03,volume,2026-09-24,1036.8769245445033,AutoETS,809.5538141209425,1264.2000349680638,667.6845312548094,1406.0693178341971
Q-CL-MCS-03,volume,2026-09-25,1007.8374689191663,AutoETS,780.5143584956056,1235.160579342727,638.6450756294724,1377.0298622088603
Q-CL-MCS-03,volume,2026-09-26,521.7211155756137,AutoETS,294.398005152053,749.0442259991744,152.5287222859198,890.9135088653076
Q-CL-MCS-03,volume,2026-09-27,340.10517073718756,AutoETS,112.78206031362686,567.4282811607483,0.0,709.2975640268814
Q-CL-MCS-03,volume,2026-09-28,1328.5492099117328,AutoETS,1101.2260994881722,1555.8723203352934,959.3568166220389,1697.7416032014266
Q-CL-MCS-03,volume,2026-09-29,1187.6562531228903,AutoETS,960.3331426993296,1414.9793635464512,818.4638598331965,1556.8486464125842
Q-CL-MCS-03,volume,2026-09-30,1121.2380461744453,AutoETS,890.6779284902457,1351.798163858645,762.985397023999,1479.4906953248917
Q-CL-MCS-03,volume,2026-10-01,1036.8769245445033,AutoETS,806.3168068603036,1267.437042228703,678.6242753940569,1395.1295736949496
Q-CL-MCS-03,volume,2026-10-02,1007.8374689191663,AutoETS,777.2773512349667,1238.397586603366,649.58481976872,1366.0901180696128
Q-CL-MCS-03,volume,2026-10-03,521.7211155756137,AutoETS,291.160997891414,752.2812332598133,163.46846642516732,879.97376472606
Q-CL-MCS-03,volume,2026-10-04,340.10517073718756,AutoETS,109.5450530529879,570.6652884213872,0.0,698.3578198876339
Q-CL-MCS-03,volume,2026-10-05,1328.5492099117328,AutoETS,1097.989092227533,1559.1093275959324,970.2965607612864,1686.8018590621791
Q-CL-MCS-03,volume,2026-10-06,1187.6562531228903,AutoETS,957.0961354386907,1418.21637080709,829.403603972444,1545.9089022733367
Q-CL-MCS-03,volume,2026-10-07,1121.2380461744453,AutoETS,879.8278623094925,1362.6482300393982,766.2803374587763,1476.1957548901144
Q-CL-MCS-03,volume,2026-10-08,1036.8769245445033,AutoETS,795.4667406795504,1278.287108409456,681.9192158288342,1391.8346332601723
Q-CL-MCS-03,volume,2026-10-09,1007.8374689191663,AutoETS,766.4272850542135,1249.247652784119,652.8797602034973,1362.7951776348355
Q-CL-MCS-03,volume,2026-10-10,521.7211155756137,AutoETS,280.31093171066084,763.1312994405665,166.76340685994467,876.6788242912827
Q-CL-MCS-03,volume,2026-10-11,340.10517073718756,AutoETS,98.69498687223472,581.5153546021404,0.0,695.0628794528566
Q-CL-MCS-03,volume,2026-10-12,1328.5492099117328,AutoETS,1087.13902604678,1569.9593937766856,973.5915011960637,1683.5069186274018
Q-CL-MCS-03,volume,2026-10-13,1187.6562531228903,AutoETS,946.2460692579375,1429.0664369878432,832.6985444072213,1542.6139618385594
Q-CL-MCS-04,volume,2026-09-23,714.6750828460524,AutoETS,578.7821699984495,850.5679956936553,407.9589429528195,1021.3912227392854
Q-CL-MCS-04,volume,2026-09-24,689.9074377423561,AutoETS,554.0145248947532,825.8003505899591,383.1912978491232,996.6235776355891
Q-CL-MCS-04,volume,2026-09-25,640.4779059850927,AutoETS,504.58499313748973,776.3708188326956,333.7617660918597,947.1940458783256
Q-CL-MCS-04,volume,2026-09-26,323.3152736068774,AutoETS,187.42236075927445,459.2081864544803,16.59913371364445,630.0314135001104
Q-CL-MCS-04,volume,2026-09-27,234.3192955369164,AutoETS,98.42638268931347,370.21220838451933,0.0,541.0354354301494
Q-CL-MCS-04,volume,2026-09-28,863.6039884742135,AutoETS,727.7110756266105,999.4969013218164,556.8878485809805,1170.3201283674464
Q-CL-MCS-04,volume,2026-09-29,766.1202228479583,AutoETS,630.2273100003554,902.0131356955612,459.40408295472537,1072.8363627411914
Q-CL-MCS-04,volume,2026-09-30,714.6750828460524,AutoETS,613.3716408557926,815.9785248363122,402.6063728586139,1026.743792833491
Q-CL-MCS-04,volume,2026-10-01,689.9074377423561,AutoETS,588.6039957520964,791.2108797326159,377.8387277549176,1001.9761477297947
Q-CL-MCS-04,volume,2026-10-02,640.4779059850927,AutoETS,539.1744639948329,741.7813479753524,328.40919599765414,952.5466159725312
Q-CL-MCS-04,volume,2026-10-03,323.3152736068774,AutoETS,222.0118316166176,424.61871559713717,11.24656361943886,635.3839835943159
Q-CL-MCS-04,volume,2026-10-04,234.3192955369164,AutoETS,133.01585354665661,335.6227375271762,0.0,546.3880055243549
Q-CL-MCS-04,volume,2026-10-05,863.6039884742135,AutoETS,762.3005464839537,964.9074304644732,551.5352784867749,1175.672698461652
Q-CL-MCS-04,volume,2026-10-06,766.1202228479583,AutoETS,664.8167808576985,867.4236648382181,454.0515128605198,1078.1889328353968
Q-CL-MCS-04,volume,2026-10-07,714.6750828460524,AutoETS,597.2480778574102,832.1020878346947,444.95914887049275,984.3910168216121
Q-CL-MCS-04,volume,2026-10-08,689.9074377423561,AutoETS,572.4804327537139,807.3344427309984,420.1915037667965,959.6233717179158
Q-CL-MCS-04,volume,2026-10-09,640.4779059850927,AutoETS,523.0509009964504,757.9049109737349,370.761972009533,910.1938399606523
Q-CL-MCS-04,volume,2026-10-10,323.3152736068774,AutoETS,205.88826861823514,440.7422785955196,53.59933963131772,593.031207582437
Q-CL-MCS-04,volume,2026-10-11,234.3192955369164,AutoETS,116.89229054827416,351.74630052555864,0.0,504.03522951247606
Q-CL-MCS-04,volume,2026-10-12,863.6039884742135,AutoETS,746.1769834855712,981.0309934628557,593.8880544986538,1133.319922449773
Q-CL-MCS-04,volume,2026-10-13,766.1202228479583,AutoETS,648.6932178593161,883.5472278366005,496.40428887239864,1035.836156823518
Q-CL-MCS-05,volume,2026-09-23,869.1159385278881,AutoETS,753.3142106741219,984.9176663816544,403.58783552637647,1334.6440415293998
Q-CL-MCS-05,volume,2026-09-24,821.4388149080955,AutoETS,705.6370870543293,937.2405427618618,355.91071190658386,1286.9669179096072
Q-CL-MCS-05,volume,2026-09-25,782.5305861103903,AutoETS,666.7288582566241,898.3323139641566,317.00248310887866,1248.058689111902
Q-CL-MCS-05,volume,2026-09-26,360.75382678606485,AutoETS,244.9520989322986,476.5555546398311,0.0,826.2819297875765
Q-CL-MCS-05,volume,2026-09-27,251.89313787844333,AutoETS,136.0914100246771,367.69486573220956,0.0,717.421240879955
Q-CL-MCS-05,volume,2026-09-28,1095.3928724904613,AutoETS,979.591144636695,1211.1946003442276,629.8647694889496,1560.920975491973
Q-CL-MCS-05,volume,2026-09-29,952.0719279205795,AutoETS,836.2702000668132,1067.8736557743457,486.5438249190678,1417.6000309220913
Q-CL-MCS-05,volume,2026-09-30,869.1159385278881,AutoETS,744.3779511188575,993.8539259369188,416.82236012078647,1321.4095169349898
Q-CL-MCS-05,volume,2026-10-01,821.4388149080955,AutoETS,696.7008274990649,946.1768023171262,369.14523650099386,1273.7323933151972
Q-CL-MCS-05,volume,2026-10-02,782.5305861103903,AutoETS,657.7925987013597,907.268573519421,330.23700770328867,1234.8241645174921
Q-CL-MCS-05,volume,2026-10-03,360.75382678606485,AutoETS,236.01583937703418,485.4918141950955,0.0,813.0474051931665
Q-CL-MCS-05,volume,2026-10-04,251.89313787844333,AutoETS,127.15515046941266,376.631125287474,0.0,704.186716285545
Q-CL-MCS-05,volume,2026-10-05,1095.3928724904613,AutoETS,970.6548850814306,1220.130859899492,643.0992940833596,1547.686450897563
Q-CL-MCS-05,volume,2026-10-06,952.0719279205795,AutoETS,827.3339405115488,1076.8099153296102,499.7783495134778,1404.365506327681
Q-CL-MCS-05,volume,2026-10-07,869.1159385278881,AutoETS,736.8539259369188,1001.3779511188575,451.2769136416264,1286.95496341415
Q-CL-MCS-05,volume,2026-10-08,821.4388149080955,AutoETS,689.1768023171262,953.7008274990649,403.59979002183377,1239.2778397943573
Q-CL-MCS-05,volume,2026-10-09,782.5305861103903,AutoETS,650.268573519421,914.7925987013597,364.6915612241286,1200.3696109966522
Q-CL-MCS-05,volume,2026-10-10,360.75382678606485,AutoETS,228.49181419509551,493.0158393770342,0.0,778.5928516723266
Q-CL-MCS-05,volume,2026-10-11,251.89313787844333,AutoETS,119.63112528747399,384.15515046941266,0.0,669.7321627647051
Q-CL-MCS-05,volume,2026-10-12,1095.3928724904613,AutoETS,963.130859899492,1227.6548850814306,677.5538476041995,1513.231897376723
Q-CL-MCS-05,volume,2026-10-13,952.0719279205795,AutoETS,819.8099153296101,1084.333940511549,534.2329030343177,1369.9109528068411
Q-CL-PAH-01,volume,2026-09-23,757.0356354116145,AutoETS,656.3380456340644,857.7332251891646,527.0336061970052,987.0376646262239
Q-CL-PAH-01,volume,2026-09-24,659.7149373012741,AutoETS,559.017347523724,760.4125270788242,429.7129080866647,889.7169665158834
Q-CL-PAH-01,volume,2026-09-25,643.3920105271338,AutoETS,542.6944207495837,744.0896003046839,413.38998131252447,873.3940397417432
Q-CL-PAH-01,volume,2026-09-26,325.8226962900384,AutoETS,225.1251065124883,426.5202860675885,95.82066707542901,555.8247255046477
Q-CL-PAH-01,volume,2026-09-27,223.63955115650356,AutoETS,122.94196137895347,324.33714093405365,0.0,453.6415803711129
Q-CL-PAH-01,volume,2026-09-28,822.6200731196182,AutoETS,721.9224833420681,923.3176628971682,592.6180439050088,1052.6221023342275
Q-CL-PAH-01,volume,2026-09-29,752.794242903028,AutoETS,652.0966531254779,853.4918326805781,522.7922136884187,982.7962721176374
Q-CL-PAH-01,volume,2026-09-30,757.0356354116145,AutoETS,646.6107936775526,867.4604771456765,535.4527969876481,978.618473835581
Q-CL-PAH-01,volume,2026-10-01,659.7149373012741,AutoETS,549.2900955672121,770.139779035336,438.1320988773076,881.2977757252405
Q-CL-PAH-01,volume,2026-10-02,643.3920105271338,AutoETS,532.9671687930719,753.8168522611958,421.8091721031674,864.9748489511003
Q-CL-PAH-01,volume,2026-10-03,325.8226962900384,AutoETS,215.39785455597644,436.2475380241003,104.23985786607193,547.4055347140048
Q-CL-PAH-01,volume,2026-10-04,223.63955115650356,AutoETS,113.21470942244162,334.0643928905655,2.0567127325371075,445.22238958047
Q-CL-PAH-01,volume,2026-10-05,822.6200731196182,AutoETS,712.1952313855562,933.0449148536801,601.0372346956517,1044.2029115435846
Q-CL-PAH-01,volume,2026-10-06,752.794242903028,AutoETS,642.3694011689661,863.21908463709,531.2114044790616,974.3770813269945
Q-CL-PAH-01,volume,2026-10-07,757.0356354116145,AutoETS,618.7920854161956,895.2791854070334,457.6457720398272,1056.425498783402
Q-CL-PAH-01,volume,2026-10-08,659.7149373012741,AutoETS,521.4713873058552,797.958487296693,360.32507392948673,959.1048006730614
Q-CL-PAH-01,volume,2026-10-09,643.3920105271338,AutoETS,505.14846053171493,781.6355605225527,344.0021471553465,942.7818738989212
Q-CL-PAH-01,volume,2026-10-10,325.8226962900384,AutoETS,187.57914629461948,464.0662462854573,26.43283291825105,625.2125596618257
Q-CL-PAH-01,volume,2026-10-11,223.63955115650356,AutoETS,85.39600116108465,361.88310115192246,0.0,523.0294145282909
Q-CL-PAH-01,volume,2026-10-12,822.6200731196182,AutoETS,684.3765231241993,960.8636231150371,523.2302097478308,1122.0099364914054
Q-CL-PAH-01,volume,2026-10-13,752.794242903028,AutoETS,614.5506929076091,891.0377928984469,453.4043795312407,1052.1841062748153
Q-CL-PAH-02,volume,2026-09-23,677.5102610105603,AutoETS,552.5934434211229,802.4270785999977,497.4855125154737,857.5350095056468
Q-CL-PAH-02,volume,2026-09-24,604.1319462677877,AutoETS,479.2151286783503,729.0487638572251,424.10719777270117,784.1566947628743
Q-CL-PAH-02,volume,2026-09-25,577.939249692154,AutoETS,453.0224321027166,702.8560672815914,397.91450119706747,757.9639981872406
Q-CL-PAH-02,volume,2026-09-26,283.1638386680032,AutoETS,158.2470210785658,408.08065625744064,103.13909017291667,463.1885871630898
Q-CL-PAH-02,volume,2026-09-27,187.24720316479466,AutoETS,62.33038557535724,312.16402075423207,7.2224546697081,367.2719516598812
Q-CL-PAH-02,volume,2026-09-28,692.4367766247299,AutoETS,567.5199590352925,817.3535942141673,512.4120281296433,872.4615251198164
Q-CL-PAH-02,volume,2026-09-29,634.380217325468,AutoETS,509.4633997360306,759.2970349149055,454.3554688303815,814.4049658205546
Q-CL-PAH-02,volume,2026-09-30,677.5102610105603,AutoETS,549.566875008258,805.4536470128626,484.21498254726623,870.8055394738543
Q-CL-PAH-02,volume,2026-10-01,604.1319462677877,AutoETS,476.1885602654854,732.07533227009,410.8366678044937,797.4272247310818
Q-CL-PAH-02,volume,2026-10-02,577.939249692154,AutoETS,449.9958636898517,705.8826356944563,384.64397122886,771.2345281554481
Q-CL-PAH-02,volume,2026-10-03,283.1638386680032,AutoETS,155.22045266570092,411.1072246703055,89.86856020470918,476.45911713129726
Q-CL-PAH-02,volume,2026-10-04,187.24720316479466,AutoETS,59.30381716249235,315.19058916709696,0.0,380.5424816280887
Q-CL-PAH-02,volume,2026-10-05,692.4367766247299,AutoETS,564.4933906224276,820.3801626270322,499.14149816143583,885.7320550880239
Q-CL-PAH-02,volume,2026-10-06,634.380217325468,AutoETS,506.43683132316573,762.3236033277703,441.084938862174,827.6754957887621
Q-CL-PAH-02,volume,2026-10-07,677.5102610105603,AutoETS,553.5019789910718,801.5185430300487,403.8532549974914,951.1672670236292
Q-CL-PAH-02,volume,2026-10-08,604.1319462677877,AutoETS,480.12366424829935,728.1402282872762,330.47494025471883,877.7889522808566
Q-CL-PAH-02,volume,2026-10-09,577.939249692154,AutoETS,453.93096767266564,701.9475317116423,304.2822436790851,851.5962557052229
Q-CL-PAH-02,volume,2026-10-10,283.1638386680032,AutoETS,159.15555664851485,407.1721206874916,9.506832654934328,556.8208446810721
Q-CL-PAH-02,volume,2026-10-11,187.24720316479466,AutoETS,63.23892114530628,311.25548518428303,0.0,460.90420917786355
Q-CL-PAH-02,volume,2026-10-12,692.4367766247299,AutoETS,568.4284946052414,816.4450586442183,418.779770611661,966.0937826377988
Q-CL-PAH-02,volume,2026-10-13,634.380217325468,AutoETS,510.37193530597966,758.3884993449565,360.72321131239914,908.0372233385369
Q-CL-PAH-03,volume,2026-09-23,744.75,WeekdayAverage,595.25,894.25,503.25,986.25
Q-CL-PAH-03,volume,2026-09-24,600.25,WeekdayAverage,450.75,749.75,358.75,841.75
Q-CL-PAH-03,volume,2026-09-25,570.25,WeekdayAverage,420.75,719.75,328.75,811.75
Q-CL-PAH-03,volume,2026-09-26,277.75,WeekdayAverage,128.25,427.25,36.25,519.25
Q-CL-PAH-03,volume,2026-09-27,185.25,WeekdayAverage,35.75,334.75,0.0,426.75
Q-CL-PAH-03,volume,2026-09-28,713.5,WeekdayAverage,564.0,863.0,472.0,955.0
Q-CL-PAH-03,volume,2026-09-29,713.75,WeekdayAverage,564.25,863.25,472.25,955.25
Q-CL-PAH-03,volume,2026-09-30,744.75,WeekdayAverage,595.75,893.75,552.5,937.0
Q-CL-PAH-03,volume,2026-10-01,600.25,WeekdayAverage,451.25,749.25,408.0,792.5
Q-CL-PAH-03,volume,2026-10-02,570.25,WeekdayAverage,421.25,719.25,378.0,762.5
Q-CL-PAH-03,volume,2026-10-03,277.75,WeekdayAverage,128.75,426.75,85.5,470.0
Q-CL-PAH-03,volume,2026-10-04,185.25,WeekdayAverage,36.25,334.25,0.0,377.5
Q-CL-PAH-03,volume,2026-10-05,713.5,WeekdayAverage,564.5,862.5,521.25,905.75
Q-CL-PAH-03,volume,2026-10-06,713.75,WeekdayAverage,564.75,862.75,521.5,906.0
Q-CL-PAH-03,volume,2026-10-07,744.75,WeekdayAverage,601.25,888.25,434.25,1055.25
Q-CL-PAH-03,volume,2026-10-08,600.25,WeekdayAverage,456.75,743.75,289.75,910.75
Q-CL-PAH-03,volume,2026-10-09,570.25,WeekdayAverage,426.75,713.75,259.75,880.75
Q-CL-PAH-03,volume,2026-10-10,277.75,WeekdayAverage,134.25,421.25,0.0,588.25
Q-CL-PAH-03,volume,2026-10-11,185.25,WeekdayAverage,41.75,328.75,0.0,495.75
Q-CL-PAH-03,volume,2026-10-12,713.5,WeekdayAverage,570.0,857.0,403.0,1024.0
Q-CL-PAH-03,volume,2026-10-13,713.75,WeekdayAverage,570.25,857.25,403.25,1024.25
Q-CL-PAH-04,volume,2026-09-23,832.7195933324404,AutoETS,681.9479193413812,983.4912673234995,615.784022077078,1049.6551645878026
Q-CL-PAH-04,volume,2026-09-24,734.4927643923037,AutoETS,583.7210904012445,885.2644383833629,517.5571931369414,951.428335647666
Q-CL-PAH-04,volume,2026-09-25,701.0031062510724,AutoETS,550.2314322600132,851.7747802421316,484.06753499571005,917.9386775064347
Q-CL-PAH-04,volume,2026-09-26,352.19968824775714,AutoETS,201.42801425669796,502.9713622388163,135.2641169923948,569.1352595031194
Q-CL-PAH-04,volume,2026-09-27,237.93446565086904,AutoETS,87.16279165980987,388.7061396419282,20.99889439550671,454.87003690623135
Q-CL-PAH-04,volume,2026-09-28,913.472469543319,AutoETS,762.7007955522598,1064.244143534378,696.5368982879567,1130.4080407986812
Q-CL-PAH-04,volume,2026-09-29,805.3411071965878,AutoETS,654.5694332055286,956.112781187647,588.4055359412255,1022.2766784519501
Q-CL-PAH-04,volume,2026-09-30,832.7195933324404,AutoETS,663.2713727347294,1002.1678139301513,613.1020354428223,1052.3371512220583
Q-CL-PAH-04,volume,2026-10-01,734.4927643923037,AutoETS,565.0445437945928,903.9409849900146,514.8752065026856,954.1103222819218
Q-CL-PAH-04,volume,2026-10-02,701.0031062510724,AutoETS,531.5548856533615,870.4513268487833,481.3855483614543,920.6206641406905
Q-CL-PAH-04,volume,2026-10-03,352.19968824775714,AutoETS,182.7514676500462,521.647908845468,132.58213035813907,571.8172461373752
Q-CL-PAH-04,volume,2026-10-04,237.93446565086904,AutoETS,68.48624505315811,407.38268624857994,18.316907761250974,457.5520235404871
Q-CL-PAH-04,volume,2026-10-05,913.472469543319,AutoETS,744.0242489456081,1082.9206901410298,693.8549116537009,1133.090027432937
Q-CL-PAH-04,volume,2026-10-06,805.3411071965878,AutoETS,635.8928865988769,974.7893277942987,585.7235493069697,1024.9586650862059
Q-CL-PAH-04,volume,2026-10-07,832.7195933324404,AutoETS,670.3528210167033,995.0863656481774,332.9737143498445,1332.465472315036
Q-CL-PAH-04,volume,2026-10-08,734.4927643923037,AutoETS,572.1259920765666,896.8595367080408,234.74688540970783,1234.2386433748995
Q-CL-PAH-04,volume,2026-10-09,701.0031062510724,AutoETS,538.6363339353353,863.3698785668095,201.25722726847653,1200.7489852336682
Q-CL-PAH-04,volume,2026-10-10,352.19968824775714,AutoETS,189.83291593202006,514.5664605634943,0.0,851.9455672303529
Q-CL-PAH-04,volume,2026-10-11,237.93446565086904,AutoETS,75.56769333513196,400.3012379666061,0.0,737.6803446334649
Q-CL-PAH-04,volume,2026-10-12,913.472469543319,AutoETS,751.1056972275819,1075.839241859056,413.72659056072314,1413.2183485259147
Q-CL-PAH-04,volume,2026-10-13,805.3411071965878,AutoETS,642.9743348808507,967.7078795123249,305.59522821399196,1305.0869861791837
Q-CL-PAH-05,volume,2026-09-23,992.2373974685115,AutoETS,821.3149709527538,1163.1598239842692,719.9920193298367,1264.4827756071863
Q-CL-PAH-05,volume,2026-09-24,913.2350155498046,AutoETS,742.3125890340469,1084.1574420655625,640.9896374111298,1185.4803936884796
Q-CL-PAH-05,volume,2026-09-25,896.7898752769894,AutoETS,725.8674487612317,1067.712301792747,624.5444971383146,1169.035253415664
Q-CL-PAH-05,volume,2026-09-26,423.79103919237787,AutoETS,252.86861267662016,594.7134657081356,151.54566105370304,696.0364173310527
Q-CL-PAH-05,volume,2026-09-27,292.5449749540791,AutoETS,121.62254843832142,463.46740146983683,20.2995968154043,564.790353092754
Q-CL-PAH-05,volume,2026-09-28,1113.0117463994125,AutoETS,942.0893198836548,1283.9341729151702,840.7663682607376,1385.2571245380873
Q-CL-PAH-05,volume,2026-09-29,1026.2760550478938,AutoETS,855.3536285321361,1197.1984815636515,754.030676909219,1298.5214331865686
Q-CL-PAH-05,volume,2026-09-30,1027.5330859109604,AutoETS,833.5608419860534,1221.5053298358673,758.8914985891629,1296.1746732327579
Q-CL-PAH-05,volume,2026-10-01,945.5561994320104,AutoETS,751.5839555071035,1139.5284433569173,676.9146121102129,1214.197786753808
Q-CL-PAH-05,volume,2026-10-02,928.3693675254162,AutoETS,734.3971236005093,1122.3416114503232,659.7277802036187,1197.0109548472137
Q-CL-PAH-05,volume,2026-10-03,438.639688425487,AutoETS,244.66744450058007,632.611932350394,169.99810110368952,707.2812757472846
Q-CL-PAH-05,volume,2026-10-04,302.7440182196698,AutoETS,108.77177429476285,496.7162621445767,34.102430897872296,571.3856055414673
Q-CL-PAH-05,volume,2026-10-05,1151.622557499459,AutoETS,957.650313574552,1345.5948014243659,882.9809701776614,1420.2641448212564
Q-CL-PAH-05,volume,2026-10-06,1061.7024063766144,AutoETS,867.7301624517074,1255.6746503015213,793.0608190548169,1330.3439936984119
Q-CL-PAH-05,volume,2026-10-07,1062.8287743534092,AutoETS,860.4399646020056,1265.2175841048129,726.0692348478267,1399.5883138589918
Q-CL-PAH-05,volume,2026-10-08,977.8773833142163,AutoETS,775.4885735628127,1180.26619306562,641.1178438086338,1314.6369228197989
Q-CL-PAH-05,volume,2026-10-09,959.9488597738429,AutoETS,757.5600500224392,1162.3376695252464,623.1893202682603,1296.7083992794255
Q-CL-PAH-05,volume,2026-10-10,453.4883376585962,AutoETS,251.09952790719257,655.8771474099999,116.72879815301366,790.2478771641788
Q-CL-PAH-05,volume,2026-10-11,312.9430614852604,AutoETS,110.55425173385674,515.331871236664,0.0,649.7026009908429
Q-CL-PAH-05,volume,2026-10-12,1190.2333685995054,AutoETS,987.8445588481018,1392.622178350909,853.4738290939229,1526.992908105088
Q-CL-PAH-05,volume,2026-10-13,1097.128757705335,AutoETS,894.7399479539313,1299.5175674567386,760.3692181997524,1433.8882972109175
Q-CB-CAP-01,aht,2026-09-23,294.97244019217425,WeekdayAverage,273.3675702918876,316.5773100924609,257.2850584168705,332.65982196747797
Q-CB-CAP-01,aht,2026-09-24,309.11123113284384,WeekdayAverage,287.5063612325572,330.7161010331305,271.4238493575401,346.79861290814756
Q-CB-CAP-01,aht,2026-09-25,295.6909456211406,WeekdayAverage,274.08607572085396,317.29581552142724,258.0035638458369,333.3783273964443
Q-CB-CAP-01,aht,2026-09-26,297.4829328217321,WeekdayAverage,275.87806292144546,319.08780272201875,259.7955510464284,335.1703145970358
Q-CB-CAP-01,aht,2026-09-27,299.2702157469596,WeekdayAverage,277.66534584667295,320.87508564724624,261.5828339716559,336.9575975222633
Q-CB-CAP-01,aht,2026-09-28,300.6171112021917,WeekdayAverage,279.0122413019051,322.22198110247837,262.929729426888,338.30449297749544
Q-CB-CAP-01,aht,2026-09-29,305.5182520070816,WeekdayAverage,283.913382106795,327.1231219073683,267.8308702317779,343.20563378238535
Q-CB-CAP-01,aht,2026-09-30,294.97244019217425,WeekdayAverage,273.13202055192426,316.81285983242424,259.754182580551,330.1906978037975
Q-CB-CAP-01,aht,2026-10-01,309.11123113284384,WeekdayAverage,287.27081149259385,330.95165077309383,273.8929735212206,344.3294887444671
Q-CB-CAP-01,aht,2026-10-02,295.6909456211406,WeekdayAverage,273.8505259808906,317.5313652613906,260.47268800951736,330.90920323276384
Q-CB-CAP-01,aht,2026-10-03,297.4829328217321,WeekdayAverage,275.6425131814821,319.3233524619821,262.26467521010886,332.70119043335535
Q-CB-CAP-01,aht,2026-10-04,299.2702157469596,WeekdayAverage,277.4297961067096,321.1106353872096,264.05195813533635,334.48847335858284
Q-CB-CAP-01,aht,2026-10-05,300.6171112021917,WeekdayAverage,278.77669156194173,322.4575308424417,265.3988535905685,335.83536881381497
Q-CB-CAP-01,aht,2026-10-06,305.5182520070816,WeekdayAverage,283.67783236683164,327.3586716473316,270.2999943954584,340.7365096187049
Q-CB-CAP-01,aht,2026-10-07,294.97244019217425,WeekdayAverage,269.72539359687534,320.21948678747316,262.9080962720947,327.03678411225377
Q-CB-CAP-01,aht,2026-10-08,309.11123113284384,WeekdayAverage,283.86418453754493,334.35827772814275,277.0468872127643,341.17557505292336
Q-CB-CAP-01,aht,2026-10-09,295.6909456211406,WeekdayAverage,270.4438990258417,320.9379922164395,263.6266017010611,327.7552895412201
Q-CB-CAP-01,aht,2026-10-10,297.4829328217321,WeekdayAverage,272.2358862264332,322.729979417031,265.4185889016526,329.54727674181163
Q-CB-CAP-01,aht,2026-10-11,299.2702157469596,WeekdayAverage,274.0231691516607,324.5172623422585,267.20587182688007,331.3345596670391
Q-CB-CAP-01,aht,2026-10-12,300.6171112021917,WeekdayAverage,275.3700646068928,325.86415779749063,268.5527672821122,332.68145512227125
Q-CB-CAP-01,aht,2026-10-13,305.5182520070816,WeekdayAverage,280.2712054117827,330.76529860238054,273.4539080870021,337.58259592716115
Q-CB-CAP-02,aht,2026-09-23,395.595018735796,AutoETS,367.599203330674,423.59083414091793,351.8994707456569,439.29056672593504
Q-CB-CAP-02,aht,2026-09-24,395.595018735796,AutoETS,367.599203330674,423.59083414091793,351.8994707456569,439.29056672593504
Q-CB-CAP-02,aht,2026-09-25,395.595018735796,AutoETS,367.599203330674,423.59083414091793,351.8994707456569,439.29056672593504
Q-CB-CAP-02,aht,2026-09-26,395.595018735796,AutoETS,367.599203330674,423.59083414091793,351.8994707456569,439.29056672593504
Q-CB-CAP-02,aht,2026-09-27,395.595018735796,AutoETS,367.599203330674,423.59083414091793,351.8994707456569,439.29056672593504
Q-CB-CAP-02,aht,2026-09-28,395.595018735796,AutoETS,367.599203330674,423.59083414091793,351.8994707456569,439.29056672593504
Q-CB-CAP-02,aht,2026-09-29,395.595018735796,AutoETS,367.599203330674,423.59083414091793,351.8994707456569,439.29056672593504
Q-CB-CAP-02,aht,2026-09-30,395.595018735796,AutoETS,370.22147132174024,420.9685661498517,353.8048910443212,437.38514642727074
Q-CB-CAP-02,aht,2026-10-01,395.595018735796,AutoETS,370.22147132174024,420.9685661498517,353.8048910443212,437.38514642727074
Q-CB-CAP-02,aht,2026-10-02,395.595018735796,AutoETS,370.22147132174024,420.9685661498517,353.8048910443212,437.38514642727074
Q-CB-CAP-02,aht,2026-10-03,395.595018735796,AutoETS,370.22147132174024,420.9685661498517,353.8048910443212,437.38514642727074
Q-CB-CAP-02,aht,2026-10-04,395.595018735796,AutoETS,370.22147132174024,420.9685661498517,353.8048910443212,437.38514642727074
Q-CB-CAP-02,aht,2026-10-05,395.595018735796,AutoETS,370.22147132174024,420.9685661498517,353.8048910443212,437.38514642727074
Q-CB-CAP-02,aht,2026-10-06,395.595018735796,AutoETS,370.22147132174024,420.9685661498517,353.8048910443212,437.38514642727074
Q-CB-CAP-02,aht,2026-10-07,395.595018735796,AutoETS,365.6356301514219,425.55440732017007,356.16468602106187,435.0253514505301
Q-CB-CAP-02,aht,2026-10-08,395.595018735796,AutoETS,365.6356301514219,425.55440732017007,356.16468602106187,435.0253514505301
Q-CB-CAP-02,aht,2026-10-09,395.595018735796,AutoETS,365.6356301514219,425.55440732017007,356.16468602106187,435.0253514505301
Q-CB-CAP-02,aht,2026-10-10,395.595018735796,AutoETS,365.6356301514219,425.55440732017007,356.16468602106187,435.0253514505301
Q-CB-CAP-02,aht,2026-10-11,395.595018735796,AutoETS,365.6356301514219,425.55440732017007,356.16468602106187,435.0253514505301
Q-CB-CAP-02,aht,2026-10-12,395.595018735796,AutoETS,365.6356301514219,425.55440732017007,356.16468602106187,435.0253514505301
Q-CB-CAP-02,aht,2026-10-13,395.595018735796,AutoETS,365.6356301514219,425.55440732017007,356.16468602106187,435.0253514505301
Q-CB-CAP-03,aht,2026-09-23,368.87888257685654,WeekdayAverage,340.8766832221864,396.8810819315267,323.19665356717394,414.56111158653914
Q-CB-CAP-03,aht,2026-09-24,355.88974945449246,WeekdayAverage,327.8875500998223,383.8919488091626,310.20752044480986,401.57197846417506
Q-CB-CAP-03,aht,2026-09-25,357.8611536935787,WeekdayAverage,329.8589543389085,385.8633530482488,312.17892468389607,403.5433827032613
Q-CB-CAP-03,aht,2026-09-26,362.73152999220974,WeekdayAverage,334.7293306375396,390.7337293468799,317.04930098252714,408.41375900189234
Q-CB-CAP-03,aht,2026-09-27,353.1190666137178,WeekdayAverage,325.11686725904764,381.12126596838795,307.4368376040352,398.8012956234004
Q-CB-CAP-03,aht,2026-09-28,363.1019109400239,WeekdayAverage,335.09971158535376,391.10411029469407,317.4196819303413,408.7841399497065
Q-CB-CAP-03,aht,2026-09-29,370.76640889648286,WeekdayAverage,342.7642095418127,398.768608251153,325.08417988680026,416.44863790616546
Q-CB-CAP-03,aht,2026-09-30,368.87888257685654,WeekdayAverage,341.0867910180393,396.67097413567376,321.737792053802,416.01997309991106
Q-CB-CAP-03,aht,2026-10-01,355.88974945449246,WeekdayAverage,328.09765789567524,383.6818410133097,308.74865893143794,403.030839977547
Q-CB-CAP-03,aht,2026-10-02,357.8611536935787,WeekdayAverage,330.06906213476145,385.6532452523959,310.72006317052416,405.0022442166332
Q-CB-CAP-03,aht,2026-10-03,362.73152999220974,WeekdayAverage,334.9394384333925,390.52362155102696,315.5904394691552,409.87262051526426
Q-CB-CAP-03,aht,2026-10-04,353.1190666137178,WeekdayAverage,325.3269750549006,380.911158172535,305.9779760906633,400.2601571367723
Q-CB-CAP-03,aht,2026-10-05,363.1019109400239,WeekdayAverage,335.3098193812067,390.89400249884113,315.9608204169694,410.24300146307843
Q-CB-CAP-03,aht,2026-10-06,370.76640889648286,WeekdayAverage,342.97431733766564,398.5585004553001,323.62531837342834,417.9074994195374
Q-CB-CAP-03,aht,2026-10-07,368.87888257685654,WeekdayAverage,342.12139009317247,395.6363750605406,320.7016239484707,417.0561412052424
Q-CB-CAP-03,aht,2026-10-08,355.88974945449246,WeekdayAverage,329.1322569708084,382.64724193817653,307.7124908261066,404.0670080828783
Q-CB-CAP-03,aht,2026-10-09,357.8611536935787,WeekdayAverage,331.1036612098946,384.61864617726275,309.6838950651928,406.03841232196453
Q-CB-CAP-03,aht,2026-10-10,362.73152999220974,WeekdayAverage,335.97403750852567,389.4890224758938,314.5542713638239,410.9087886205956
Q-CB-CAP-03,aht,2026-10-11,353.1190666137178,WeekdayAverage,326.3615741300337,379.87655909740187,304.94180798533193,401.29632524210365
Q-CB-CAP-03,aht,2026-10-12,363.1019109400239,WeekdayAverage,336.34441845633984,389.859403423708,314.92465231163806,411.27916956840977
Q-CB-CAP-03,aht,2026-10-13,370.76640889648286,WeekdayAverage,344.0089164127988,397.52390138016693,322.589150268097,418.9436675248687
Q-CB-CAP-04,aht,2026-09-23,422.70869973722034,AutoETS,385.5402193675397,459.877180106901,374.8451575977776,470.5722418766631
Q-CB-CAP-04,aht,2026-09-24,422.70869973722034,AutoETS,385.5402193675397,459.877180106901,374.8451575977776,470.5722418766631
Q-CB-CAP-04,aht,2026-09-25,422.70869973722034,AutoETS,385.5402193675397,459.877180106901,374.8451575977776,470.5722418766631
Q-CB-CAP-04,aht,2026-09-26,422.70869973722034,AutoETS,385.5402193675397,459.877180106901,374.8451575977776,470.5722418766631
Q-CB-CAP-04,aht,2026-09-27,422.70869973722034,AutoETS,385.5402193675397,459.877180106901,374.8451575977776,470.5722418766631
Q-CB-CAP-04,aht,2026-09-28,422.70869973722034,AutoETS,385.5402193675397,459.877180106901,374.8451575977776,470.5722418766631
Q-CB-CAP-04,aht,2026-09-29,422.70869973722034,AutoETS,385.5402193675397,459.877180106901,374.8451575977776,470.5722418766631
Q-CB-CAP-04,aht,2026-09-30,422.70869973722034,AutoETS,389.5974243501843,455.81997512425636,375.4504904702903,469.9669090041504
Q-CB-CAP-04,aht,2026-10-01,422.70869973722034,AutoETS,389.5974243501843,455.81997512425636,375.4504904702903,469.9669090041504
Q-CB-CAP-04,aht,2026-10-02,422.70869973722034,AutoETS,389.5974243501843,455.81997512425636,375.4504904702903,469.9669090041504
Q-CB-CAP-04,aht,2026-10-03,422.70869973722034,AutoETS,389.5974243501843,455.81997512425636,375.4504904702903,469.9669090041504
Q-CB-CAP-04,aht,2026-10-04,422.70869973722034,AutoETS,389.5974243501843,455.81997512425636,375.4504904702903,469.9669090041504
Q-CB-CAP-04,aht,2026-10-05,422.70869973722034,AutoETS,389.5974243501843,455.81997512425636,375.4504904702903,469.9669090041504
Q-CB-CAP-04,aht,2026-10-06,422.70869973722034,AutoETS,389.5974243501843,455.81997512425636,375.4504904702903,469.9669090041504
Q-CB-CAP-04,aht,2026-10-07,422.70869973722034,AutoETS,387.2512420462073,458.16615742823336,377.99367389981984,467.42372557462085
Q-CB-CAP-04,aht,2026-10-08,422.70869973722034,AutoETS,387.2512420462073,458.16615742823336,377.99367389981984,467.42372557462085
Q-CB-CAP-04,aht,2026-10-09,422.70869973722034,AutoETS,387.2512420462073,458.16615742823336,377.99367389981984,467.42372557462085
Q-CB-CAP-04,aht,2026-10-10,422.70869973722034,AutoETS,387.2512420462073,458.16615742823336,377.99367389981984,467.42372557462085
Q-CB-CAP-04,aht,2026-10-11,422.70869973722034,AutoETS,387.2512420462073,458.16615742823336,377.99367389981984,467.42372557462085
Q-CB-CAP-04,aht,2026-10-12,422.70869973722034,AutoETS,387.2512420462073,458.16615742823336,377.99367389981984,467.42372557462085
Q-CB-CAP-04,aht,2026-10-13,422.70869973722034,AutoETS,387.2512420462073,458.16615742823336,377.99367389981984,467.42372557462085
Q-CB-CAP-05,aht,2026-09-23,594.0173948207472,AutoETS,548.0631335913167,639.9716560501777,535.1294899493441,652.9052996921503
Q-CB-CAP-05,aht,2026-09-24,594.0173948207472,AutoETS,548.0631335913167,639.9716560501777,535.1294899493441,652.9052996921503
Q-CB-CAP-05,aht,2026-09-25,594.0173948207472,AutoETS,548.0631335913167,639.9716560501777,535.1294899493441,652.9052996921503
Q-CB-CAP-05,aht,2026-09-26,594.0173948207472,AutoETS,548.0631335913167,639.9716560501777,535.1294899493441,652.9052996921503
Q-CB-CAP-05,aht,2026-09-27,594.0173948207472,AutoETS,548.0631335913167,639.9716560501777,535.1294899493441,652.9052996921503
Q-CB-CAP-05,aht,2026-09-28,594.0173948207472,AutoETS,548.0631335913167,639.9716560501777,535.1294899493441,652.9052996921503
Q-CB-CAP-05,aht,2026-09-29,594.0173948207472,AutoETS,548.0631335913167,639.9716560501777,535.1294899493441,652.9052996921503
Q-CB-CAP-05,aht,2026-09-30,594.0173948207472,AutoETS,563.1252270481718,624.9095625933226,521.9446253772203,666.0901642642741
Q-CB-CAP-05,aht,2026-10-01,594.0173948207472,AutoETS,563.1252270481718,624.9095625933226,521.9446253772203,666.0901642642741
Q-CB-CAP-05,aht,2026-10-02,594.0173948207472,AutoETS,563.1252270481718,624.9095625933226,521.9446253772203,666.0901642642741
Q-CB-CAP-05,aht,2026-10-03,594.0173948207472,AutoETS,563.1252270481718,624.9095625933226,521.9446253772203,666.0901642642741
Q-CB-CAP-05,aht,2026-10-04,594.0173948207472,AutoETS,563.1252270481718,624.9095625933226,521.9446253772203,666.0901642642741
Q-CB-CAP-05,aht,2026-10-05,594.0173948207472,AutoETS,563.1252270481718,624.9095625933226,521.9446253772203,666.0901642642741
Q-CB-CAP-05,aht,2026-10-06,594.0173948207472,AutoETS,563.1252270481718,624.9095625933226,521.9446253772203,666.0901642642741
Q-CB-CAP-05,aht,2026-10-07,594.0173948207472,AutoETS,550.0318944890191,638.0028951524753,529.8559592467811,658.1788303947133
Q-CB-CAP-05,aht,2026-10-08,594.0173948207472,AutoETS,550.0318944890191,638.0028951524753,529.8559592467811,658.1788303947133
Q-CB-CAP-05,aht,2026-10-09,594.0173948207472,AutoETS,550.0318944890191,638.0028951524753,529.8559592467811,658.1788303947133
Q-CB-CAP-05,aht,2026-10-10,594.0173948207472,AutoETS,550.0318944890191,638.0028951524753,529.8559592467811,658.1788303947133
Q-CB-CAP-05,aht,2026-10-11,594.0173948207472,AutoETS,550.0318944890191,638.0028951524753,529.8559592467811,658.1788303947133
Q-CB-CAP-05,aht,2026-10-12,594.0173948207472,AutoETS,550.0318944890191,638.0028951524753,529.8559592467811,658.1788303947133
Q-CB-CAP-05,aht,2026-10-13,594.0173948207472,AutoETS,550.0318944890191,638.0028951524753,529.8559592467811,658.1788303947133
Q-CB-DAS-01,aht,2026-09-23,335.46627544213095,WeekdayAverage,313.9165972812629,357.015953602999,303.8691325785638,367.0634183056981
Q-CB-DAS-01,aht,2026-09-24,331.6893481593882,WeekdayAverage,310.13966999852016,353.23902632025624,300.09220529582103,363.2864910229554
Q-CB-DAS-01,aht,2026-09-25,336.020566434455,WeekdayAverage,314.470888273587,357.57024459532306,304.42342357088785,367.6177092980222
Q-CB-DAS-01,aht,2026-09-26,336.26852496470826,WeekdayAverage,314.7188468038402,357.8182031255763,304.6713821011411,367.86566782827543
Q-CB-DAS-01,aht,2026-09-27,326.16871795825193,WeekdayAverage,304.6190397973839,347.71839611912,294.57157509468476,357.7658608218191
Q-CB-DAS-01,aht,2026-09-28,330.55890677462327,WeekdayAverage,309.0092286137552,352.1085849354913,298.9617639110561,362.15604963819044
Q-CB-DAS-01,aht,2026-09-29,326.06238534508816,WeekdayAverage,304.5127071842201,347.6120635059562,294.465242481521,357.65952820865533
Q-CB-DAS-01,aht,2026-09-30,335.46627544213095,WeekdayAverage,314.3909256662042,356.5416252180577,309.29378586564934,361.63876501861256
Q-CB-DAS-01,aht,2026-10-01,331.6893481593882,WeekdayAverage,310.6139983834615,352.7646979353149,305.5168585829066,357.8618377358698
Q-CB-DAS-01,aht,2026-10-02,336.020566434455,WeekdayAverage,314.9452166585283,357.09591621038174,309.8480768579734,362.19305601093663
Q-CB-DAS-01,aht,2026-10-03,336.26852496470826,WeekdayAverage,315.19317518878154,357.343874740635,310.09603538822665,362.4410145411899
Q-CB-DAS-01,aht,2026-10-04,326.16871795825193,WeekdayAverage,305.0933681823252,347.24406773417866,299.9962283817703,352.34120753473354
Q-CB-DAS-01,aht,2026-10-05,330.55890677462327,WeekdayAverage,309.48355699869654,351.63425655055,304.38641719814166,356.7313963511049
Q-CB-DAS-01,aht,2026-10-06,326.06238534508816,WeekdayAverage,304.98703556916143,347.1377351210149,299.88989576860655,352.23487492156977
Q-CB-DAS-01,aht,2026-10-07,335.46627544213095,WeekdayAverage,313.86492704405225,357.06762384020965,306.1213113421343,364.8112395421276
Q-CB-DAS-01,aht,2026-10-08,331.6893481593882,WeekdayAverage,310.0879997613095,353.2906965574669,302.34438405939153,361.0343122593849
Q-CB-DAS-01,aht,2026-10-09,336.020566434455,WeekdayAverage,314.4192180363763,357.6219148325337,306.67560233445835,365.3655305344517
Q-CB-DAS-01,aht,2026-10-10,336.26852496470826,WeekdayAverage,314.66717656662956,357.86987336278696,306.9235608647116,365.61348906470494
Q-CB-DAS-01,aht,2026-10-11,326.16871795825193,WeekdayAverage,304.56736956017323,347.77006635633063,296.82375385825526,355.5136820582486
Q-CB-DAS-01,aht,2026-10-12,330.55890677462327,WeekdayAverage,308.95755837654457,352.16025517270197,301.2139426746266,359.90387087461994
Q-CB-DAS-01,aht,2026-10-13,326.06238534508816,WeekdayAverage,304.46103694700946,347.66373374316686,296.7174212450915,355.40734944508483
Q-CB-DAS-02,aht,2026-09-23,362.41802513312336,WeekdayAverage,331.3810113062849,393.4550389599618,322.830867529496,402.0051827367507
Q-CB-DAS-02,aht,2026-09-24,364.75755430781345,WeekdayAverage,333.720540480975,395.7945681346519,325.1703967041861,404.3447119114408
Q-CB-DAS-02,aht,2026-09-25,371.071093108383,WeekdayAverage,340.03407928154456,402.1081069352215,331.48393550475566,410.6582507120104
Q-CB-DAS-02,aht,2026-09-26,361.62363217312094,WeekdayAverage,330.5866183462825,392.6606459999594,322.0364745694936,401.2107897767483
Q-CB-DAS-02,aht,2026-09-27,360.34378857853727,WeekdayAverage,329.3067747516988,391.38080240537573,320.7566309749099,399.93094618216463
Q-CB-DAS-02,aht,2026-09-28,373.83603836954705,WeekdayAverage,342.7990245427086,404.8730521963855,334.2488807659197,413.4231959731744
Q-CB-DAS-02,aht,2026-09-29,370.5317096900569,WeekdayAverage,339.49469586321845,401.5687235168954,330.94455208642955,410.1188672936843
Q-CB-DAS-02,aht,2026-09-30,362.41802513312336,WeekdayAverage,334.64830411612917,390.18774615011756,321.7129731640279,403.1230771022188
Q-CB-DAS-02,aht,2026-10-01,364.75755430781345,WeekdayAverage,336.98783329081925,392.52727532480765,324.052502338718,405.4626062769089
Q-CB-DAS-02,aht,2026-10-02,371.071093108383,WeekdayAverage,343.3013720913888,398.8408141253772,330.3660411392876,411.7761450774785
Q-CB-DAS-02,aht,2026-10-03,361.62363217312094,WeekdayAverage,333.85391115612674,389.39335319011514,320.9185802040255,402.3286841422164
Q-CB-DAS-02,aht,2026-10-04,360.34378857853727,WeekdayAverage,332.5740675615431,388.11350959553147,319.6387366094418,401.0488405476327
Q-CB-DAS-02,aht,2026-10-05,373.83603836954705,WeekdayAverage,346.06631735255286,401.60575938654125,333.1309864004516,414.5410903386425
Q-CB-DAS-02,aht,2026-10-06,370.5317096900569,WeekdayAverage,342.7619886730627,398.3014307070511,329.82665772096146,411.23676165915236
Q-CB-DAS-02,aht,2026-10-07,362.41802513312336,WeekdayAverage,334.707794118309,390.12825614793775,326.2603002609169,398.57575000532984
Q-CB-DAS-02,aht,2026-10-08,364.75755430781345,WeekdayAverage,337.04732329299907,392.46778532262783,328.599829435607,400.9152791800199
Q-CB-DAS-02,aht,2026-10-09,371.071093108383,WeekdayAverage,343.36086209356864,398.7813241231974,334.91336823617655,407.2288179805895
Q-CB-DAS-02,aht,2026-10-10,361.62363217312094,WeekdayAverage,333.91340115830656,389.3338631879353,325.46590730091447,397.7813570453274
Q-CB-DAS-02,aht,2026-10-11,360.34378857853727,WeekdayAverage,332.6335575637229,388.05401959335165,324.1860637063308,396.50151345074374
Q-CB-DAS-02,aht,2026-10-12,373.83603836954705,WeekdayAverage,346.1258073547327,401.54626938436144,337.6783134973406,409.9937632417535
Q-CB-DAS-02,aht,2026-10-13,370.5317096900569,WeekdayAverage,342.82147867524253,398.2419407048713,334.37398481785044,406.6894345622634
Q-CB-DAS-03,aht,2026-09-23,392.66677218841437,WeekdayAverage,361.0594921256303,424.27405225119844,350.1372286956735,435.1963156811552
Q-CB-DAS-03,aht,2026-09-24,378.9508922991464,WeekdayAverage,347.34361223636233,410.5581723619305,336.42134880640555,421.48043579188726
Q-CB-DAS-03,aht,2026-09-25,379.07377169452275,WeekdayAverage,347.4664916317387,410.6810517573068,336.5442282017819,421.6033151872636
Q-CB-DAS-03,aht,2026-09-26,370.78575971022235,WeekdayAverage,339.1784796474383,402.3930397730064,328.2562162174815,413.3153032029632
Q-CB-DAS-03,aht,2026-09-27,377.28754183248566,WeekdayAverage,345.6802617697016,408.89482189526973,334.7579983397448,419.8170853252265
Q-CB-DAS-03,aht,2026-09-28,382.75631844010724,WeekdayAverage,351.14903837732317,414.3635985028913,340.2267749473664,425.2858619328481
Q-CB-DAS-03,aht,2026-09-29,396.4886719328806,WeekdayAverage,364.88139187009654,428.0959519956647,353.95912844013975,439.01821542562146
Q-CB-DAS-03,aht,2026-09-30,392.66677218841437,WeekdayAverage,365.64100767114513,419.6925367056836,354.39201717732965,430.9415271994991
Q-CB-DAS-03,aht,2026-10-01,378.9508922991464,WeekdayAverage,351.92512778187717,405.97665681641564,340.6761372880617,417.2256473102311
Q-CB-DAS-03,aht,2026-10-02,379.07377169452275,WeekdayAverage,352.0480071772535,406.099536211792,340.799016683438,417.34852670560747
Q-CB-DAS-03,aht,2026-10-03,370.78575971022235,WeekdayAverage,343.7599951929531,397.8115242274916,332.51100469913763,409.0605147213071
Q-CB-DAS-03,aht,2026-10-04,377.28754183248566,WeekdayAverage,350.2617773152164,404.3133063497549,339.01278682140094,415.5622968435704
Q-CB-DAS-03,aht,2026-10-05,382.75631844010724,WeekdayAverage,355.730553922838,409.7820829573765,344.4815634290225,421.03107345119196
Q-CB-DAS-03,aht,2026-10-06,396.4886719328806,WeekdayAverage,369.46290741561137,423.51443645014984,358.2139169217959,434.7634269439653
Q-CB-DAS-03,aht,2026-10-07,392.66677218841437,WeekdayAverage,367.6268730874178,417.70667128941096,349.4547055443073,435.87883883252147
Q-CB-DAS-03,aht,2026-10-08,378.9508922991464,WeekdayAverage,353.9109931981498,403.990791400143,335.7388256550393,422.1629589432535
Q-CB-DAS-03,aht,2026-10-09,379.07377169452275,WeekdayAverage,354.03387259352616,404.11367079551934,335.86170505041565,422.28583833862984
Q-CB-DAS-03,aht,2026-10-10,370.78575971022235,WeekdayAverage,345.74586060922576,395.82565881121894,327.57369306611525,413.99782635432945
Q-CB-DAS-03,aht,2026-10-11,377.28754183248566,WeekdayAverage,352.24764273148907,402.32744093348225,334.07547518837856,420.49960847659275
Q-CB-DAS-03,aht,2026-10-12,382.75631844010724,WeekdayAverage,357.71641933911064,407.79621754110383,339.54425179600014,425.96838508421433
Q-CB-DAS-03,aht,2026-10-13,396.4886719328806,WeekdayAverage,371.448772831884,421.5285710338772,353.2766052887735,439.7007385769877
Q-CB-DAS-04,aht,2026-09-23,511.13740708201186,WeekdayAverage,467.000342753042,555.2744714109817,431.6136931349285,590.6611210290953
Q-CB-DAS-04,aht,2026-09-24,511.1342036764242,WeekdayAverage,466.9971393474543,555.2712680053941,431.6104897293408,590.6579176235075
Q-CB-DAS-04,aht,2026-09-25,506.565604043765,WeekdayAverage,462.42853971479514,550.7026683727349,427.04189009668164,586.0893179908484
Q-CB-DAS-04,aht,2026-09-26,509.5664754153761,WeekdayAverage,465.4294110864062,553.703539744346,430.0427614682927,589.0901893624595
Q-CB-DAS-04,aht,2026-09-27,515.9135066279521,WeekdayAverage,471.7764422989822,560.050570956922,436.3897926808687,595.4372205750354
Q-CB-DAS-04,aht,2026-09-28,521.5378937937467,WeekdayAverage,477.4008294647768,565.6749581227166,442.0141798466633,601.06160774083
Q-CB-DAS-04,aht,2026-09-29,512.3182426384352,WeekdayAverage,468.18117830946534,556.455306967405,432.79452869135184,591.8419565855186
Q-CB-DAS-04,aht,2026-09-30,511.13740708201186,WeekdayAverage,465.1865713943468,557.088242769677,431.5856304019799,590.6891837620437
Q-CB-DAS-04,aht,2026-10-01,511.1342036764242,WeekdayAverage,465.18336798875913,557.0850393640892,431.58242699639226,590.6859803564562
Q-CB-DAS-04,aht,2026-10-02,506.565604043765,WeekdayAverage,460.61476835609994,552.5164397314301,427.01382736373307,586.1173807237969
Q-CB-DAS-04,aht,2026-10-03,509.5664754153761,WeekdayAverage,463.615639727711,555.5173111030412,430.01469873534415,589.118252095408
Q-CB-DAS-04,aht,2026-10-04,515.9135066279521,WeekdayAverage,469.962670940287,561.8643423156171,436.36172994792014,595.465283307984
Q-CB-DAS-04,aht,2026-10-05,521.5378937937467,WeekdayAverage,475.5870581060816,567.4887294814117,441.9861171137147,601.0896704737786
Q-CB-DAS-04,aht,2026-10-06,512.3182426384352,WeekdayAverage,466.36740695077015,558.2690783261003,432.7664659584033,591.8700193184671
Q-CB-DAS-04,aht,2026-10-07,511.13740708201186,WeekdayAverage,462.0247722429672,560.2500419210565,437.1742539226093,585.1005602414144
Q-CB-DAS-04,aht,2026-10-08,511.1342036764242,WeekdayAverage,462.0215688373795,560.2468385154689,437.1710505170216,585.0973568358268
Q-CB-DAS-04,aht,2026-10-09,506.565604043765,WeekdayAverage,457.4529692047203,555.6782388828096,432.60245088436244,580.5287572031675
Q-CB-DAS-04,aht,2026-10-10,509.5664754153761,WeekdayAverage,460.4538405763314,558.6791102544207,435.6033222559735,583.5296285747786
Q-CB-DAS-04,aht,2026-10-11,515.9135066279521,WeekdayAverage,466.8008717889074,565.0261414669967,441.9503534685495,589.8766597873546
Q-CB-DAS-04,aht,2026-10-12,521.5378937937467,WeekdayAverage,472.425258954702,570.6505286327913,447.5747406343441,595.5010469531492
Q-CB-DAS-04,aht,2026-10-13,512.3182426384352,WeekdayAverage,463.2056077993905,561.43087747748,438.35508947903264,586.2813957978378
Q-CB-DAS-05,aht,2026-09-23,419.4341471438079,AutoETS,385.4656093795075,453.40268490810826,378.8082318404958,460.06006244711995
Q-CB-DAS-05,aht,2026-09-24,419.4341471438079,AutoETS,385.4656093795075,453.40268490810826,378.8082318404958,460.06006244711995
Q-CB-DAS-05,aht,2026-09-25,419.4341471438079,AutoETS,385.4656093795075,453.40268490810826,378.8082318404958,460.06006244711995
Q-CB-DAS-05,aht,2026-09-26,419.4341471438079,AutoETS,385.4656093795075,453.40268490810826,378.8082318404958,460.06006244711995
Q-CB-DAS-05,aht,2026-09-27,419.4341471438079,AutoETS,385.4656093795075,453.40268490810826,378.8082318404958,460.06006244711995
Q-CB-DAS-05,aht,2026-09-28,419.4341471438079,AutoETS,385.4656093795075,453.40268490810826,378.8082318404958,460.06006244711995
Q-CB-DAS-05,aht,2026-09-29,419.4341471438079,AutoETS,385.4656093795075,453.40268490810826,378.8082318404958,460.06006244711995
Q-CB-DAS-05,aht,2026-09-30,419.4341471438079,AutoETS,388.0547969702644,450.81349731735133,379.56762623855707,459.3006680490587
Q-CB-DAS-05,aht,2026-10-01,419.4341471438079,AutoETS,388.0547969702644,450.81349731735133,379.56762623855707,459.3006680490587
Q-CB-DAS-05,aht,2026-10-02,419.4341471438079,AutoETS,388.0547969702644,450.81349731735133,379.56762623855707,459.3006680490587
Q-CB-DAS-05,aht,2026-10-03,419.4341471438079,AutoETS,388.0547969702644,450.81349731735133,379.56762623855707,459.3006680490587
Q-CB-DAS-05,aht,2026-10-04,419.4341471438079,AutoETS,388.0547969702644,450.81349731735133,379.56762623855707,459.3006680490587
Q-CB-DAS-05,aht,2026-10-05,419.4341471438079,AutoETS,388.0547969702644,450.81349731735133,379.56762623855707,459.3006680490587
Q-CB-DAS-05,aht,2026-10-06,419.4341471438079,AutoETS,388.0547969702644,450.81349731735133,379.56762623855707,459.3006680490587
Q-CB-DAS-05,aht,2026-10-07,419.4341471438079,AutoETS,390.15292875580917,448.7153655318066,371.4003727860921,467.4679215015237
Q-CB-DAS-05,aht,2026-10-08,419.4341471438079,AutoETS,390.15292875580917,448.7153655318066,371.4003727860921,467.4679215015237
Q-CB-DAS-05,aht,2026-10-09,419.4341471438079,AutoETS,390.15292875580917,448.7153655318066,371.4003727860921,467.4679215015237
Q-CB-DAS-05,aht,2026-10-10,419.4341471438079,AutoETS,390.15292875580917,448.7153655318066,371.4003727860921,467.4679215015237
Q-CB-DAS-05,aht,2026-10-11,419.4341471438079,AutoETS,390.15292875580917,448.7153655318066,371.4003727860921,467.4679215015237
Q-CB-DAS-05,aht,2026-10-12,419.4341471438079,AutoETS,390.15292875580917,448.7153655318066,371.4003727860921,467.4679215015237
Q-CB-DAS-05,aht,2026-10-13,419.4341471438079,AutoETS,390.15292875580917,448.7153655318066,371.4003727860921,467.4679215015237
Q-CB-DFS-01,aht,2026-09-23,362.8075802731745,WeekdayAverage,333.89612415193096,391.719036394418,322.6060943136179,403.0090662327311
Q-CB-DFS-01,aht,2026-09-24,355.5516058296928,WeekdayAverage,326.64014970844926,384.4630619509363,315.3501198701362,395.75309178924937
Q-CB-DFS-01,aht,2026-09-25,364.45558579648696,WeekdayAverage,335.5441296752434,393.3670419177305,324.2540998369304,404.65707175604354
Q-CB-DFS-01,aht,2026-09-26,353.09889552801184,WeekdayAverage,324.1874394067683,382.01035164925537,312.89740956845526,393.3003814875684
Q-CB-DFS-01,aht,2026-09-27,351.3092570333173,WeekdayAverage,322.39780091207376,380.2207131545608,311.1077710737607,391.5107429928739
Q-CB-DFS-01,aht,2026-09-28,364.4725526313648,WeekdayAverage,335.5610965101213,393.38400875260834,324.2710666718082,404.6740385909214
Q-CB-DFS-01,aht,2026-09-29,366.43972226632764,WeekdayAverage,337.5282661450841,395.35117838757117,326.23823630677106,406.6412082258842
Q-CB-DFS-01,aht,2026-09-30,362.8075802731745,WeekdayAverage,336.4421266410352,389.1730339053138,327.4362245190503,398.1789360272987
Q-CB-DFS-01,aht,2026-10-01,355.5516058296928,WeekdayAverage,329.1861521975535,381.9170594618321,320.1802500755686,390.92296158381697
Q-CB-DFS-01,aht,2026-10-02,364.45558579648696,WeekdayAverage,338.09013216434766,390.82103942862625,329.0842300423628,399.82694155061114
Q-CB-DFS-01,aht,2026-10-03,353.09889552801184,WeekdayAverage,326.73344189587255,379.46434916015113,317.72753977388766,388.470251282136
Q-CB-DFS-01,aht,2026-10-04,351.3092570333173,WeekdayAverage,324.943803401178,377.6747106654566,315.9379012791931,386.6806127874415
Q-CB-DFS-01,aht,2026-10-05,364.4725526313648,WeekdayAverage,338.1070989992255,390.8380062635041,329.1011968772406,399.843908385489
Q-CB-DFS-01,aht,2026-10-06,366.43972226632764,WeekdayAverage,340.07426863418834,392.8051758984669,331.06836651220345,401.8110780204518
Q-CB-DFS-01,aht,2026-10-07,362.8075802731745,WeekdayAverage,340.0748677372229,385.5402928091261,326.94554774281426,398.66961280353473
Q-CB-DFS-01,aht,2026-10-08,355.5516058296928,WeekdayAverage,332.8188932937412,378.28431836564437,319.68957329933255,391.413638360053
Q-CB-DFS-01,aht,2026-10-09,364.45558579648696,WeekdayAverage,341.7228732605354,387.18829833243853,328.5935532661267,400.3176183268472
Q-CB-DFS-01,aht,2026-10-10,353.09889552801184,WeekdayAverage,330.36618299206026,375.8316080639634,317.2368629976516,388.9609280583721
Q-CB-DFS-01,aht,2026-10-11,351.3092570333173,WeekdayAverage,328.5765444973657,374.0419695692689,315.44722450295706,387.17128956367753
Q-CB-DFS-01,aht,2026-10-12,364.4725526313648,WeekdayAverage,341.73984009541323,387.2052651673164,328.61052010100457,400.33458516172504
Q-CB-DFS-01,aht,2026-10-13,366.43972226632764,WeekdayAverage,343.70700973037606,389.1724348022792,330.5776897359674,402.3017547966879
Q-CB-DFS-02,aht,2026-09-23,425.0315450138873,WeekdayAverage,396.1705488620806,453.892541165694,382.6288955489434,467.4341944788312
Q-CB-DFS-02,aht,2026-09-24,425.6638802843835,WeekdayAverage,396.80288413257676,454.5248764361902,383.26123081943956,468.0665297493274
Q-CB-DFS-02,aht,2026-09-25,423.6120791611407,WeekdayAverage,394.75108300933397,452.4730753129474,381.20942969619676,466.0147286260846
Q-CB-DFS-02,aht,2026-09-26,418.2988625306708,WeekdayAverage,389.4378663788641,447.15985868247753,375.8962130657269,460.70151199561474
Q-CB-DFS-02,aht,2026-09-27,415.46001809606713,WeekdayAverage,386.5990219442604,444.32101424787385,373.0573686311232,457.86266756101105
Q-CB-DFS-02,aht,2026-09-28,414.97934365462305,WeekdayAverage,386.11834750281633,443.84033980642977,372.57669418967913,457.38199311956697
Q-CB-DFS-02,aht,2026-09-29,405.06825324837024,WeekdayAverage,376.2072570965635,433.92924940017696,362.6656037834263,447.47090271331416
Q-CB-DFS-02,aht,2026-09-30,425.0315450138873,WeekdayAverage,393.2353883073506,456.827701720424,379.641935771348,470.4211542564266
Q-CB-DFS-02,aht,2026-10-01,425.6638802843835,WeekdayAverage,393.8677235778468,457.4600369909202,380.2742710418442,471.05348952692276
Q-CB-DFS-02,aht,2026-10-02,423.6120791611407,WeekdayAverage,391.815922454604,455.4082358676774,378.2224699186014,469.00168840367996
Q-CB-DFS-02,aht,2026-10-03,418.2988625306708,WeekdayAverage,386.5027058241341,450.0950192372075,372.90925328813154,463.6884717732101
Q-CB-DFS-02,aht,2026-10-04,415.46001809606713,WeekdayAverage,383.66386138953044,447.2561748026038,370.07040885352785,460.8496273386064
Q-CB-DFS-02,aht,2026-10-05,414.97934365462305,WeekdayAverage,383.18318694808636,446.77550036115974,369.58973441208377,460.36895289716233
Q-CB-DFS-02,aht,2026-10-06,405.06825324837024,WeekdayAverage,373.27209654183355,436.86440995490693,359.67864400583096,450.4578624909095
Q-CB-DFS-02,aht,2026-10-07,425.0315450138873,WeekdayAverage,394.6863773675178,455.37671266025677,372.6366568434093,477.4264331843653
Q-CB-DFS-02,aht,2026-10-08,425.6638802843835,WeekdayAverage,395.318712638014,456.00904793075296,373.2689921139055,478.0587684548615
Q-CB-DFS-02,aht,2026-10-09,423.6120791611407,WeekdayAverage,393.2669115147712,453.95724680751016,371.2171909906627,476.0069673316187
Q-CB-DFS-02,aht,2026-10-10,418.2988625306708,WeekdayAverage,387.95369488430134,448.6440301770403,365.9039743601928,470.6937507011488
Q-CB-DFS-02,aht,2026-10-11,415.46001809606713,WeekdayAverage,385.11485044969766,445.8051857424366,363.06512992558913,467.85490626654513
Q-CB-DFS-02,aht,2026-10-12,414.97934365462305,WeekdayAverage,384.6341760082536,445.3245113009925,362.58445548414505,467.37423182510105
Q-CB-DFS-02,aht,2026-10-13,405.06825324837024,WeekdayAverage,374.72308560200076,435.4134208947397,352.67336507789224,457.46314141884824
Q-CB-DFS-03,aht,2026-09-23,603.819149180176,AutoETS,552.6459300786192,654.9923682817329,539.1466683223331,668.491630038019
Q-CB-DFS-03,aht,2026-09-24,603.819149180176,AutoETS,552.6459300786192,654.9923682817329,539.1466683223331,668.491630038019
Q-CB-DFS-03,aht,2026-09-25,603.819149180176,AutoETS,552.6459300786192,654.9923682817329,539.1466683223331,668.491630038019
Q-CB-DFS-03,aht,2026-09-26,603.819149180176,AutoETS,552.6459300786192,654.9923682817329,539.1466683223331,668.491630038019
Q-CB-DFS-03,aht,2026-09-27,603.819149180176,AutoETS,552.6459300786192,654.9923682817329,539.1466683223331,668.491630038019
Q-CB-DFS-03,aht,2026-09-28,603.819149180176,AutoETS,552.6459300786192,654.9923682817329,539.1466683223331,668.491630038019
Q-CB-DFS-03,aht,2026-09-29,603.819149180176,AutoETS,552.6459300786192,654.9923682817329,539.1466683223331,668.491630038019
Q-CB-DFS-03,aht,2026-09-30,603.819149180176,AutoETS,551.1266555534905,656.5116428068616,538.9952263945577,668.6430719657944
Q-CB-DFS-03,aht,2026-10-01,603.819149180176,AutoETS,551.1266555534905,656.5116428068616,538.9952263945577,668.6430719657944
Q-CB-DFS-03,aht,2026-10-02,603.819149180176,AutoETS,551.1266555534905,656.5116428068616,538.9952263945577,668.6430719657944
Q-CB-DFS-03,aht,2026-10-03,603.819149180176,AutoETS,551.1266555534905,656.5116428068616,538.9952263945577,668.6430719657944
Q-CB-DFS-03,aht,2026-10-04,603.819149180176,AutoETS,551.1266555534905,656.5116428068616,538.9952263945577,668.6430719657944
Q-CB-DFS-03,aht,2026-10-05,603.819149180176,AutoETS,551.1266555534905,656.5116428068616,538.9952263945577,668.6430719657944
Q-CB-DFS-03,aht,2026-10-06,603.819149180176,AutoETS,551.1266555534905,656.5116428068616,538.9952263945577,668.6430719657944
Q-CB-DFS-03,aht,2026-10-07,603.819149180176,AutoETS,557.0638188187465,650.5744795416056,537.0214022291922,670.6168961311599
Q-CB-DFS-03,aht,2026-10-08,603.819149180176,AutoETS,557.0638188187465,650.5744795416056,537.0214022291922,670.6168961311599
Q-CB-DFS-03,aht,2026-10-09,603.819149180176,AutoETS,557.0638188187465,650.5744795416056,537.0214022291922,670.6168961311599
Q-CB-DFS-03,aht,2026-10-10,603.819149180176,AutoETS,557.0638188187465,650.5744795416056,537.0214022291922,670.6168961311599
Q-CB-DFS-03,aht,2026-10-11,603.819149180176,AutoETS,557.0638188187465,650.5744795416056,537.0214022291922,670.6168961311599
Q-CB-DFS-03,aht,2026-10-12,603.819149180176,AutoETS,557.0638188187465,650.5744795416056,537.0214022291922,670.6168961311599
Q-CB-DFS-03,aht,2026-10-13,603.819149180176,AutoETS,557.0638188187465,650.5744795416056,537.0214022291922,670.6168961311599
Q-CB-DFS-04,aht,2026-09-23,727.2901046944221,WeekdayAverage,677.8416780871581,776.7385313016861,638.4556516017443,816.1245577870999
Q-CB-DFS-04,aht,2026-09-24,714.8747348258773,WeekdayAverage,665.4263082186134,764.3231614331413,626.0402817331995,803.7091879185551
Q-CB-DFS-04,aht,2026-09-25,728.5105754630503,WeekdayAverage,679.0621488557863,777.9590020703142,639.6761223703725,817.345028555728
Q-CB-DFS-04,aht,2026-09-26,737.4742015943682,WeekdayAverage,688.0257749871042,786.9226282016322,648.6397485016904,826.308654687046
Q-CB-DFS-04,aht,2026-09-27,764.3508404331126,WeekdayAverage,714.9024138258486,813.7992670403765,675.5163873404348,853.1852935257904
Q-CB-DFS-04,aht,2026-09-28,717.6411690080602,WeekdayAverage,668.1927424007962,767.0895956153241,628.8067159153824,806.475622100738
Q-CB-DFS-04,aht,2026-09-29,708.597930929596,WeekdayAverage,659.1495043223321,758.04635753686,619.7634778369182,797.4323840222738
Q-CB-DFS-04,aht,2026-09-30,727.2901046944221,WeekdayAverage,680.1651225747275,774.4150868141166,658.5062068703394,796.0740025185048
Q-CB-DFS-04,aht,2026-10-01,714.8747348258773,WeekdayAverage,667.7497527061828,761.9997169455719,646.0908370017946,783.65863264996
Q-CB-DFS-04,aht,2026-10-02,728.5105754630503,WeekdayAverage,681.3855933433557,775.6355575827448,659.7266776389675,797.294473287133
Q-CB-DFS-04,aht,2026-10-03,737.4742015943682,WeekdayAverage,690.3492194746736,784.5991837140627,668.6903037702855,806.2580994184509
Q-CB-DFS-04,aht,2026-10-04,764.3508404331126,WeekdayAverage,717.225858313418,811.4758225528071,695.5669426090299,833.1347382571953
Q-CB-DFS-04,aht,2026-10-05,717.6411690080602,WeekdayAverage,670.5161868883656,764.7661511277547,648.8572711839774,786.4250668321429
Q-CB-DFS-04,aht,2026-10-06,708.597930929596,WeekdayAverage,661.4729488099015,755.7229130492906,639.8140331055133,777.3818287536787
Q-CB-DFS-04,aht,2026-10-07,727.2901046944221,WeekdayAverage,673.5452589239788,781.0349504648653,647.685758661525,806.8944507273192
Q-CB-DFS-04,aht,2026-10-08,714.8747348258773,WeekdayAverage,661.1298890554341,768.6195805963206,635.2703887929803,794.4790808587744
Q-CB-DFS-04,aht,2026-10-09,728.5105754630503,WeekdayAverage,674.765729692607,782.2554212334935,648.9062294301532,808.1149214959473
Q-CB-DFS-04,aht,2026-10-10,737.4742015943682,WeekdayAverage,683.729355823925,791.2190473648114,657.8698555614711,817.0785476272653
Q-CB-DFS-04,aht,2026-10-11,764.3508404331126,WeekdayAverage,710.6059946626693,818.0956862035558,684.7464944002155,843.9551864660096
Q-CB-DFS-04,aht,2026-10-12,717.6411690080602,WeekdayAverage,663.8963232376169,771.3860147785034,638.0368229751631,797.2455150409572
Q-CB-DFS-04,aht,2026-10-13,708.597930929596,WeekdayAverage,654.8530851591528,762.3427767000393,628.993584896699,788.2022769624931
Q-CB-DFS-05,aht,2026-09-23,670.8785572164738,WeekdayAverage,604.7177955606325,737.0393188723152,591.8665352690781,749.8905791638696
Q-CB-DFS-05,aht,2026-09-24,654.131193765005,WeekdayAverage,587.9704321091637,720.2919554208464,575.1191718176093,733.1432157124008
Q-CB-DFS-05,aht,2026-09-25,645.5551105769546,WeekdayAverage,579.3943489211132,711.715872232796,566.5430886295588,724.5671325243503
Q-CB-DFS-05,aht,2026-09-26,664.6869310031514,WeekdayAverage,598.52616934731,730.8476926589927,585.6749090557556,743.6989529505471
Q-CB-DFS-05,aht,2026-09-27,653.5735321027081,WeekdayAverage,587.4127704468667,719.7342937585495,574.5615101553124,732.5855540501038
Q-CB-DFS-05,aht,2026-09-28,676.3435193130518,WeekdayAverage,610.1827576572105,742.5042809688932,597.3314973656561,755.3555412604476
Q-CB-DFS-05,aht,2026-09-29,693.3411912871837,WeekdayAverage,627.1804296313423,759.5019529430251,614.329169339788,772.3532132345795
Q-CB-DFS-05,aht,2026-09-30,670.8785572164738,WeekdayAverage,604.0316833973372,737.7254310356104,587.2746173792639,754.4824970536838
Q-CB-DFS-05,aht,2026-10-01,654.131193765005,WeekdayAverage,587.2843199458684,720.9780675841416,570.5272539277951,737.735133602215
Q-CB-DFS-05,aht,2026-10-02,645.5551105769546,WeekdayAverage,578.708236757818,712.4019843960912,561.9511707397446,729.1590504141645
Q-CB-DFS-05,aht,2026-10-03,664.6869310031514,WeekdayAverage,597.8400571840148,731.533804822288,581.0829911659414,748.2908708403613
Q-CB-DFS-05,aht,2026-10-04,653.5735321027081,WeekdayAverage,586.7266582835715,720.4204059218447,569.9695922654981,737.1774719399181
Q-CB-DFS-05,aht,2026-10-05,676.3435193130518,WeekdayAverage,609.4966454939153,743.1903931321884,592.7395794758419,759.9474591502618
Q-CB-DFS-05,aht,2026-10-06,693.3411912871837,WeekdayAverage,626.4943174680471,760.1880651063203,609.7372514499738,776.9451311243937
Q-CB-DFS-05,aht,2026-10-07,670.8785572164738,WeekdayAverage,615.2024573738057,726.554657059142,582.0955591109332,759.6615553220145
Q-CB-DFS-05,aht,2026-10-08,654.131193765005,WeekdayAverage,598.4550939223369,709.8072936076732,565.3481956594644,742.9141918705457
Q-CB-DFS-05,aht,2026-10-09,645.5551105769546,WeekdayAverage,589.8790107342865,701.2312104196227,556.772112471414,734.3381086824952
Q-CB-DFS-05,aht,2026-10-10,664.6869310031514,WeekdayAverage,609.0108311604832,720.3630308458195,575.9039328976107,753.469929108692
Q-CB-DFS-05,aht,2026-10-11,653.5735321027081,WeekdayAverage,597.89743226004,709.2496319453762,564.7905339971675,742.3565302082487
Q-CB-DFS-05,aht,2026-10-12,676.3435193130518,WeekdayAverage,620.6674194703837,732.01961915572,587.5605212075112,765.1265174185925
Q-CB-DFS-05,aht,2026-10-13,693.3411912871837,WeekdayAverage,637.6650914445156,749.0172911298519,604.5581931816431,782.1241893927244
Q-CL-ALS-01,aht,2026-09-23,494.60350394446215,WeekdayAverage,459.04912691839985,530.1578809705245,436.310898124592,552.8961097643323
Q-CL-ALS-01,aht,2026-09-24,483.56618444882724,WeekdayAverage,448.01180742276495,519.1205614748895,425.27357862895707,541.8587902686975
Q-CL-ALS-01,aht,2026-09-25,464.25381275579105,WeekdayAverage,428.69943572972875,499.80818978185334,405.96120693592087,522.5464185756612
Q-CL-ALS-01,aht,2026-09-26,480.6603273567158,WeekdayAverage,445.1059503306535,516.2147043827781,422.36772153684564,538.9529331765859
Q-CL-ALS-01,aht,2026-09-27,496.4699246171393,WeekdayAverage,460.91554759107703,532.0243016432016,438.17731879726915,554.7625304370094
Q-CL-ALS-01,aht,2026-09-28,509.51819959086015,WeekdayAverage,473.96382256479785,545.0725766169224,451.22559377099,567.8108054107304
Q-CL-ALS-01,aht,2026-09-29,490.27277626501296,WeekdayAverage,454.71839923895067,525.8271532910753,431.9801704451428,548.5653820848831
Q-CL-ALS-01,aht,2026-09-30,494.60350394446215,WeekdayAverage,467.7383522492486,521.4686556396757,444.12184156481374,545.0851663241106
Q-CL-ALS-01,aht,2026-10-01,483.56618444882724,WeekdayAverage,456.7010327536137,510.4313361440408,433.08452206917883,534.0478468284757
Q-CL-ALS-01,aht,2026-10-02,464.25381275579105,WeekdayAverage,437.3886610605775,491.1189644510046,413.77215037614263,514.7354751354394
Q-CL-ALS-01,aht,2026-10-03,480.6603273567158,WeekdayAverage,453.79517566150224,507.5254790519294,430.1786649770674,531.1419897363642
Q-CL-ALS-01,aht,2026-10-04,496.4699246171393,WeekdayAverage,469.60477292192576,523.3350763123528,445.9882622374909,546.9515869967877
Q-CL-ALS-01,aht,2026-10-05,509.51819959086015,WeekdayAverage,482.6530478956466,536.3833512860738,459.03653721121174,559.9998619705086
Q-CL-ALS-01,aht,2026-10-06,490.27277626501296,WeekdayAverage,463.4076245697994,517.1379279602265,439.79111388536455,540.7544386446614
Q-CL-ALS-01,aht,2026-10-07,494.60350394446215,WeekdayAverage,465.9206193571045,523.2863885318197,441.9114238270396,547.2955840618847
Q-CL-ALS-01,aht,2026-10-08,483.56618444882724,WeekdayAverage,454.8832998614696,512.2490690361849,430.8741043314047,536.2582645662499
Q-CL-ALS-01,aht,2026-10-09,464.25381275579105,WeekdayAverage,435.5709281684334,492.9366973431487,411.5617326383685,516.9458928732136
Q-CL-ALS-01,aht,2026-10-10,480.6603273567158,WeekdayAverage,451.97744276935816,509.34321194407346,427.96824723929325,533.3524074741383
Q-CL-ALS-01,aht,2026-10-11,496.4699246171393,WeekdayAverage,467.7870400297817,525.152809204497,443.77784449971676,549.1620047345618
Q-CL-ALS-01,aht,2026-10-12,509.51819959086015,WeekdayAverage,480.8353150035025,538.2010841782178,456.8261194734376,562.2102797082828
Q-CL-ALS-01,aht,2026-10-13,490.27277626501296,WeekdayAverage,461.5898916776553,518.9556608523706,437.5806961475904,542.9648563824355
Q-CL-ALS-02,aht,2026-09-23,411.95317330667376,WeekdayAverage,371.67721598852,452.2291306248275,356.12288308840095,467.78346352494657
Q-CL-ALS-02,aht,2026-09-24,430.5233467189471,WeekdayAverage,390.24738940079334,470.79930403710085,374.6930565006743,486.3536369372199
Q-CL-ALS-02,aht,2026-09-25,411.74839967974907,WeekdayAverage,371.4724423615953,452.0243569979028,355.91810946147626,467.5786898980219
Q-CL-ALS-02,aht,2026-09-26,424.69481060370856,WeekdayAverage,384.4188532855548,464.9707679218623,368.86452038543575,480.52510082198137
Q-CL-ALS-02,aht,2026-09-27,431.7610277315879,WeekdayAverage,391.48507041343413,472.03698504974165,375.9307375133151,487.5913179498607
Q-CL-ALS-02,aht,2026-09-28,430.8048433474768,WeekdayAverage,390.528886029323,471.08080066563053,374.97455312920397,486.6351335657496
Q-CL-ALS-02,aht,2026-09-29,426.9908561820537,WeekdayAverage,386.7148988638999,467.26681350020743,371.16056596378087,482.8211464003265
Q-CL-ALS-02,aht,2026-09-30,411.95317330667376,WeekdayAverage,382.8162473744797,441.0900992388678,365.989038645972,457.9173079673755
Q-CL-ALS-02,aht,2026-10-01,430.5233467189471,WeekdayAverage,401.38642078675304,459.66027265114116,384.55921205824535,476.48748137964884
Q-CL-ALS-02,aht,2026-10-02,411.74839967974907,WeekdayAverage,382.611473747555,440.88532561194313,365.7842650190473,457.7125343404508
Q-CL-ALS-02,aht,2026-10-03,424.69481060370856,WeekdayAverage,395.5578846715145,453.8317365359026,378.7306759430068,470.6589452644103
Q-CL-ALS-02,aht,2026-10-04,431.7610277315879,WeekdayAverage,402.6241017993938,460.89795366378195,385.79689307088614,477.72516239228963
Q-CL-ALS-02,aht,2026-10-05,430.8048433474768,WeekdayAverage,401.6679174152827,459.94176927967084,384.84070868677503,476.7689780081785
Q-CL-ALS-02,aht,2026-10-06,426.9908561820537,WeekdayAverage,397.8539302498596,456.12778211424774,381.02672152135193,472.9549908427554
Q-CL-ALS-02,aht,2026-10-07,411.95317330667376,WeekdayAverage,386.4780788491716,437.4282677641759,362.9462504684411,460.9600961449064
Q-CL-ALS-02,aht,2026-10-08,430.5233467189471,WeekdayAverage,405.04825226144493,455.99844117644926,381.51642388071446,479.53026955717974
Q-CL-ALS-02,aht,2026-10-09,411.74839967974907,WeekdayAverage,386.2733052222469,437.22349413725124,362.74147684151643,460.7553225179817
Q-CL-ALS-02,aht,2026-10-10,424.69481060370856,WeekdayAverage,399.2197161462064,450.1699050612107,375.6878877654759,473.7017334419412
Q-CL-ALS-02,aht,2026-10-11,431.7610277315879,WeekdayAverage,406.2859332740857,457.23612218909005,382.75410489335525,480.7679505698205
Q-CL-ALS-02,aht,2026-10-12,430.8048433474768,WeekdayAverage,405.3297488899746,456.27993780497894,381.79792050924414,479.8117661857094
Q-CL-ALS-02,aht,2026-10-13,426.9908561820537,WeekdayAverage,401.5157617245515,452.46595063955584,377.98393334382104,475.9977790202863
Q-CL-ALS-03,aht,2026-09-23,431.0935413692912,WeekdayAverage,395.52957125767,466.6575114809124,379.8351246644812,482.35195807410116
Q-CL-ALS-03,aht,2026-09-24,414.91427441371604,WeekdayAverage,379.35030430209486,450.47824452533723,363.65585770890607,466.172691118526
Q-CL-ALS-03,aht,2026-09-25,427.9494228628878,WeekdayAverage,392.3854527512666,463.513392974509,376.6910061580778,479.20783956769776
Q-CL-ALS-03,aht,2026-09-26,424.70639469469893,WeekdayAverage,389.14242458307774,460.2703648063201,373.44797798988895,475.9648113995089
Q-CL-ALS-03,aht,2026-09-27,418.3999377320098,WeekdayAverage,382.8359676203886,453.963907843631,367.1415210271998,469.65835443681976
Q-CL-ALS-03,aht,2026-09-28,420.03866872509514,WeekdayAverage,384.47469861347395,455.6026388367163,368.78025202028516,471.2970854299051
Q-CL-ALS-03,aht,2026-09-29,413.1731403944785,WeekdayAverage,377.6091702828573,448.73711050609967,361.9147236896685,464.43155709928845
Q-CL-ALS-03,aht,2026-09-30,431.0935413692912,WeekdayAverage,398.54243426457737,463.644648474005,376.4505527524676,485.73652998611476
Q-CL-ALS-03,aht,2026-10-01,414.91427441371604,WeekdayAverage,382.3631673090022,447.46538151842987,360.27128579689247,469.5572630305396
Q-CL-ALS-03,aht,2026-10-02,427.9494228628878,WeekdayAverage,395.39831575817396,460.5005299676016,373.3064342460642,482.59241147971136
Q-CL-ALS-03,aht,2026-10-03,424.70639469469893,WeekdayAverage,392.1552875899851,457.25750179941275,370.06340607787536,479.3493833115225
Q-CL-ALS-03,aht,2026-10-04,418.3999377320098,WeekdayAverage,385.84883062729597,450.9510448367236,363.7569491151862,473.04292634883336
Q-CL-ALS-03,aht,2026-10-05,420.03866872509514,WeekdayAverage,387.4875616203813,452.58977582980896,365.39568010827156,474.6816573419187
Q-CL-ALS-03,aht,2026-10-06,413.1731403944785,WeekdayAverage,380.62203328976466,445.7242474991923,358.5301517776549,467.81612901130205
Q-CL-ALS-03,aht,2026-10-07,431.0935413692912,WeekdayAverage,400.3184518274326,461.86863091114975,376.7109635906557,485.4761191479267
Q-CL-ALS-03,aht,2026-10-08,414.91427441371604,WeekdayAverage,384.1391848718575,445.6893639555746,360.53169663508055,469.29685219235154
Q-CL-ALS-03,aht,2026-10-09,427.9494228628878,WeekdayAverage,397.1743333210292,458.72451240474635,373.5668450842523,482.3320006415233
Q-CL-ALS-03,aht,2026-10-10,424.70639469469893,WeekdayAverage,393.93130515284037,455.4814842365575,370.32381691606344,479.0889724733344
Q-CL-ALS-03,aht,2026-10-11,418.3999377320098,WeekdayAverage,387.6248481901512,449.17502727386835,364.0173599533743,472.7825155106453
Q-CL-ALS-03,aht,2026-10-12,420.03866872509514,WeekdayAverage,389.2635791832366,450.8137582669537,365.65609094645964,474.42124650373063
Q-CL-ALS-03,aht,2026-10-13,413.1731403944785,WeekdayAverage,382.3980508526199,443.94822993633704,358.790562615843,467.555718173114
Q-CL-ALS-04,aht,2026-09-23,495.32491104793746,WeekdayAverage,459.5576631885461,531.0921589073289,434.8144193380106,555.8354027578644
Q-CL-ALS-04,aht,2026-09-24,466.11202790443787,WeekdayAverage,430.3447800450465,501.87927576382924,405.601536194511,526.6225196143647
Q-CL-ALS-04,aht,2026-09-25,504.3618980030872,WeekdayAverage,468.59465014369584,540.1291458624786,443.8514062931604,564.8723897130141
Q-CL-ALS-04,aht,2026-09-26,478.3666202945483,WeekdayAverage,442.5993724351569,514.1338681539396,417.85612858462144,538.8771120044751
Q-CL-ALS-04,aht,2026-09-27,473.4173610778962,WeekdayAverage,437.6501132185048,509.1846089372876,412.90686936796936,533.927852787823
Q-CL-ALS-04,aht,2026-09-28,480.7640989571339,WeekdayAverage,444.99685109774254,516.5313468165252,420.25360724720707,541.2745906670607
Q-CL-ALS-04,aht,2026-09-29,465.65289902428253,WeekdayAverage,429.88565116489116,501.4201468836739,405.1424073143557,526.1633907342093
Q-CL-ALS-04,aht,2026-09-30,495.32491104793746,WeekdayAverage,449.35364234299186,541.2961797528831,433.0427060599003,557.6071160359746
Q-CL-ALS-04,aht,2026-10-01,466.11202790443787,WeekdayAverage,420.14075919949227,512.0832966093835,403.8298229164007,528.394232892475
Q-CL-ALS-04,aht,2026-10-02,504.3618980030872,WeekdayAverage,458.3906292981416,550.3331667080329,442.07969301505005,566.6441029911243
Q-CL-ALS-04,aht,2026-10-03,478.3666202945483,WeekdayAverage,432.3953515896027,524.3378889994939,416.0844153065111,540.6488252825854
Q-CL-ALS-04,aht,2026-10-04,473.4173610778962,WeekdayAverage,427.4460923729506,519.3886297828418,411.13515608985904,535.6995660659334
Q-CL-ALS-04,aht,2026-10-05,480.7640989571339,WeekdayAverage,434.7928302521883,526.7353676620795,418.48189396909675,543.0463039451711
Q-CL-ALS-04,aht,2026-10-06,465.65289902428253,WeekdayAverage,419.68163031933693,511.62416772922813,403.37069403624537,527.9351040123197
Q-CL-ALS-04,aht,2026-10-07,495.32491104793746,WeekdayAverage,451.647927580618,539.0018945152569,439.07928223908897,551.5705398567859
Q-CL-ALS-04,aht,2026-10-08,466.11202790443787,WeekdayAverage,422.4350444371184,509.78901137175734,409.8663990955894,522.3576567132864
Q-CL-ALS-04,aht,2026-10-09,504.3618980030872,WeekdayAverage,460.68491453576775,548.0388814704067,448.1162691942387,560.6075268119357
Q-CL-ALS-04,aht,2026-10-10,478.3666202945483,WeekdayAverage,434.6896368272288,522.0436037618678,422.1209914856998,534.6122491033968
Q-CL-ALS-04,aht,2026-10-11,473.4173610778962,WeekdayAverage,429.74037761057673,517.0943445452157,417.1717322690477,529.6629898867448
Q-CL-ALS-04,aht,2026-10-12,480.7640989571339,WeekdayAverage,437.08711548981444,524.4410824244534,424.5184701482854,537.0097277659825
Q-CL-ALS-04,aht,2026-10-13,465.65289902428253,WeekdayAverage,421.97591555696306,509.329882491602,409.40727021543404,521.8985278331311
Q-CL-ALS-05,aht,2026-09-23,400.87514847463274,WeekdayAverage,374.207274556756,427.5430223925095,359.7832079956323,441.96708895363315
Q-CL-ALS-05,aht,2026-09-24,368.1951396645355,WeekdayAverage,341.5272657466587,394.86301358241224,327.10319918553506,409.2870801435359
Q-CL-ALS-05,aht,2026-09-25,388.38648641844685,WeekdayAverage,361.7186125005701,415.0543603363236,347.29454593944644,429.47842689744726
Q-CL-ALS-05,aht,2026-09-26,394.5795953293309,WeekdayAverage,367.91172141145415,421.2474692472077,353.4876548503305,435.6715358083313
Q-CL-ALS-05,aht,2026-09-27,369.63914002263976,WeekdayAverage,342.971266104763,396.3070139405165,328.54719954363935,410.7310805016402
Q-CL-ALS-05,aht,2026-09-28,378.4926247043448,WeekdayAverage,351.82475078646803,405.16049862222155,337.4006842253444,419.5845651833452
Q-CL-ALS-05,aht,2026-09-29,396.5505734487222,WeekdayAverage,369.88269953084546,423.218447366599,355.4586329697218,437.64251392772263
Q-CL-ALS-05,aht,2026-09-30,400.87514847463274,WeekdayAverage,382.9334983329797,418.8167986162858,361.78746535798825,439.9628315912772
Q-CL-ALS-05,aht,2026-10-01,368.1951396645355,WeekdayAverage,350.25348952288243,386.1367898061885,329.107456547891,407.28282278117996
Q-CL-ALS-05,aht,2026-10-02,388.38648641844685,WeekdayAverage,370.4448362767938,406.3281365600999,349.29880330180237,427.47416953509133
Q-CL-ALS-05,aht,2026-10-03,394.5795953293309,WeekdayAverage,376.6379451876779,412.52124547098396,355.49191221268643,433.6672784459754
Q-CL-ALS-05,aht,2026-10-04,369.63914002263976,WeekdayAverage,351.6974898809867,387.5807901642928,330.5514569059953,408.72682313928425
Q-CL-ALS-05,aht,2026-10-05,378.4926247043448,WeekdayAverage,360.55097456269175,396.43427484599783,339.4049415877003,417.5803078209893
Q-CL-ALS-05,aht,2026-10-06,396.5505734487222,WeekdayAverage,378.6089233070692,414.49222359037526,357.46289033207773,435.6382565653667
Q-CL-ALS-05,aht,2026-10-07,400.87514847463274,WeekdayAverage,374.6850687086036,427.0652282406619,360.36820229841146,441.382094650854
Q-CL-ALS-05,aht,2026-10-08,368.1951396645355,WeekdayAverage,342.0050598985063,394.38521943056463,327.6881934883142,408.70208584075675
Q-CL-ALS-05,aht,2026-10-09,388.38648641844685,WeekdayAverage,362.1964066524177,414.576566184476,347.8795402422256,428.8934325946681
Q-CL-ALS-05,aht,2026-10-10,394.5795953293309,WeekdayAverage,368.38951556330176,420.76967509536007,354.07264915310964,435.0865415055522
Q-CL-ALS-05,aht,2026-10-11,369.63914002263976,WeekdayAverage,343.4490602566106,395.8292197886689,329.1321938464185,410.14608619886104
Q-CL-ALS-05,aht,2026-10-12,378.4926247043448,WeekdayAverage,352.30254493831563,404.68270447037395,337.9856785281235,418.99957088056607
Q-CL-ALS-05,aht,2026-10-13,396.5505734487222,WeekdayAverage,370.36049368269306,422.7406532147514,356.04362727250094,437.0575196249435
Q-CL-MCS-01,aht,2026-09-23,667.7496511739696,WeekdayAverage,603.7812683426542,731.718034005285,589.7164756159386,745.7828267320006
Q-CL-MCS-01,aht,2026-09-24,690.891446826426,WeekdayAverage,626.9230639951106,754.8598296577413,612.858271268395,768.9246223844569
Q-CL-MCS-01,aht,2026-09-25,673.184969066769,WeekdayAverage,609.2165862354536,737.1533518980843,595.151793508738,751.2181446248
Q-CL-MCS-01,aht,2026-09-26,635.5644377714199,WeekdayAverage,571.5960549401045,699.5328206027352,557.5312622133889,713.5976133294508
Q-CL-MCS-01,aht,2026-09-27,690.6210202917971,WeekdayAverage,626.6526374604817,754.5894031231124,612.5878447337661,768.654195849828
Q-CL-MCS-01,aht,2026-09-28,654.9941676245443,WeekdayAverage,591.0257847932289,718.9625504558596,576.9609920665133,733.0273431825752
Q-CL-MCS-01,aht,2026-09-29,662.6875145237439,WeekdayAverage,598.7191316924285,726.6558973550592,584.6543389657129,740.7206900817748
Q-CL-MCS-01,aht,2026-09-30,667.7496511739696,WeekdayAverage,605.7810436109525,729.7182587369867,596.089349643849,739.4099527040902
Q-CL-MCS-01,aht,2026-10-01,690.891446826426,WeekdayAverage,628.9228392634088,752.8600543894431,619.2311452963054,762.5517483565466
Q-CL-MCS-01,aht,2026-10-02,673.184969066769,WeekdayAverage,611.2163615037518,735.1535766297861,601.5246675366484,744.8452705968896
Q-CL-MCS-01,aht,2026-10-03,635.5644377714199,WeekdayAverage,573.5958302084027,697.533045334437,563.9041362412993,707.2247393015405
Q-CL-MCS-01,aht,2026-10-04,690.6210202917971,WeekdayAverage,628.65241272878,752.5896278548142,618.9607187616765,762.2813218219177
Q-CL-MCS-01,aht,2026-10-05,654.9941676245443,WeekdayAverage,593.0255600615271,716.9627751875614,583.3338660944237,726.6544691546649
Q-CL-MCS-01,aht,2026-10-06,662.6875145237439,WeekdayAverage,600.7189069607267,724.656122086761,591.0272129936233,734.3478160538644
Q-CL-MCS-01,aht,2026-10-07,667.7496511739696,WeekdayAverage,614.9788771317268,720.5204252162124,592.590412384036,742.9088899639032
Q-CL-MCS-01,aht,2026-10-08,690.891446826426,WeekdayAverage,638.1206727841832,743.6622208686688,615.7322080364924,766.0506856163596
Q-CL-MCS-01,aht,2026-10-09,673.184969066769,WeekdayAverage,620.4141950245262,725.9557431090118,598.0257302768354,748.3442078567026
Q-CL-MCS-01,aht,2026-10-10,635.5644377714199,WeekdayAverage,582.7936637291771,688.3352118136627,560.4051989814863,710.7236765613535
Q-CL-MCS-01,aht,2026-10-11,690.6210202917971,WeekdayAverage,637.8502462495543,743.3917943340399,615.4617815018635,765.7802590817307
Q-CL-MCS-01,aht,2026-10-12,654.9941676245443,WeekdayAverage,602.2233935823015,707.7649416667871,579.8349288346107,730.1534064144779
Q-CL-MCS-01,aht,2026-10-13,662.6875145237439,WeekdayAverage,609.916740481501,715.4582885659867,587.5282757338102,737.8467533136775
Q-CL-MCS-02,aht,2026-09-23,621.4202777687694,WeekdayAverage,579.4809194673041,663.3596360702347,549.7270800785516,693.1134754589873
Q-CL-MCS-02,aht,2026-09-24,601.60828407312,WeekdayAverage,559.6689257716547,643.5476423745853,529.9150863829021,673.3014817633378
Q-CL-MCS-02,aht,2026-09-25,624.8512019795937,WeekdayAverage,582.9118436781284,666.790560281059,553.1580042893759,696.5443996698116
Q-CL-MCS-02,aht,2026-09-26,608.1787266910959,WeekdayAverage,566.2393683896306,650.1180849925612,536.485529000878,679.8719243813138
Q-CL-MCS-02,aht,2026-09-27,600.2629344830516,WeekdayAverage,558.3235761815863,642.2022927845169,528.5697367928337,671.9561321732695
Q-CL-MCS-02,aht,2026-09-28,591.1200650975801,WeekdayAverage,549.1807067961148,633.0594233990454,519.4268674073622,662.813262787798
Q-CL-MCS-02,aht,2026-09-29,595.5555905212273,WeekdayAverage,553.616232219762,637.4949488226925,523.8623928310094,667.2487882114451
Q-CL-MCS-02,aht,2026-09-30,621.4202777687694,WeekdayAverage,576.1019816218696,666.7385739156692,537.4937230180965,705.3468325194424
Q-CL-MCS-02,aht,2026-10-01,601.60828407312,WeekdayAverage,556.2899879262202,646.9265802200198,517.681729322447,685.5348388237929
Q-CL-MCS-02,aht,2026-10-02,624.8512019795937,WeekdayAverage,579.5329058326939,670.1694981264935,540.9246472289208,708.7777567302667
Q-CL-MCS-02,aht,2026-10-03,608.1787266910959,WeekdayAverage,562.8604305441961,653.4970228379957,524.252171940423,692.1052814417689
Q-CL-MCS-02,aht,2026-10-04,600.2629344830516,WeekdayAverage,554.9446383361518,645.5812306299514,516.3363797323786,684.1894892337245
Q-CL-MCS-02,aht,2026-10-05,591.1200650975801,WeekdayAverage,545.8017689506803,636.4383612444799,507.19351034690715,675.046619848253
Q-CL-MCS-02,aht,2026-10-06,595.5555905212273,WeekdayAverage,550.2372943743275,640.873886668127,511.6290357705543,679.4821452719002
Q-CL-MCS-02,aht,2026-10-07,621.4202777687694,WeekdayAverage,571.5454895829274,671.2950659546115,532.3541096345123,710.4864459030266
Q-CL-MCS-02,aht,2026-10-08,601.60828407312,WeekdayAverage,551.733495887278,651.483072258962,512.5421159388628,690.6744522073772
Q-CL-MCS-02,aht,2026-10-09,624.8512019795937,WeekdayAverage,574.9764137937517,674.7259901654357,535.7850338453366,713.9173701138509
Q-CL-MCS-02,aht,2026-10-10,608.1787266910959,WeekdayAverage,558.3039385052539,658.0535148769379,519.1125585568387,697.2448948253531
Q-CL-MCS-02,aht,2026-10-11,600.2629344830516,WeekdayAverage,550.3881462972096,650.1377226688936,511.1967663487944,689.3291026173088
Q-CL-MCS-02,aht,2026-10-12,591.1200650975801,WeekdayAverage,541.2452769117381,640.9948532834221,502.0538969633229,680.1862332318373
Q-CL-MCS-02,aht,2026-10-13,595.5555905212273,WeekdayAverage,545.6808023353852,645.4303787070693,506.4894223869701,684.6217586554844
Q-CL-MCS-03,aht,2026-09-23,479.6165892397272,WeekdayAverage,441.9684143552829,517.2647641241715,391.95071290141345,567.282465578041
Q-CL-MCS-03,aht,2026-09-24,469.24870785333144,WeekdayAverage,431.60053296888714,506.89688273777574,381.5828315150177,556.9145841916452
Q-CL-MCS-03,aht,2026-09-25,485.8627420809558,WeekdayAverage,448.2145671965115,523.5109169654002,398.19686574264205,573.5286184192696
Q-CL-MCS-03,aht,2026-09-26,478.27000798962877,WeekdayAverage,440.62183310518446,515.9181828740731,390.604131651315,565.9358843279425
Q-CL-MCS-03,aht,2026-09-27,468.8263070077702,WeekdayAverage,431.1781321233259,506.4744818922145,381.16043066945645,556.492183346084
Q-CL-MCS-03,aht,2026-09-28,468.35363063342425,WeekdayAverage,430.70545574897994,506.00180551786855,380.6877542951105,556.019506971738
Q-CL-MCS-03,aht,2026-09-29,486.1514484129481,WeekdayAverage,448.5032735285038,523.7996232973924,398.4855720746344,573.8173247512618
Q-CL-MCS-03,aht,2026-09-30,479.6165892397272,WeekdayAverage,444.46305716585584,514.7701213135986,388.87233860875347,570.3608398707009
Q-CL-MCS-03,aht,2026-10-01,469.24870785333144,WeekdayAverage,434.0951757794601,504.4022399272028,378.5044572223577,559.9929584843052
Q-CL-MCS-03,aht,2026-10-02,485.8627420809558,WeekdayAverage,450.70921000708444,521.0162741548272,395.11849144998206,576.6069927119295
Q-CL-MCS-03,aht,2026-10-03,478.27000798962877,WeekdayAverage,443.1164759157574,513.4235400635001,387.525757358655,569.0142586206025
Q-CL-MCS-03,aht,2026-10-04,468.8263070077702,WeekdayAverage,433.67277493389884,503.97983908164156,378.08205637679646,559.5705576387439
Q-CL-MCS-03,aht,2026-10-05,468.35363063342425,WeekdayAverage,433.2000985595529,503.5071627072956,377.6093800024505,559.097881264398
Q-CL-MCS-03,aht,2026-10-06,486.1514484129481,WeekdayAverage,450.99791633907677,521.3049804868194,395.4071977819744,576.8956990439219
Q-CL-MCS-03,aht,2026-10-07,479.6165892397272,WeekdayAverage,443.1200164664046,516.1131620130498,394.8141167851339,564.4190616943206
Q-CL-MCS-03,aht,2026-10-08,469.24870785333144,WeekdayAverage,432.7521350800088,505.74528062665405,384.4462353987381,554.0511803079248
Q-CL-MCS-03,aht,2026-10-09,485.8627420809558,WeekdayAverage,449.3661693076332,522.3593148542784,401.06026962636247,570.6652145355491
Q-CL-MCS-03,aht,2026-10-10,478.27000798962877,WeekdayAverage,441.77343521630615,514.7665807629514,393.46753553503544,563.072480444222
Q-CL-MCS-03,aht,2026-10-11,468.8263070077702,WeekdayAverage,432.3297342344476,505.3228797810928,384.02383455317687,553.6287794623636
Q-CL-MCS-03,aht,2026-10-12,468.35363063342425,WeekdayAverage,431.85705786010163,504.85020340674686,383.5511581788309,553.1561030880175
Q-CL-MCS-03,aht,2026-10-13,486.1514484129481,WeekdayAverage,449.6548756396255,522.6480211862707,401.3489759583548,570.9539208675415
Q-CL-MCS-04,aht,2026-09-23,660.9144704780342,WeekdayAverage,591.5074452306799,730.3214957253886,562.9111519282869,758.9177890277815
Q-CL-MCS-04,aht,2026-09-24,677.1104365797416,WeekdayAverage,607.7034113323873,746.517461827096,579.1071180299944,775.1137551294889
Q-CL-MCS-04,aht,2026-09-25,686.0371192662644,WeekdayAverage,616.6300940189101,755.4441445136188,588.0338007165171,784.0404378160117
Q-CL-MCS-04,aht,2026-09-26,675.6528762575764,WeekdayAverage,606.245851010222,745.0599015049307,577.6495577078291,773.6561948073237
Q-CL-MCS-04,aht,2026-09-27,659.0100978962375,WeekdayAverage,589.6030726488832,728.4171231435919,561.0067793464902,757.0134164459848
Q-CL-MCS-04,aht,2026-09-28,655.074691977392,WeekdayAverage,585.6676667300377,724.4817172247464,557.0713734276447,753.0780105271393
Q-CL-MCS-04,aht,2026-09-29,675.3460642768935,WeekdayAverage,605.9390390295391,744.7530895242478,577.3427457271462,773.3493828266407
Q-CL-MCS-04,aht,2026-09-30,660.9144704780342,WeekdayAverage,593.5529773606289,728.2759635954395,563.626071005422,758.2028699506465
Q-CL-MCS-04,aht,2026-10-01,677.1104365797416,WeekdayAverage,609.7489434623363,744.471929697147,579.8220371071294,774.3988360523539
Q-CL-MCS-04,aht,2026-10-02,686.0371192662644,WeekdayAverage,618.6756261488591,753.3986123836697,588.7487197936522,783.3255187388767
Q-CL-MCS-04,aht,2026-10-03,675.6528762575764,WeekdayAverage,608.2913831401711,743.0143693749817,578.3644767849642,772.9412757301886
Q-CL-MCS-04,aht,2026-10-04,659.0100978962375,WeekdayAverage,591.6486047788322,726.3715910136428,561.7216984236253,756.2984973688498
Q-CL-MCS-04,aht,2026-10-05,655.074691977392,WeekdayAverage,587.7131988599867,722.4361850947973,557.7862925047798,752.3630914500043
Q-CL-MCS-04,aht,2026-10-06,675.3460642768935,WeekdayAverage,607.9845711594882,742.7075573942988,578.0576648042812,772.6344637495057
Q-CL-MCS-04,aht,2026-10-07,660.9144704780342,WeekdayAverage,594.7112168916236,727.1177240644448,564.5062745419848,757.3226664140836
Q-CL-MCS-04,aht,2026-10-08,677.1104365797416,WeekdayAverage,610.907182993331,743.3136901661522,580.7022406436922,773.5186325157911
Q-CL-MCS-04,aht,2026-10-09,686.0371192662644,WeekdayAverage,619.8338656798538,752.240372852675,589.628923330215,782.4453152023139
Q-CL-MCS-04,aht,2026-10-10,675.6528762575764,WeekdayAverage,609.4496226711658,741.856129843987,579.244680321527,772.0610721936258
Q-CL-MCS-04,aht,2026-10-11,659.0100978962375,WeekdayAverage,592.8068443098269,725.2133514826481,562.6019019601881,755.418293832287
Q-CL-MCS-04,aht,2026-10-12,655.074691977392,WeekdayAverage,588.8714383909814,721.2779455638026,558.6664960413426,751.4828879134415
Q-CL-MCS-04,aht,2026-10-13,675.3460642768935,WeekdayAverage,609.1428106904829,741.549317863304,578.937868340844,771.7542602129429
Q-CL-MCS-05,aht,2026-09-23,540.7323506745473,WeekdayAverage,494.195935705754,587.2687656433407,463.4143030246008,618.0503983244938
Q-CL-MCS-05,aht,2026-09-24,530.429938890644,WeekdayAverage,483.8935239218507,576.9663538594374,453.11189124069756,607.7479865405905
Q-CL-MCS-05,aht,2026-09-25,557.3288940346049,WeekdayAverage,510.79247906581156,603.8653090033982,480.0108463846584,634.6469416845514
Q-CL-MCS-05,aht,2026-09-26,540.6707613145475,WeekdayAverage,494.1343463457541,587.2071762833408,463.35271366460097,617.988808964494
Q-CL-MCS-05,aht,2026-09-27,543.3427508708579,WeekdayAverage,496.8063359020646,589.8791658396513,466.0247032209114,620.6607985208044
Q-CL-MCS-05,aht,2026-09-28,551.5890309483167,WeekdayAverage,505.05261597952335,598.12544591711,474.2709832983702,628.9070785982632
Q-CL-MCS-05,aht,2026-09-29,541.9798623583712,WeekdayAverage,495.44344738957784,588.5162773271645,464.6618147084247,619.2979100083177
Q-CL-MCS-05,aht,2026-09-30,540.7323506745473,WeekdayAverage,491.247855126789,590.2168462223057,481.10435361361647,600.3603477354782
Q-CL-MCS-05,aht,2026-10-01,530.429938890644,WeekdayAverage,480.9454433428857,579.9144344384024,470.8019418297132,590.0579359515749
Q-CL-MCS-05,aht,2026-10-02,557.3288940346049,WeekdayAverage,507.84439848684656,606.8133895823632,497.70089697367405,616.9568910955358
Q-CL-MCS-05,aht,2026-10-03,540.6707613145475,WeekdayAverage,491.1862657667891,590.1552568623058,481.0427642536166,600.2987583754783
Q-CL-MCS-05,aht,2026-10-04,543.3427508708579,WeekdayAverage,493.85825532309957,592.8272464186163,483.71475380992706,602.9707479317888
Q-CL-MCS-05,aht,2026-10-05,551.5890309483167,WeekdayAverage,502.10453540055835,601.073526496075,491.96103388738584,611.2170280092475
Q-CL-MCS-05,aht,2026-10-06,541.9798623583712,WeekdayAverage,492.49536681061284,591.4643579061295,482.3518652974403,601.607859419302
Q-CL-MCS-05,aht,2026-10-07,540.7323506745473,WeekdayAverage,501.83712681558177,579.6275745335129,472.81648518667566,608.648216162419
Q-CL-MCS-05,aht,2026-10-08,530.429938890644,WeekdayAverage,491.5347150316785,569.3251627496096,462.5140734027724,598.3458043785157
Q-CL-MCS-05,aht,2026-10-09,557.3288940346049,WeekdayAverage,518.4336701756393,596.2241178935705,489.41302854673324,625.2447595224766
Q-CL-MCS-05,aht,2026-10-10,540.6707613145475,WeekdayAverage,501.7755374555819,579.565985173513,472.7548958266758,608.5866268024191
Q-CL-MCS-05,aht,2026-10-11,543.3427508708579,WeekdayAverage,504.44752701189236,582.2379747298235,475.42688538298626,611.2586163587296
Q-CL-MCS-05,aht,2026-10-12,551.5890309483167,WeekdayAverage,512.6938070893511,590.4842548072822,483.67316546044503,619.5048964361883
Q-CL-MCS-05,aht,2026-10-13,541.9798623583712,WeekdayAverage,503.0846384994056,580.8750862173367,474.0639968704995,609.8957278462428
Q-CL-PAH-01,aht,2026-09-23,884.1705800621987,WeekdayAverage,836.4158090611189,931.9253510632785,765.5955725649976,1002.7455875593998
Q-CL-PAH-01,aht,2026-09-24,815.4102685692104,WeekdayAverage,767.6554975681306,863.1650395702902,696.8352610720093,933.9852760664115
Q-CL-PAH-01,aht,2026-09-25,839.7707991343964,WeekdayAverage,792.0160281333166,887.5255701354762,721.1957916371953,958.3458066315975
Q-CL-PAH-01,aht,2026-09-26,869.5123929886179,WeekdayAverage,821.7576219875381,917.2671639896977,750.9373854914168,988.087400485819
Q-CL-PAH-01,aht,2026-09-27,836.9540737185184,WeekdayAverage,789.1993027174386,884.7088447195982,718.3790662213173,955.5290812157195
Q-CL-PAH-01,aht,2026-09-28,877.604303363478,WeekdayAverage,829.8495323623982,925.3590743645578,759.0292958662769,996.1793108606792
Q-CL-PAH-01,aht,2026-09-29,864.8908912810066,WeekdayAverage,817.1361202799268,912.6456622820864,746.3158837838055,983.4658987782077
Q-CL-PAH-01,aht,2026-09-30,884.1705800621987,WeekdayAverage,834.6852553493911,933.6559047750063,755.332751613346,1013.0084085110515
Q-CL-PAH-01,aht,2026-10-01,815.4102685692104,WeekdayAverage,765.9249438564028,864.895593282018,686.5724401203577,944.2480970180632
Q-CL-PAH-01,aht,2026-10-02,839.7707991343964,WeekdayAverage,790.2854744215888,889.256123847204,710.9329706855436,968.6086275832491
Q-CL-PAH-01,aht,2026-10-03,869.5123929886179,WeekdayAverage,820.0270682758103,918.9977177014255,740.6745645397651,998.3502214374706
Q-CL-PAH-01,aht,2026-10-04,836.9540737185184,WeekdayAverage,787.4687490057108,886.439398431326,708.1162452696657,965.7919021673712
Q-CL-PAH-01,aht,2026-10-05,877.604303363478,WeekdayAverage,828.1189786506704,927.0896280762856,748.7664749146253,1006.4421318123308
Q-CL-PAH-01,aht,2026-10-06,864.8908912810066,WeekdayAverage,815.405566568199,914.3762159938142,736.0530628321538,993.7287197298593
Q-CL-PAH-01,aht,2026-10-07,884.1705800621987,WeekdayAverage,819.7002190841258,948.6409410402716,772.8352230019564,995.5059371224411
Q-CL-PAH-01,aht,2026-10-08,815.4102685692104,WeekdayAverage,750.9399075911375,879.8806295472833,704.0749115089681,926.7456256294528
Q-CL-PAH-01,aht,2026-10-09,839.7707991343964,WeekdayAverage,775.3004381563235,904.2411601124693,728.435442074154,951.1061561946387
Q-CL-PAH-01,aht,2026-10-10,869.5123929886179,WeekdayAverage,805.042032010545,933.9827539666908,758.1770359283755,980.8477500488602
Q-CL-PAH-01,aht,2026-10-11,836.9540737185184,WeekdayAverage,772.4837127404455,901.4244346965913,725.6187166582761,948.2894307787608
Q-CL-PAH-01,aht,2026-10-12,877.604303363478,WeekdayAverage,813.1339423854051,942.0746643415509,766.2689463032357,988.9396604237204
Q-CL-PAH-01,aht,2026-10-13,864.8908912810066,WeekdayAverage,800.4205303029337,929.3612522590795,753.5555342207642,976.226248341249
Q-CL-PAH-02,aht,2026-09-23,730.4478907634159,WeekdayAverage,672.7700411404862,788.1257403863456,629.4353261068384,831.4604554199934
Q-CL-PAH-02,aht,2026-09-24,699.236424837392,WeekdayAverage,641.5585752144623,756.9142744603216,598.2238601808144,800.2489894939695
Q-CL-PAH-02,aht,2026-09-25,745.3724757944819,WeekdayAverage,687.6946261715523,803.0503254174116,644.3599111379044,846.3850404510595
Q-CL-PAH-02,aht,2026-09-26,720.3891322414437,WeekdayAverage,662.711282618514,778.0669818643734,619.3765675848662,821.4016968980212
Q-CL-PAH-02,aht,2026-09-27,703.9335707704205,WeekdayAverage,646.2557211474908,761.6114203933502,602.921006113843,804.946135426998
Q-CL-PAH-02,aht,2026-09-28,716.4346478531965,WeekdayAverage,658.7567982302668,774.1124974761261,615.4220831966189,817.447212509774
Q-CL-PAH-02,aht,2026-09-29,742.5881263060276,WeekdayAverage,684.9102766830979,800.2659759289572,641.57556164945,843.6006909626051
Q-CL-PAH-02,aht,2026-09-30,730.4478907634159,WeekdayAverage,669.4182247815428,791.477556745289,629.7026136363183,831.1931678905135
Q-CL-PAH-02,aht,2026-10-01,699.236424837392,WeekdayAverage,638.2067588555188,760.2660908192651,598.4911477102944,799.9817019644895
Q-CL-PAH-02,aht,2026-10-02,745.3724757944819,WeekdayAverage,684.3428098126088,806.402141776355,644.6271986673844,846.1177529215795
Q-CL-PAH-02,aht,2026-10-03,720.3891322414437,WeekdayAverage,659.3594662595706,781.4187982233168,619.6438551143461,821.1344093685412
Q-CL-PAH-02,aht,2026-10-04,703.9335707704205,WeekdayAverage,642.9039047885474,764.9632367522936,603.1882936433229,804.678847897518
Q-CL-PAH-02,aht,2026-10-05,716.4346478531965,WeekdayAverage,655.4049818713233,777.4643138350696,615.6893707260989,817.179924980294
Q-CL-PAH-02,aht,2026-10-06,742.5881263060276,WeekdayAverage,681.5584603241545,803.6177922879007,641.84284917893,843.3334034331251
Q-CL-PAH-02,aht,2026-10-07,730.4478907634159,WeekdayAverage,671.8605211049955,789.0352604218363,635.7779307297276,825.1178507971042
Q-CL-PAH-02,aht,2026-10-08,699.236424837392,WeekdayAverage,640.6490551789716,757.8237944958123,604.5664648037036,793.9063848710803
Q-CL-PAH-02,aht,2026-10-09,745.3724757944819,WeekdayAverage,686.7851061360616,803.9598454529023,650.7025157607936,840.0424358281703
Q-CL-PAH-02,aht,2026-10-10,720.3891322414437,WeekdayAverage,661.8017625830233,778.976501899864,625.7191722077554,815.059092275132
Q-CL-PAH-02,aht,2026-10-11,703.9335707704205,WeekdayAverage,645.3462011120001,762.5209404288408,609.2636107367322,798.6035308041088
Q-CL-PAH-02,aht,2026-10-12,716.4346478531965,WeekdayAverage,657.8472781947761,775.0220175116168,621.7646878195081,811.1046078868848
Q-CL-PAH-02,aht,2026-10-13,742.5881263060276,WeekdayAverage,684.0007566476072,801.1754959644479,647.9181662723392,837.2580863397159
Q-CL-PAH-03,aht,2026-09-23,694.9835663313228,WeekdayAverage,647.7322620804322,742.2348705822134,626.5114041865532,763.4557284760923
Q-CL-PAH-03,aht,2026-09-24,680.3141966665437,WeekdayAverage,633.0628924156531,727.5655009174343,611.8420345217742,748.7863588113132
Q-CL-PAH-03,aht,2026-09-25,642.5159441579685,WeekdayAverage,595.2646399070779,689.7672484088591,574.043782013199,710.9881063027381
Q-CL-PAH-03,aht,2026-09-26,643.7289165094988,WeekdayAverage,596.4776122586082,690.9802207603894,575.2567543647293,712.2010786542684
Q-CL-PAH-03,aht,2026-09-27,669.9618752083957,WeekdayAverage,622.7105709575051,717.2131794592863,601.4897130636261,738.4340373531652
Q-CL-PAH-03,aht,2026-09-28,676.6043957242823,WeekdayAverage,629.3530914733917,723.8556999751729,608.1322335795128,745.0765578690518
Q-CL-PAH-03,aht,2026-09-29,681.6930583096024,WeekdayAverage,634.4417540587118,728.944362560493,613.2208961648329,750.1652204543719
Q-CL-PAH-03,aht,2026-09-30,694.9835663313228,WeekdayAverage,645.2625069285682,744.7046257340774,629.2807092432552,760.6864234193904
Q-CL-PAH-03,aht,2026-10-01,680.3141966665437,WeekdayAverage,630.5931372637891,730.0352560692983,614.6113395784761,746.0170537546113
Q-CL-PAH-03,aht,2026-10-02,642.5159441579685,WeekdayAverage,592.794884755214,692.2370035607231,576.8130870699009,708.2188012460362
Q-CL-PAH-03,aht,2026-10-03,643.7289165094988,WeekdayAverage,594.0078571067443,693.4499759122534,578.0260594214312,709.4317735975665
Q-CL-PAH-03,aht,2026-10-04,669.9618752083957,WeekdayAverage,620.2408158056411,719.6829346111502,604.259018120328,735.6647322964633
Q-CL-PAH-03,aht,2026-10-05,676.6043957242823,WeekdayAverage,626.8833363215277,726.3254551270369,610.9015386362147,742.3072528123499
Q-CL-PAH-03,aht,2026-10-06,681.6930583096024,WeekdayAverage,631.9719989068478,731.414117712357,615.9902012215348,747.39591539767
Q-CL-PAH-03,aht,2026-10-07,694.9835663313228,WeekdayAverage,640.0281875052686,749.9389451573769,617.3542752342246,772.612857428421
Q-CL-PAH-03,aht,2026-10-08,680.3141966665437,WeekdayAverage,625.3588178404896,735.2695754925978,602.6849055694455,757.9434877636419
Q-CL-PAH-03,aht,2026-10-09,642.5159441579685,WeekdayAverage,587.5605653319144,697.4713229840227,564.8866530608703,720.1452352550667
Q-CL-PAH-03,aht,2026-10-10,643.7289165094988,WeekdayAverage,588.7735376834447,698.684295335553,566.0996254124007,721.358207606597
Q-CL-PAH-03,aht,2026-10-11,669.9618752083957,WeekdayAverage,615.0064963823415,724.9172540344498,592.3325841112975,747.5911663054939
Q-CL-PAH-03,aht,2026-10-12,676.6043957242823,WeekdayAverage,621.6490168982282,731.5597745503364,598.9751046271841,754.2336868213805
Q-CL-PAH-03,aht,2026-10-13,681.6930583096024,WeekdayAverage,626.7376794835483,736.6484371356565,604.0637672125042,759.3223494067006
Q-CL-PAH-04,aht,2026-09-23,619.1258708108626,WeekdayAverage,559.268683779472,678.9830578422532,517.1228774885061,721.128864133219
Q-CL-PAH-04,aht,2026-09-24,616.8530829944988,WeekdayAverage,556.9958959631082,676.7102700258894,514.8500896721423,718.8560763168553
Q-CL-PAH-04,aht,2026-09-25,591.9677682524546,WeekdayAverage,532.110581221064,651.8249552838452,489.9647749300981,693.970761574811
Q-CL-PAH-04,aht,2026-09-26,623.9242560315807,WeekdayAverage,564.0670690001901,683.7814430629713,521.9212627092243,725.9272493539372
Q-CL-PAH-04,aht,2026-09-27,646.2465537283136,WeekdayAverage,586.389366696923,706.1037407597042,544.2435604059572,748.2495470506701
Q-CL-PAH-04,aht,2026-09-28,625.5568585454334,WeekdayAverage,565.6996715140428,685.414045576824,523.553865223077,727.5598518677899
Q-CL-PAH-04,aht,2026-09-29,608.886815912088,WeekdayAverage,549.0296288806974,668.7440029434786,506.8838225897315,710.8898092344444
Q-CL-PAH-04,aht,2026-09-30,619.1258708108626,WeekdayAverage,558.0418091529258,680.2099324687994,537.1403887286851,701.11135289304
Q-CL-PAH-04,aht,2026-10-01,616.8530829944988,WeekdayAverage,555.769021336562,677.9371446524356,534.8676009123213,698.8385650766762
Q-CL-PAH-04,aht,2026-10-02,591.9677682524546,WeekdayAverage,530.8837065945178,653.0518299103913,509.9822861702771,673.953250334632
Q-CL-PAH-04,aht,2026-10-03,623.9242560315807,WeekdayAverage,562.840194373644,685.0083176895175,541.9387739494033,705.9097381137582
Q-CL-PAH-04,aht,2026-10-04,646.2465537283136,WeekdayAverage,585.1624920703769,707.3306153862504,564.2610716461362,728.2320358104911
Q-CL-PAH-04,aht,2026-10-05,625.5568585454334,WeekdayAverage,564.4727968874967,686.6409202033702,543.571376463256,707.5423406276109
Q-CL-PAH-04,aht,2026-10-06,608.886815912088,WeekdayAverage,547.8027542541512,669.9708775700248,526.9013338299105,690.8722979942654
Q-CL-PAH-04,aht,2026-10-07,619.1258708108626,WeekdayAverage,561.8119207637369,676.4398208579883,534.3944503457266,703.8572912759986
Q-CL-PAH-04,aht,2026-10-08,616.8530829944988,WeekdayAverage,559.5391329473731,674.1670330416244,532.1216625293628,701.5845034596348
Q-CL-PAH-04,aht,2026-10-09,591.9677682524546,WeekdayAverage,534.6538182053289,649.2817182995802,507.23634778731855,676.6991887175906
Q-CL-PAH-04,aht,2026-10-10,623.9242560315807,WeekdayAverage,566.6103059844551,681.2382060787064,539.1928355664447,708.6556764967168
Q-CL-PAH-04,aht,2026-10-11,646.2465537283136,WeekdayAverage,588.932603681188,703.5605037754393,561.5151332631776,730.9779741934497
Q-CL-PAH-04,aht,2026-10-12,625.5568585454334,WeekdayAverage,568.2429084983078,682.8708085925591,540.8254380802974,710.2882790105695
Q-CL-PAH-04,aht,2026-10-13,608.886815912088,WeekdayAverage,551.5728658649623,666.2007659592136,524.155395446952,693.618236377224
Q-CL-PAH-05,aht,2026-09-23,567.0056591986845,WeekdayAverage,521.8557354556881,612.1555829416809,496.6451854721716,637.3661329251975
Q-CL-PAH-05,aht,2026-09-24,528.7131649798154,WeekdayAverage,483.56324123681895,573.8630887228118,458.35269125330245,599.0736387063282
Q-CL-PAH-05,aht,2026-09-25,546.283252023356,WeekdayAverage,501.1333282803596,591.4331757663524,475.9227782968431,616.643725749869
Q-CL-PAH-05,aht,2026-09-26,529.1859016621846,WeekdayAverage,484.0359779191882,574.335825405181,458.8254279356717,599.5463753886975
Q-CL-PAH-05,aht,2026-09-27,559.4944593768857,WeekdayAverage,514.3445356338893,604.6443831198821,489.13398565037284,629.8549331033987
Q-CL-PAH-05,aht,2026-09-28,530.0161585325827,WeekdayAverage,484.8662347895863,575.1660822755791,459.6556848060698,600.3766322590957
Q-CL-PAH-05,aht,2026-09-29,540.7180050899173,WeekdayAverage,495.56808134692085,585.8679288329137,470.35753136340435,611.0784788164301
Q-CL-PAH-05,aht,2026-09-30,567.0056591986845,WeekdayAverage,529.3788651586501,604.6324532387189,498.87757463978176,635.1337437575872
Q-CL-PAH-05,aht,2026-10-01,528.7131649798154,WeekdayAverage,491.086370939781,566.3399590198497,460.5850804209126,596.8412495387181
Q-CL-PAH-05,aht,2026-10-02,546.283252023356,WeekdayAverage,508.6564579833216,583.9100460633904,478.15516746445326,614.4113365822587
Q-CL-PAH-05,aht,2026-10-03,529.1859016621846,WeekdayAverage,491.55910762215024,566.812695702219,461.0578171032819,597.3139862210874
Q-CL-PAH-05,aht,2026-10-04,559.4944593768857,WeekdayAverage,521.8676653368514,597.1212534169201,491.366374817983,627.6225439357885
Q-CL-PAH-05,aht,2026-10-05,530.0161585325827,WeekdayAverage,492.38936449254834,567.6429525726171,461.88807397368,598.1442430914855
Q-CL-PAH-05,aht,2026-10-06,540.7180050899173,WeekdayAverage,503.0912110498829,578.3447991299516,472.5899205310145,608.84608964882
Q-CL-PAH-05,aht,2026-10-07,567.0056591986845,WeekdayAverage,526.3709828033806,607.6403355939884,493.52731080547966,640.4840075918894
Q-CL-PAH-05,aht,2026-10-08,528.7131649798154,WeekdayAverage,488.07848858451143,569.3478413751193,455.2348165866105,602.1915133730201
Q-CL-PAH-05,aht,2026-10-09,546.283252023356,WeekdayAverage,505.6485756280521,586.9179284186599,472.80490363015116,619.7616004165609
Q-CL-PAH-05,aht,2026-10-10,529.1859016621846,WeekdayAverage,488.5512252668807,569.8205780574885,455.7075532689798,602.6642500553894
Q-CL-PAH-05,aht,2026-10-11,559.4944593768857,WeekdayAverage,518.8597829815818,600.1291357721897,486.0161109836809,632.9728077700906
Q-CL-PAH-05,aht,2026-10-12,530.0161585325827,WeekdayAverage,489.3814821372788,570.6508349278866,456.5378101393779,603.4945069257876
Q-CL-PAH-05,aht,2026-10-13,540.7180050899173,WeekdayAverage,500.08332869461333,581.3526814852212,467.2396566967124,614.196353483122
